Time,Torque,Angle
0.0003775805967975998,-0.6070631211634705,85.9583280193066
0.0008775861494498827,-0.6071343606813752,85.95856286453584
0.001377591702109271,-0.6072081003230747,85.95880138183622
0.0018775972547615538,-0.6072842060258503,85.95904308290248
0.002377602807420942,-0.6073625379205262,85.95928745972044
0.002877608360073225,-0.6074429509564353,85.9595339868647
0.0033776139127326132,-0.6075252955450472,85.95978212386495
0.003877619465384896,-0.6076094182214737,85.96003131763771
0.004377625018044284,-0.607695162322323,85.96028100497792
0.004877630570696567,-0.6077823686782178,85.96053061510428
0.0053776361233559555,-0.6078708763187177,85.9607795722499
0.005877641676008238,-0.6079605231866898,85.96102729828732
0.006377647228667627,-0.6080511468572631,85.96127321537003
0.0068776527813199095,-0.6081425852546811,85.96151674856566
0.007377658333979298,-0.6082346773591327,85.96175732845187
0.00787766388663158,-0.608327263896353,85.96199439364804
0.008377669439290969,-0.6084201880042742,85.9622273932618
0.008877674991943252,-0.6085132958732049,85.96245578923737
0.00937768054460264,-0.6086064373574955,85.96267905859824
0.009877686097254923,-0.6086994665574385,85.9628966955794
0.010377691649914311,-0.6087922423703012,85.96310821364526
0.010877697202566594,-0.6088846290097675,85.96331314739054
0.011377702755225982,-0.6089764964935053,85.96351105432294
0.011877708307878265,-0.6090677210992517,85.96370151652923
0.012377713860537654,-0.6091581857902028,85.96388414222761
0.012877719413189936,-0.609247780610369,85.96405856720881
0.013377724965849325,-0.6093364030503248,85.96422445616741
0.013877730518501608,-0.6094239583835852,85.96438150392437
0.014377736071160996,-0.6095103599733661,85.96452943653986
0.014877741623813279,-0.6095955295499034,85.96466801231699
0.015377747176472667,-0.6096793974584025,85.9647970226968
0.01587775272912495,-0.6097619028782203,85.9649162930466
0.016377758281784338,-0.609842994012946,85.96502568334063
0.01687776383443662,-0.6099226282490791,85.96512508872439
0.01737776938709601,-0.6100007722775572,85.96521443994143
0.017877774939748292,-0.610077402169968,85.96529370359269
0.01837778049240768,-0.6101525034000903,85.96536288219356
0.018877786045059963,-0.6102260708021132,85.96542201399686
0.01937779159771935,-0.6102981084581282,85.96547117255452
0.019877797150371634,-0.6103686295090887,85.96551046599637
0.020377802703031023,-0.6104376558842417,85.96554003600764
0.020877808255683306,-0.6105052179444495,85.96556005648833
0.021377813808342694,-0.6105713540363404,85.96557073188315
0.021877819360994977,-0.6106361099566047,85.96557229517938
0.022377824913654365,-0.6106995383291143,85.96556500558266
0.022877830466306648,-0.6107616979005164,85.96554914589166
0.023377836018966036,-0.6108226527624473,85.96552501960142
0.02387784157161832,-0.6108824715102062,85.96549294777196
0.024377847124277707,-0.6109412263483759,85.96545326570087
0.02487785267692999,-0.6109989921538094,85.96540631943807
0.02537785822958938,-0.6110558455057062,85.96535246217897
0.02587786378224166,-0.6111118636923559,85.96529205057114
0.02637786933490105,-0.6111671237047114,85.96522544097232
0.026877874887553332,-0.611221701228074,85.96515298570105
0.02737788044021272,-0.6112756696432301,85.96507502932197
0.027877885992865004,-0.61132909904839,85.9649919050078
0.028377891545524392,-0.6113820553137543,85.96490393102155
0.028877897098176675,-0.6114345991817292,85.96481140736688
0.029377902650836063,-0.6114867854272221,85.96471461266037
0.029877908203488346,-0.6115386620924717,85.96461380127845
0.030377913756147734,-0.6115902698084987,85.96450920082415
0.030877919308800017,-0.6116416412123158,85.96440100994715
0.031377924861459405,-0.6116928004650768,85.9642893965363
0.03187793041411169,-0.6117437628731384,85.96417449629192
0.032377935966771076,-0.6117945346105909,85.96405641167264
0.03287794151942336,-0.6118451125386537,85.96393521119967
0.03337794707208275,-0.61189548411527,85.963810929094
0.03387795262473503,-0.6119456273876165,85.96368356521958
0.03437795817739442,-0.6119955110612063,85.96355308530921
0.0348779637300467,-0.6120450946411675,85.96341942145685
0.03537796928270609,-0.6120943286435283,85.96328247286827
0.03587797483535837,-0.6121431548762367,85.96314210686916
0.03637798038801776,-0.6121915067907188,85.96299816017358
0.036877985940670044,-0.6122393099047713,85.96285044041579
0.03737799149332943,-0.6122864822960337,85.96269872794264
0.037877997045981715,-0.6123329351630843,85.96254277785557
0.0383780025986411,-0.6123785734483944,85.96238232228114
0.038878008151293386,-0.6124232965149514,85.96221707283956
0.039378013703952774,-0.6124669988664837,85.96204672327441
0.03987801925660506,-0.6125095709002353,85.96187095220249
0.04037802480926356,-0.6125508996808369,85.96168942594178
0.04087803036191673,-0.6125908697230102,85.961501801372
0.04137803591457612,-0.612629363770627,85.96130772878183
0.0418780414672284,-0.612666263559408,85.96110685465604
0.04237804701988779,-0.6127014505509671,85.96089882435682
0.04287805257254007,-0.6127348066264133,85.96068328465601
0.04337805812520035,-0.6127662147290553,85.96045988607972
0.04387806367785174,-0.6127955594484304,85.96022828503638
0.04437806923051113,-0.6128227275415741,85.95998814571341
0.04487807478316341,-0.6128476083917026,85.959739141743
0.0453780803358228,-0.6128700944087669,85.95948095765354
0.045878085888475084,-0.612890081380101,85.95921329013704
0.04637809144113536,-0.6129074687824225,85.95893584917417
0.046878096993786755,-0.6129221600671851,85.95864835906107
0.047378102546446144,-0.612934062930119,85.95835055937825
0.047878108099098426,-0.6129430895732109,85.95804220593165
0.048378113651757815,-0.6129491569650809,85.9577230716882
0.0488781192044101,-0.6129521871044197,85.95739294772304
0.049378124757069486,-0.6129521072911552,85.95705164419542
0.04987813030972177,-0.6129488504102234,85.95669899137164
0.05037813586238116,-0.6129423552337855,85.95633484071638
0.05087814141503344,-0.6129325667474022,85.95595906607277
0.05137814696769283,-0.6129194365051973,85.95557156494993
0.05187815252034511,-0.6129029230167575,85.9551722599281
0.0523781580730045,-0.612882992165829,85.95476110018144
0.05287816362565678,-0.6128596176579497,85.9543380631082
0.05337816917831617,-0.6128327814922017,85.95390315605022
0.05387817473096845,-0.6128024744509949,85.95345641807961
0.05437818028362784,-0.6127686966015334,85.95299792182894
0.054878185836280124,-0.6127314578024234,85.95252777534077
0.0553781913889404,-0.6126907782085451,85.95204612391149
0.055878196941591796,-0.6126466887668713,85.95155315190189
0.056378202494251184,-0.6125992316944788,85.95104908448285
0.056878208046904355,-0.612548460928928,85.9505341892792
0.057378213599562855,-0.6124944425395589,85.95000877787001
0.05787821915221514,-0.6124372550873531,85.94947320709932
0.058378224704874526,-0.6123769899203253,85.94892788014951
0.05887823025752681,-0.6123137513924852,85.9483732473329
0.0593782358101862,-0.6122476569956522,85.94780980656213
0.05987824136283937,-0.612178837395921,85.94723810346912
0.06037824691549787,-0.6121074363684517,85.94665873114891
0.06087825246815015,-0.612033610625851,85.94607232951144
0.06137825802080954,-0.6119575295364359,85.94547958422687
0.06187826357346182,-0.6118793747297457,85.94488122525556
0.06237826912612121,-0.6117993395889947,85.94427802496057
0.0628782746787735,-0.6117176286326431,85.94367079581171
0.06337828023143288,-0.611634456790643,85.94306038770083
0.06387828578408516,-0.6115500485839962,85.94244768490066
0.06437829133674455,-0.6114646372184,85.94183360270688
0.06487829688939684,-0.6113784636042277,85.94121908380868
0.06537830244205622,-0.611291775314974,85.94060509443233
0.06587830799470851,-0.6112048254958438,85.93999262030123
0.0663783135473679,-0.6111178717339776,85.93938266245463
0.06687831910002018,-0.6110311749029853,85.93877623297186
0.06737832465267957,-0.6109449979957333,85.93817435065364
0.06787833020533185,-0.6108596049606522,85.93757803671662
0.06837833575799124,-0.6107752595571599,85.93698831055903
0.06887834131064441,-0.6106922242455073,85.93640618565381
0.06937834686330291,-0.6106107591250947,85.93583266562094
0.06987835241595519,-0.6105311209327118,85.93526874052168
0.07037835796861458,-0.6104535621097535,85.93471538340766
0.07087836352126686,-0.6103783299451959,85.93417354715038
0.07137836907392625,-0.6103056658002117,85.93364416157239
0.07187837462657853,-0.6102358044191598,85.93312813089793
0.07237838017923792,-0.6101689733309976,85.93262633153797
0.0728783857318902,-0.6101053923441275,85.93213961022067
0.0733783912845496,-0.6100452731361408,85.93166878247267
0.07387839683720188,-0.6099888189373206,85.93121463144725
0.07437840238986126,-0.6099362243033271,85.93077790708219
0.07487840794251355,-0.6098876749696346,85.93035932556005
0.07537841349517294,-0.6098433477790366,85.9299595690388
0.07587841904782522,-0.6098034106738537,85.9295792856219
0.0763784246004846,-0.6097680227450535,85.92921908953906
0.07687843015313689,-0.6097373343303553,85.92887956150844
0.07737843570579628,-0.6097114871536716,85.92856124925206
0.07787844125844856,-0.6096906144987241,85.92826466813784
0.07837844681110795,-0.6096748414099185,85.92799030192299
0.07887845236376023,-0.6096642849131634,85.92773860357143
0.07937845791641962,-0.6096590542483817,85.92750999611502
0.0798784634690719,-0.6096592511048565,85.92730487352574
0.08037846902173129,-0.6096649698507297,85.92712360156679
0.08087847457438357,-0.6096762977486632,85.9269665185931
0.08137848012704296,-0.609693315150302,85.92683393627411
0.08187848567969525,-0.609716095662835,85.92672614021392
0.08237849123235463,-0.6097447062823773,85.92664339044953
0.08287849678500692,-0.6097792074896597,85.92658592181027
0.0833785023376663,-0.6098196533047577,85.92655394412647
0.08387850789031859,-0.6098660912979322,85.92654764227659
0.08437851344297798,-0.6099185625542793,85.92656717606417
0.08487851899563026,-0.6099771015906169,85.92661267991892
0.08537852454828965,-0.6100417362241508,85.92668426242008
0.08587853010094193,-0.6101124873931421,85.92678200564319
0.08637853565360132,-0.6101893689302524,85.92690596433228
0.0868785412062536,-0.6102723872893387,85.92705616490079
0.08737854675891299,-0.6103615412272342,85.92723260426666
0.08787855231156527,-0.6104568214427064,85.92743524852966
0.08837855786422466,-0.610558210175381,85.9276640315014
0.08887856341687694,-0.6106656807682631,85.92791885310113
0.08937856896953633,-0.6107791971989351,85.92819957763669
0.08987857452218861,-0.6108987135871156,85.92850603199815
0.090378580074848,-0.6110241736887698,85.92883800380253
0.09087858562750029,-0.6111555103882917,85.92919523953157
0.09137859118015967,-0.6112926452004588,85.92957744270628
0.09187859673281196,-0.6114354877934153,85.92998427213931
0.09237860228547135,-0.6115839355440325,85.9304153403074
0.09287860783812363,-0.6117378731376799,85.93087021188822
0.09337861339078302,-0.611897172224571,85.93134840250646
0.0938786189434353,-0.6120616911442139,85.93184937773177
0.09437862449609469,-0.6122312747274538,85.93237255236367
0.09487863004874697,-0.6124057541837126,85.93291729003138
0.09537863560140636,-0.6125849470789879,85.93348290312895
0.09587864115405864,-0.6127686574085982,85.93406865310072
0.09637864670671803,-0.6129566757672067,85.93467375108634
0.09687865225937031,-0.6131487796174753,85.93529735892993
0.0973786578120297,-0.6133447336572884,85.93593859055377
0.09787866336468198,-0.6135442902840251,85.93659651369033
0.09837866891734137,-0.6137471901523135,85.93727015195978
0.09887867446999365,-0.6139531628201041,85.93795848727359
0.09937868002265304,-0.6141619274765497,85.93866046254053
0.09987868557530533,-0.6143731937453176,85.93937498465101
0.10037869112796471,-0.6145866625568965,85.94010092771649
0.100878696680617,-0.6148020270841517,85.94083713654223
0.10137870223327639,-0.6150189737351006,85.94158243031137
0.10187870778592867,-0.6152371831969983,85.94233560645856
0.10237871333858806,-0.6154563315260797,85.94309544471176
0.10287871889124034,-0.6156760912771578,85.94386071128156
0.10337872444389973,-0.6158961326668204,85.94463016317405
0.10387872999655201,-0.6161161247616807,85.94540255259626
0.1043787355492114,-0.616335736680823,85.94617663141383
0.10487874110186368,-0.6165546387999885,85.94695115561493
0.10537874665452307,-0.6167725039447556,85.9477248897333
0.10587875220717535,-0.6169890085610543,85.94849661118758
0.10637875775983474,-0.6172038338530523,85.94926511449984
0.10687876331248702,-0.6174166668805356,85.95002921536442
0.10737876886514641,-0.6176272016090849,85.95078775454235
0.1078787744177987,-0.6178351399064308,85.95153960155673
0.10837877997045808,-0.6180401924774667,85.9522836581617
0.10887878552311037,-0.6182420797299176,85.95301886155491
0.10937879107576975,-0.6184405325624763,85.95374418730378
0.10987879662842204,-0.6186352930691805,85.9544586519624
0.11037880218108143,-0.6188261151566636,85.95516131536635
0.11087880773373371,-0.6190127650741577,85.95585128260562
0.1113788132863931,-0.6191950218590221,85.95652770568523
0.11187881883904538,-0.6193726777030686,85.95718978489347
0.11237882439170477,-0.6195455382471132,85.9578367699051
0.11287882994435705,-0.6197134228128383,85.95846796065278
0.11337883549701644,-0.6198761645803282,85.95908270799816
0.11387884104966872,-0.6200336107184627,85.95968041422854
0.11437884660232811,-0.6201856224719507,85.96026053339358
0.1148788521549804,-0.6203320752055239,85.96082257148365
0.11537885770763978,-0.6204728584022193,85.96136608643866
0.11587886326029206,-0.6206078756105939,85.9618906879683
0.11637886881295234,-0.6207370443351568,85.96239603716252
0.11687887436560374,-0.6208602958654874,85.96288184587556
0.11737887991826312,-0.620977575041641,85.96334787587483
0.1178788854709154,-0.6210888399567686,85.96379393775777
0.1183788910235748,-0.6211940616009355,85.96421988965167
0.11887889657622708,-0.6212932234520021,85.96462563571791
0.11937890212888735,-0.6213863210208925,85.96501112448777
0.11987890768153875,-0.6214733613587862,85.9653763470576
0.12037891323419814,-0.6215543625343622,85.9657213351733
0.12087891878685042,-0.6216293530894117,85.9660461592349
0.12137892433950981,-0.6216983714814575,85.96635092625306
0.12187892989216209,-0.6217614655213266,85.9666357777867
0.12237893544482148,-0.6218186918124388,85.96690088788714
0.12287894099747376,-0.6218701151963271,85.96714646106473
0.12337894655013315,-0.6219158082073084,85.96737273028947
0.12387895210278543,-0.6219558505382429,85.9675799550322
0.12437895765544482,-0.6219903285186044,85.96776841935119
0.1248789632080971,-0.6220193346047652,85.96793843002355
0.1253789687607565,-0.6220429668804616,85.96809031471417
0.12587897431340878,-0.6220613285630573,85.96822442016584
0.12637897986606816,-0.6220745275091912,85.96834111038689
0.12687898541871956,-0.6220826757129515,85.96844076481108
0.12737899097137984,-0.6220858887906172,85.96852377640762
0.12787899652403212,-0.6220842854483152,85.96859054972816
0.1283790020766924,-0.6220779869324458,85.96864149888961
0.1288790076293438,-0.6220671164657453,85.96867704550402
0.12937901318200318,-0.6220517986752356,85.9686976165781
0.12987901873465635,-0.6220321590208264,85.96870364241505
0.13037902428731485,-0.6220083232363944,85.96869555456215
0.13087902983996713,-0.6219804167978155,85.96867378385765
0.13137903539262652,-0.6219485644343286,85.96863875863728
0.1318790409452788,-0.621912889698544,85.96859090315726
0.1323790464979382,-0.6218735146079676,85.96853063628072
0.13287905205059136,-0.6218305593663731,85.96845837045899
0.13337905760324986,-0.6217841421702133,85.96837451102641
0.13387906315590214,-0.6217343791023888,85.96827945581731
0.13437906870856153,-0.6216813841140678,85.96817359510808
0.13487907426121382,-0.6216252690941235,85.96805731188219
0.1353790798138732,-0.6215661440242908,85.9679309824115
0.1358790853665255,-0.6215041172157645,85.9677949771382
0.13637909091918488,-0.6214392956192619,85.96764966182741
0.13687909647183716,-0.6213717851959137,85.9674953989444
0.13737910202449655,-0.6213016913330078,85.9673325491971
0.13787910757714883,-0.6212291192880408,85.96716147318287
0.13837911312980822,-0.6211541746458566,85.96698253308358
0.1388791186824605,-0.6210769637770334,85.96679609436487
0.1393791242351199,-0.6209975942872544,85.96660252744218
0.13987912978777217,-0.6209161754481356,85.96640220927814
0.14037913534043156,-0.6208328185978167,85.96619552486808
0.14087914089308384,-0.6207476374977763,85.96598286856391
0.14137914644574323,-0.6206607486316089,85.96576464518354
0.1418791519983964,-0.6205722714326336,85.96554127085753
0.1423791575510549,-0.6204823284296612,85.96531317357332
0.14287916310370719,-0.6203910453027177,85.96508079338713
0.14337916865636657,-0.6202985508436023,85.96484458228419
0.14387917420901886,-0.6202049768195742,85.96460500368147
0.14437917976167824,-0.6201104577424037,85.96436253158069
0.14487918531433053,-0.6200151305485018,85.96411764939303
0.14537919086698992,-0.6199191341996122,85.96387084847052
0.1458791964196422,-0.619822609215992,85.96362262638795
0.1463792019723016,-0.6197256971557746,85.96337348502598
0.14687920752495387,-0.619628540054813,85.96312392850841
0.14737921307761326,-0.6195312798411708,85.96287446104543
0.14787921863026554,-0.6194340577368691,85.96262558472989
0.14837922418292493,-0.6193370136573975,85.96237779732525
0.1488792297355772,-0.6192402856172504,85.96213159007536
0.1493792352882366,-0.6191440091475466,85.96188744555914
0.14987924084088888,-0.6190483167315903,85.96164583561097
0.15037924639354827,-0.6189533372638492,85.96140721932767
0.15087925194620055,-0.6188591955388116,85.96117204118559
0.15137925749885994,-0.6187660117761942,85.96094072929182
0.15187926305151223,-0.6186739011883953,85.96071369379106
0.1523792686041716,-0.6185829735947852,85.96049132544566
0.1528792741568239,-0.6184933330862508,85.96027399440067
0.15337927970948328,-0.6184050777421379,85.96006204914246
0.15387928526213557,-0.6183182994019338,85.95985581565938
0.15437929081479496,-0.6182330834942026,85.95965559681336
0.15487929636744724,-0.6181495089252909,85.95946167193249
0.15537930192010663,-0.6180676480297858,85.95927429663112
0.1558793074727589,-0.617987566583218,85.95909370285989
0.1563793130254183,-0.6179093238759796,85.95892009918154
0.15687931857807058,-0.6178329728466326,85.95875367126588
0.15737932413072997,-0.6177585602721015,85.95859458259477
0.15787932968338225,-0.6176861270120166,85.95844297536681
0.15837933523604164,-0.6176157083032415,85.95829897158717
0.15887934078869392,-0.6175473340993345,85.9581626743234
0.1593793463413533,-0.6174810294490796,85.95803416910519
0.1598793518940056,-0.6174168149072313,85.95791352544296
0.16037935744666498,-0.6173547069706277,85.95780079844013
0.16087936299931727,-0.6172947185328825,85.95769603047368
0.16137936855197665,-0.6172368593503935,85.9575992529166
0.16187937410462894,-0.6171811365118827,85.95751048787295
0.16237937965728833,-0.6171275549018949,85.95742974989082
0.1628793852099406,-0.6170761176478976,85.9573570476143
0.1633793907626,-0.6170268265404532,85.95729238533615
0.16387939631525228,-0.6169796824166317,85.95723576441443
0.16437940186791167,-0.6169346854978284,85.95718718452076
0.16487940742056395,-0.6168918356747041,85.95714664469308
0.16537941297322334,-0.616851132733045,85.95711414417028
0.16587941852587562,-0.6168125765161024,85.957089682992
0.166379424078535,-0.6167761670196569,85.95707326235004
0.1668794296311873,-0.6167419044173489,85.95706488468194
0.16737943518384668,-0.6167097890147027,85.95706455350131
0.16787944073649896,-0.616679821131792,85.9570722729644
0.16837944628915835,-0.6166520009159394,85.95708804717822
0.16887945184181063,-0.6166263280877723,85.95711187926247
0.16937945739447002,-0.6166028016262175,85.9571437701857
0.1698794629471223,-0.6165814193998358,85.9571837174033
0.1703794684997817,-0.6165621777534942,85.95723171333033
0.17087947405243398,-0.6165450710592545,85.95728774368204
0.17137947960509337,-0.6165300912412086,85.95735178571806
0.17187948515774565,-0.6165172272854067,85.95742380643111
0.17237949071040504,-0.6165064647475498,85.95750376072759
0.17287949626305732,-0.6164977852719546,85.95759158964927
0.1733795018157167,-0.6164911661335895,85.95768721868006
0.173879507368369,-0.6164865798126782,85.9577905561728
0.17437951292102838,-0.6164839936083324,85.95790149191986
0.17487951847368066,-0.6164833692963434,85.9580198958865
0.17537952402634005,-0.61648466283592,85.95814561712484
0.17587952957899233,-0.6164878241309668,85.9582784828888
0.17637953513165172,-0.616492796851094,85.95841829796935
0.176879540684304,-0.6164995183159337,85.95856484426321
0.1773795462369634,-0.6165079194438197,85.95871788057897
0.17787955178961568,-0.6165179247642594,85.95887714267838
0.17837955734227506,-0.616529452492623,85.95904234354708
0.17887956289492735,-0.6165424146652043,85.95921317388799
0.17937956844758673,-0.616556717332015,85.95938930282739
0.17987957400023902,-0.6165722608037424,85.9595703788209
0.1803795795528984,-0.6165889399480905,85.95975603074126
0.1808795851055507,-0.6166066445298807,85.95994586912745
0.18137959065821008,-0.616625259588167,85.96013948757012
0.18187959621086236,-0.6166446658423337,85.96033646420372
0.18237960176352175,-0.6166647401178428,85.96053636327079
0.18287960731617403,-0.6166853557818057,85.96073873672225
0.18337961286883342,-0.6167063831796362,85.96094312582122
0.1838796184214857,-0.6167276900652481,85.96114906272285
0.1843796239741451,-0.6167491420199361,85.96135607201188
0.18487962952679737,-0.6167706028570457,85.96156367218742
0.18537963507945676,-0.6167919350123363,85.96177137709464
0.18587964063210904,-0.6168129999219069,85.96197869731014
0.18637964618476843,-0.6168336583909603,85.9621851414932
0.18687965173742072,-0.6168537709570032,85.96239021771606
0.1873796572900801,-0.6168731982509223,85.9625934347862
0.1878796628427324,-0.6168918013585394,85.96279430356992
0.18837966839539177,-0.6169094421844921,85.96299233832421
0.18887967394804406,-0.6169259838190058,85.96318705803904
0.18937967950070433,-0.6169412909071461,85.96337798778839
0.18987968505335573,-0.616955230019306,85.96356466008567
0.19037969060601512,-0.6169676700213187,85.96374661623727
0.1908796961586674,-0.616978482442686,85.96392340768907
0.1913797017113268,-0.6169875418419621,85.96409459736199
0.19187970726397907,-0.6169947261691693,85.96425976097639
0.19237971281663935,-0.6169999171261201,85.96441848836844
0.19287971836929074,-0.6170030005264051,85.96457038480494
0.19337972392195013,-0.6170038666564033,85.96471507230177
0.1938797294746024,-0.6170024106367504,85.9648521909437
0.1943797350272618,-0.6169985327811885,85.96498140019426
0.19487974057991408,-0.6169921389490453,85.96510238018192
0.19537974613257347,-0.6169831408884441,85.96521483295183
0.19587975168522576,-0.6169714565700979,85.96531848368258
0.19637975723788514,-0.6169570105131281,85.96541308187322
0.19687976279053743,-0.6169397341056215,85.96549840251089
0.19737976834319682,-0.6169195659224633,85.96557424722793
0.1978797738958491,-0.6168964520413374,85.9656404454523
0.1983797794485085,-0.6168703463554136,85.96569685554542
0.19887978500116077,-0.6168412108789474,85.96574336591385
0.19937979055382016,-0.6168090160395896,85.96577989607171
0.19987979610647244,-0.6167737409503808,85.96580639762789
0.20037980165913183,-0.6167353736534608,85.96582285516891
0.2008798072117841,-0.6166939113285654,85.96582928701153
0.2013798127644444,-0.6166493604608421,85.96582574580512
0.20187981831709578,-0.6166017369643269,85.96581231897034
0.20237982386975517,-0.6165510662586652,85.96578912896501
0.20287982942240834,-0.6164973832969292,85.96575633336951
0.20337983497506684,-0.6164407325428843,85.96571412478542
0.20387984052771913,-0.6163811678964353,85.96566273054282
0.2043798460803785,-0.6163187525658818,85.96560241221118
0.2048798516330308,-0.6162535588848489,85.96553346490606
0.20537985718569018,-0.6161856680705534,85.96545621637898
0.20587986273834336,-0.616115169920512,85.96537102588036
0.20637986829100186,-0.6160421624461768,85.9652782827892
0.20687987384365414,-0.6159667514430509,85.96517840500859
0.20737987939631353,-0.6158890499983448,85.96507183713032
0.2078798849489658,-0.615809177937255,85.96495904837312
0.2083798905016252,-0.6157272612096474,85.96484053030079
0.20887989605427748,-0.6156434312195966,85.96471679432928
0.20937990160693687,-0.6155578241011885,85.96458836903551
0.20987990715958915,-0.6154705799454092,85.96445579728555
0.21037991271224854,-0.6153818419836607,85.96431963320262
0.21087991826490082,-0.6152917557341747,85.96418043899823
0.2113799238175602,-0.6152004681181895,85.96403878169156
0.2118799293702125,-0.6151081265536703,85.9638952297461
0.21237993492287188,-0.6150148780361357,85.96375034965861
0.21287994047552417,-0.6149208682179315,85.96360470254231
0.21337994602818444,-0.6148262404983631,85.96345884075035
0.21387995158083584,-0.6147311351374481,85.96331330458631
0.21437995713349522,-0.6146356884051571,85.96316861914596
0.2148799626861484,-0.6145400317763001,85.96302529132741
0.2153799682388069,-0.6144442911789755,85.9628838070392
0.21587997379145918,-0.6143485863019043,85.96274462862569
0.21637997934411857,-0.6142530299631741,85.96260819251941
0.21687998489677085,-0.6141577275409875,85.96247490712237
0.21737999044943024,-0.6140627764651311,85.96234515091149
0.21787999600208252,-0.6139682657665535,85.96221927075894
0.2183800015547419,-0.6138742756816741,85.96209758045441
0.2188800071073942,-0.6137808773071113,85.96198035941387
0.21938001266005358,-0.6136881323011552,85.9618678515609
0.21988001821270586,-0.6135960926288156,85.96176026436909
0.22038002376536525,-0.613504800348231,85.96165776805748
0.22088002931801753,-0.6134142874364025,85.96156049493109
0.22138003487067692,-0.6133245756516972,85.96146853885767
0.2218800404233292,-0.6132356764296079,85.96138195486722
0.2223800459759886,-0.6131475908070909,85.96130075885742
0.22288005152864088,-0.6130603093701696,85.96122492738502
0.22338005708130027,-0.6129738122188843,85.96115439752171
0.22388006263395255,-0.6128880689445277,85.9610890667554
0.22438006818661194,-0.6128030386155878,85.9610287929241
0.22488007373926422,-0.6127186697717851,85.96097339417967
0.2253800792919236,-0.6126349004279519,85.9609226489886
0.2258800848445759,-0.6125516580911479,85.9608762961815
0.22638009039723528,-0.6124688597946188,85.96083403506542
0.22688009594988756,-0.6123864121525452,85.96079552561294
0.22738010150254695,-0.6123042114402079,85.96076038874561
0.22788010705519923,-0.6122221437064351,85.96072820673677
0.22838011260785862,-0.6121400849267093,85.96069852376479
0.2288801181605109,-0.6120579012060239,85.96067084665029
0.2293801237131703,-0.6119754490401066,85.96064464580925
0.22988012926582257,-0.6118925756425053,85.96061935644953
0.23038013481848196,-0.6118091193437722,85.96059438003385
0.23088014037113425,-0.6117249100662878,85.9605690860225
0.23138014592379363,-0.6116397698755041,85.9605428138984
0.23188015147644592,-0.6115535136066004,85.96051487547095
0.2323801570291053,-0.611465949564893,85.96048455745257
0.2328801625817576,-0.611376880298619,85.96045112430278
0.23338016813441698,-0.6112861034420295,85.96041382133211
0.23388017368706926,-0.6111934126265208,85.96037187805783
0.23438017923972865,-0.6110985984576383,85.96032451180284
0.23488018479238093,-0.6110014495559741,85.96027093153138
0.23538019034504032,-0.6109017536605765,85.96021034191537
0.2358801958976926,-0.6107992987920885,85.96014194762205
0.236380201450352,-0.6106938744715199,85.96006495780729
0.23688020700300427,-0.6105852729882703,85.9599785907911
0.23738021255566366,-0.610473290709824,85.95988207888759
0.23788021810831594,-0.6103577294259799,85.95977467336273
0.23838022366097533,-0.6102383977206353,85.95965564949435
0.23888022921362762,-0.6101151123638267,85.95952431170751
0.239380234766287,-0.6099876997151258,85.95937999875214
0.2398802403189393,-0.609855997126689,85.95922208887995
0.24038024587159867,-0.6097198543313168,85.9590500049667
0.24088025142425096,-0.6095791347983429,85.95886321951605
0.24138025697691035,-0.6094337170383135,85.95866125947498
0.24188026252956263,-0.6092834958364108,85.95844371078685
0.24238026808222202,-0.6091283833958033,85.95821022261231
0.2428802736348743,-0.6089683103735557,85.95796051115434
0.2433802791875337,-0.6088032267947769,85.95769436303434
0.24388028474018597,-0.6086331028330217,85.95741163817496
0.24438029029284536,-0.6084579294468446,85.95711227215276
0.24488029584549764,-0.6082777188643633,85.95679627799002
0.24538030139815703,-0.6080925049084015,85.95646374735901
0.2458803069508093,-0.6079023431561057,85.95611485117547
0.2463803125034687,-0.6077073109277806,85.95574983956234
0.24688031805612098,-0.6075075071023184,85.95536904117404
0.24738032360878037,-0.6073030517599909,85.95497286188365
0.24788032916143266,-0.6070940856569498,85.95456178284974
0.24838033471409204,-0.606880769538712,85.95413635798906
0.24888034026674433,-0.6066632833026656,85.95369721089241
0.24938034581940371,-0.606441825022495,85.95324503123135
0.249880351372056,-0.606216609850061,85.95278057071282
0.2503803569247154,-0.6059878688123186,85.95230463864684
0.25088036247736767,-0.6057558475212935,85.95181809719362
0.25138036803002706,-0.605520804814529,85.95132185635441
0.25188037358267934,-0.6052830113417464,85.95081686876418
0.25238037913533873,-0.6050427481117711,85.95030412433792
0.252880384687991,-0.6048003050120869,85.94978464481636
0.2533803902406504,-0.604555979312313,85.9492594782526
0.2538803957933027,-0.6043100741617611,85.94872969347728
0.25438040134596207,-0.6040628970910111,85.94819637457883
0.25488040689861435,-0.6038147585260343,85.94766061543044
0.25538041245127374,-0.6035659703222566,85.94712351429098
0.255880418003926,-0.6033168443250279,85.94658616850356
0.2563804235565854,-0.6030676909629582,85.946049669316
0.2568804291092377,-0.6028188178817702,85.94551509685093
0.2573804346618971,-0.6025705286266233,85.94498351525536
0.25788044021454937,-0.6023231213809033,85.94445596805888
0.25838044576720876,-0.6020768877686904,85.94393347376743
0.25888045131986104,-0.6018321117284747,85.94341702172036
0.2593804568725204,-0.6015890684657338,85.94290756823904
0.2598804624251727,-0.6013480234925226,85.942406033097
0.2603804679778321,-0.6011092317615846,85.94191329633959
0.2608804735304844,-0.6008729369006283,85.94143019547364
0.26138047908314377,-0.6006393705491666,85.94095752303636
0.26188048463579605,-0.6004087517966623,85.94049602453855
0.26238049018845544,-0.6001812867176323,85.94004639676625
0.2628804957411077,-0.5999571679971035,85.93960928641654
0.2633805012937671,-0.5997365746392496,85.93918528904055
0.2638805068464194,-0.5995196717512384,85.938774948265
0.2643805123990788,-0.5993066103949738,85.93837875526454
0.26488051795173106,-0.5990975274999578,85.93799714846028
0.26538052350439134,-0.5988925458328687,85.93763051342827
0.26588052905704274,-0.5986917740220651,85.93727918301104
0.2663805346097021,-0.5984953066371769,85.93694343763303
0.2668805401623544,-0.5983032243242783,85.93662350582167
0.2673805457150138,-0.5981155939958136,85.93631956493098
0.2678805512676661,-0.5979324690735812,85.93603174206152
0.26838055682032547,-0.5977538897825543,85.9357601151683
0.26888056237297775,-0.5975798834946197,85.93550471435364
0.26938056792563714,-0.5974104651233004,85.93526552334825
0.2698805734782894,-0.5972456375721817,85.93504248119126
0.2703805790309488,-0.5970853922405024,85.93483548412149
0.2708805845836011,-0.5969297095880939,85.93464438768817
0.2713805901362605,-0.596778559760295,85.9344690090834
0.27188059568891276,-0.5966319032706966,85.9343091296884
0.27238060124157215,-0.5964896917375606,85.93416449781819
0.27288060679422443,-0.5963518686676894,85.93403483164164
0.2733806123468838,-0.5962183702797895,85.93391982224765
0.2738806178995361,-0.596089126357989,85.93381913682265
0.2743806234521964,-0.5959640611257087,85.93373242190364
0.2748806290048478,-0.5958430941300442,85.93365930666991
0.27538063455750716,-0.595726141127662,85.9335994062406
0.27588064011016034,-0.5956131149644082,85.93355232494916
0.27638064566281884,-0.5955039264421508,85.93351765957053
0.2768806512154711,-0.5953984851673011,85.93349500248084
0.2773806567681305,-0.5952967003763852,85.93348394473239
0.2778806623207828,-0.5951984817334122,85.9334840790244
0.2783806678734422,-0.5951037400924994,85.93349500254553
0.27888067342609535,-0.5950123882178402,85.93351631965871
0.27938067897875385,-0.5949243414523729,85.93354764439668
0.27988068453140613,-0.5948395183270427,85.93358860273793
0.2803806900840655,-0.5947578411040183,85.93363883463871
0.2808806956367178,-0.5946792362481204,85.93369799579999
0.2813807011893772,-0.5946036348209418,85.93376575914868
0.2818807067420295,-0.5945309727913941,85.93384181601022
0.28238071229468886,-0.5944611912573652,85.9339258769528
0.28288071784734115,-0.5943942365752525,85.9340176722913
0.28338072340000053,-0.594330060396946,85.9341169522493
0.2838807289526528,-0.5942686196163899,85.934223486787
0.2843807345053122,-0.5942098762298016,85.93433706511033
0.2848807400579645,-0.594153797115194,85.93445749488168
0.2853807456106239,-0.5941003537379926,85.93458460115775
0.28588075116327616,-0.5940495217901303,85.93471822508144
0.28638075671593644,-0.5940012807702385,85.93485822235611
0.28688076226858783,-0.5939556135123218,85.93500446152942
0.2873807678212472,-0.5939125056704634,85.93515682211441
0.2878807733739004,-0.5938719451671102,85.93531519257621
0.2883807789265589,-0.5938339216132684,85.93547946821451
0.2888807844792112,-0.5937984257094638,85.93564954897485
0.28938079003187056,-0.5937654486378646,85.9358253372271
0.28988079558452284,-0.5937349814560859,85.9360067355498
0.29038080113718223,-0.593707014503094,85.93619364455895
0.2908808066898345,-0.5936815368257838,85.93638596081298
0.2913808122424939,-0.593658535634106,85.93658357482263
0.2918808177951462,-0.5936379957915272,85.93678636919125
0.2923808233478056,-0.593619899348043,85.93699421691181
0.29288082890045786,-0.5936042251218752,85.93720697984341
0.29338083445311725,-0.5935909483347407,85.93742450738533
0.29388084000576953,-0.5935800403032553,85.937646635358
0.2943808455584289,-0.5935714681871369,85.93787318509345
0.2948808511110812,-0.5935651947934952,85.93810396273247
0.2953808566637406,-0.5935611784360915,85.93833875872454
0.29588086221639287,-0.5935593728488102,85.93857734752739
0.29638086776905226,-0.5935597271521784,85.93881948750234
0.29688087332170454,-0.5935621858721553,85.9390649210022
0.29738087887436393,-0.5935666890105364,85.93931337464932
0.2978808844270162,-0.5935731721674573,85.93956455980582
0.2983808899796756,-0.5935815667181636,85.93981817324365
0.2988808955323279,-0.5935918000467197,85.94007389802476
0.29938090108498727,-0.5936037958380536,85.94033140459598
0.29988090663764044,-0.5936174744265126,85.94059035209241
0.30038091219029894,-0.5936327531953316,85.94085038982836
0.3008809177429512,-0.5936495470177156,85.9411111589414
0.3013809232956106,-0.5936677687275329,85.94137229414557
0.3018809288482629,-0.5936873296063914,85.94163342554441
0.3023809344009223,-0.5937081398737258,85.94189418045491
0.30288093995357457,-0.5937301091678745,85.94215418519761
0.30338094550623396,-0.5937531470072503,85.94241306681288
0.30388095105888624,-0.5937771632225831,85.9426704546699
0.30438095661154563,-0.5938020683519716,85.94292598193789
0.3048809621641979,-0.5938277739916072,85.94317928689335
0.3053809677168573,-0.5938541930962657,85.94343001404111
0.3058809732695096,-0.5938812402254067,85.9436778150345
0.30638097882216897,-0.5939088317332804,85.94392234938805
0.30688098437482125,-0.5939368859029829,85.94416328498284
0.30738098992748064,-0.5939653230259457,85.94440029837008
0.3078809954801329,-0.5939940654299127,85.94463307488397
0.3083810010327923,-0.5940230374595694,85.94486130857918
0.3088810065854446,-0.5940521654156264,85.94508470201464
0.309381012138104,-0.5940813774595824,85.94530296591014
0.30988101769075627,-0.5941106034926498,85.94551581870697
0.31038102324341565,-0.5941397750179619,85.94572298606644
0.31088102879606794,-0.5941688249952616,85.94592420034013
0.3113810343487273,-0.594197687696363,85.94611920004255
0.3118810399013796,-0.5942262985682873,85.94630772935163
0.312381045454039,-0.5942545941083348,85.94648953765274
0.3128810510066913,-0.5942825117527164,85.9466643791323
0.31338105655935067,-0.5943099897789563,85.94683201242177
0.31388106211200295,-0.5943369672227441,85.9469922002944
0.31438106766466234,-0.5943633838123231,85.94714470942628
0.3148810732173146,-0.5943891799256547,85.94728931024082
0.315381078769974,-0.5944142965777713,85.94742577686435
0.3158810843226263,-0.5944386754461782,85.94755388722155
0.3163810898752857,-0.5944622589415779,85.94767342329767
0.31688109542793796,-0.5944849903295556,85.94778417158845
0.31738110098059735,-0.5945068139074835,85.9478859237533
0.31788110653324964,-0.5945276752402544,85.9479784774852
0.318381112085909,-0.5945475214585403,85.94806163761083
0.3188811176385613,-0.5945663016226417,85.94813521743247
0.3193811231912207,-0.5945839671527299,85.94819904031426
0.319881128743873,-0.5946004723221415,85.94825294150101
0.32038113429653237,-0.5946157748064635,85.9482967701422
0.32088113984918465,-0.5946298362782575,85.94833039148412
0.32138114540184404,-0.5946426230358199,85.94835368918702
0.3218811509544963,-0.5946541066532551,85.94836656772058
0.3223811565071557,-0.5946642646385704,85.94836895478838
0.322881162059808,-0.5946730810862815,85.94836080373159
0.3233811676124674,-0.5946805473120055,85.94834209586574
0.32388117316511966,-0.5946866624577216,85.94831284270865
0.32438117871777905,-0.5946914340580518,85.94827308806398
0.32488118427043133,-0.5946948785596492,85.94822290993125
0.3253811898230907,-0.5946970217882218,85.94816242222186
0.325881195375743,-0.5946978993597867,85.948091776269
0.3263812009284024,-0.5946975570347682,85.94801116212601
0.3268812064810547,-0.5946960510148351,85.94792080965279
0.32738121203371406,-0.5946934481825588,85.94782098939082
0.32788121758636635,-0.5946898262839179,85.9477120132267
0.32838122313902574,-0.5946852740527648,85.94759423484092
0.328881228691678,-0.5946798912755925,85.94746804993599
0.3293812342443374,-0.5946737887946437,85.9473338962363
0.3298812397969897,-0.5946670884472423,85.94719225325231
0.3303812453496491,-0.594659922939202,85.94704364180083
0.33088125090230136,-0.5946524356509977,85.94688862327675
0.33138125645496075,-0.5946447803767992,85.94672779867645
0.33188126200761303,-0.5946371209989477,85.9465618073825
0.3323812675602724,-0.5946296311028978,85.94639132572813
0.3328812731129247,-0.5946224935396698,85.94621706536769
0.3333812786655841,-0.5946158999439216,85.94603977148259
0.3338812842182364,-0.5946100502149307,85.94586022085024
0.33438128977089576,-0.5946051519675191,85.94567921980146
0.33488129532354804,-0.5946014199586213,85.94549760208768
0.33538130087620743,-0.5945990754943726,85.9453162266758
0.3358813064288597,-0.5945983458206265,85.94513597548166
0.3363813119815191,-0.5945994634984559,85.94495775104758
0.3368813175341714,-0.5946026657651399,85.94478247416605
0.3373813230868308,-0.5946081938809882,85.9446110814508
0.33788132863948306,-0.5946162924621942,85.94444452285603
0.33838133419214245,-0.5946272087997724,85.9442837591438
0.33888133974479473,-0.5946411921640675,85.94412975929804
0.3393813452974541,-0.5946584930935358,85.94398349788004
0.3398813508501064,-0.5946793626654292,85.943845952317
0.3403813564027658,-0.59470405174491,85.94371810011056
0.34088136195541807,-0.5947328102082263,85.94360091594939
0.34138136750807746,-0.5947658861355491,85.94349536870945
0.34188137306072974,-0.5948035249697368,85.94340241832835
0.34238137861338913,-0.5948459686392356,85.94332301254698
0.3428813841660414,-0.594893454644379,85.94325808351586
0.3433813897187008,-0.5949462151066569,85.94320854426459
0.3438813952713531,-0.595004475780053,85.94317528503112
0.3443814008240125,-0.5950684550237771,85.94315916944831
0.34488140637666476,-0.5951383627371676,85.94316103059074
0.34538141192932414,-0.5952143992599318,85.94318166689348
0.3458814174819764,-0.5952967542442104,85.94322183796663
0.3463814230346358,-0.5953856055077024,85.94328226034011
0.3468814285872881,-0.5954811178809554,85.94336360318671
0.3473814341399484,-0.5955834420645205,85.94346648408171
0.34788143969259977,-0.5956927135137162,85.94359146486435
0.34838144524525916,-0.5958090513680796,85.94373904766456
0.34888145079791144,-0.5959325574407108,85.94390967115075
0.34938145635057083,-0.5960633152791888,85.94410370704205
0.3498814619032231,-0.5962013893070581,85.94432145691822
0.3503814674558825,-0.5963468240534204,85.94456314935508
0.3508814730085348,-0.5964996434780766,85.94482893741264
0.35138147856119417,-0.596659850399373,85.94511889650306
0.35188148411384734,-0.5968274260314085,85.94543302266234
0.35238148966650584,-0.5970023296347503,85.94577123124128
0.3528814952191581,-0.597184498282042,85.94613335602114
0.3533815007718175,-0.5973738467382645,85.94651914875257
0.3538815063244698,-0.5975702674543704,85.94692827911356
0.3543815118771292,-0.5977736306731374,85.94736033508185
0.35488151742978147,-0.5979837846457142,85.94781482371626
0.35538152298244086,-0.5982005559569697,85.94829117233996
0.35588152853509314,-0.5984237499572571,85.94878873011686
0.3563815340877525,-0.5986531512976329,85.94930677001005
0.3568815396404048,-0.5988885245649701,85.94984449110933
0.3573815451930642,-0.5991296150124492,85.95040102131087
0.3578815507457165,-0.5993761493798613,85.95097542032869
0.35838155629837587,-0.5996278367970755,85.95156668301327
0.35888156185102815,-0.5998843697632759,85.95217374294988
0.35938156740368843,-0.6001454251941272,85.95279547630776
0.3598815729563398,-0.6004106655276151,85.95343070590596
0.3603815785089992,-0.6006797398769417,85.95407820545293
0.3608815840616524,-0.600952285215861,85.95473670390564
0.3613815896143109,-0.6012279275800769,85.9554048898882
0.36188159516696317,-0.6015062832686833,85.95608141611034
0.36238160071962344,-0.6017869600311436,85.95676490373248
0.36288160627227484,-0.6020695582272253,85.95745394663084
0.3633816118249342,-0.6023536719490639,85.95814711552259
0.3638816173775865,-0.6026388900961803,85.95884296191716
0.3643816229302459,-0.6029247973968934,85.95954002186954
0.3648816284828982,-0.6032109753722199,85.96023681952107
0.36538163403555757,-0.6034970032417095,85.96093187042577
0.36588163958820985,-0.6037824587739549,85.96162368467222
0.36638164514086924,-0.6040669190878147,85.96231076982338
0.3668816506935215,-0.6043499614136378,85.96299163370858
0.3673816562461809,-0.6046311638264369,85.96366478711191
0.3678816617988332,-0.6049101059645546,85.96432874640675
0.3683816673514926,-0.6051863697481916,85.96498203618984
0.36888167290414486,-0.6054595401119531,85.9656231919669
0.36938167845680425,-0.6057292057644131,85.96625076293796
0.36988168400945654,-0.6059949599855288,85.96686331492218
0.3703816895621159,-0.6062564014703606,85.96745943345368
0.3708816951147682,-0.606513135224537,85.96803772706826
0.3713817006674276,-0.6067647735133854,85.9685968307881
0.3718817062200799,-0.6070109368628815,85.96913540979784
0.37238171177273927,-0.6072512551075336,85.96965216329382
0.37288171732539244,-0.6074853684789225,85.9701458284833
0.37338172287805094,-0.6077129287278802,85.97061518470815
0.3738817284307032,-0.6079336002727479,85.97105905766452
0.3743817339833626,-0.6081470613651884,85.97147632368765
0.3748817395360149,-0.6083530052649435,85.97186591406961
0.3753817450886743,-0.6085511414146891,85.97222681937768
0.37588175064132656,-0.6087411966073819,85.97255809374504
0.37638175619398595,-0.6089229161394066,85.97285885910935
0.37688176174663823,-0.6090960649438409,85.9731283093781
0.3773817672992976,-0.6092604286986112,85.97336571450157
0.3778817728519499,-0.6094158149053113,85.97357042443778
0.3783817784046093,-0.6095620539346931,85.97374187299474
0.3788817839572616,-0.6096990000349842,85.97387958153587
0.37938178950992096,-0.6098265322981797,85.9739831625307
0.37988179506257325,-0.6099445555784383,85.9740523229292
0.38038180061523263,-0.6100530013561705,85.97408686733607
0.3808818061678849,-0.6101518285413293,85.97408670096114
0.3813818117205443,-0.6102410242095043,85.97405183232223
0.3818818172731966,-0.6103206042645644,85.9739823756774
0.382381822825856,-0.6103906140210725,85.97387855316157
0.38288182837850826,-0.6104511286993412,85.97374069660131
0.38338183393116765,-0.6105022538250359,85.97356924897782
0.38388183948381993,-0.6105441255239731,85.97336476550353
0.3843818450364793,-0.6105769107008968,85.97312791427109
0.3848818505891316,-0.6106008070895044,85.97285947642762
0.385381856141791,-0.6106160431602788,85.97256034582455
0.3858818616944433,-0.6106228778735581,85.97223152809681
0.38638186724710266,-0.610621600266787,85.97187413913032
0.38688187279975494,-0.610612528866799,85.97148940288403
0.38738187835241433,-0.6105960109195656,85.9710786485387
0.3878818839050666,-0.6105724214318363,85.97064330695142
0.388381889457726,-0.6105421620214899,85.97018490640468
0.3888818950103783,-0.6105056595771872,85.9697050676514
0.3893819005630377,-0.610463364732449,85.96920549827533
0.38988190611568996,-0.6104157501641609,85.96868798640344
0.39038191166834935,-0.6103633087300605,85.96815439382402
0.39088191722100163,-0.6103065514633152,85.9676066485773
0.391381922773661,-0.6102460054450358,85.96704673709546
0.3918819283263133,-0.610182211577331,85.96647669597544
0.3923819338789727,-0.6101157222801251,85.96589860347032
0.39288193943162497,-0.6100470991342911,85.96531457078228
0.39338194498428436,-0.6099769104917167,85.96472673323353
0.39388195053693664,-0.6099057290699668,85.96413724138007
0.39438195608959603,-0.6098341295458989,85.96354825212151
0.3948819616422483,-0.6097626861597214,85.96296191984933
0.3953819671949077,-0.6096919703385371,85.96238038766683
0.39588197274756,-0.6096225483471579,85.96180577870959
0.3963819783002194,-0.6095549789735967,85.96124018759394
0.39688198385287166,-0.6094898112566725,85.9606856720207
0.39738198940553104,-0.6094275822636492,85.96014424456362
0.3978819949581833,-0.6093688149246705,85.95961786466738
0.3983820005108427,-0.6093140159289956,85.95910843087381
0.398882006063495,-0.6092636736863114,85.9586177732885
0.3993820116161544,-0.6092182563561318,85.9581476462986
0.39988201716880667,-0.6091782099482879,85.95769972155358
0.40038202272146606,-0.609143956497361,85.95727558121898
0.40088202827411834,-0.6091158923133132,85.95687671151165
0.40138203382677773,-0.6090943863093587,85.95650449652075
0.40188203937943,-0.6090797784086172,85.9561602123197
0.4023820449320894,-0.6090723780311763,85.95584502137564
0.4028820504847417,-0.6090724626642251,85.95555996726594
0.40338205603740107,-0.6090802765182701,85.95530596971312
0.40388206159005335,-0.6090960292725953,85.95508381994982
0.40438206714271274,-0.6091198949145153,85.95489417643074
0.404882072695365,-0.6091520106803492,85.95473756092075
0.4053820782480244,-0.6091924761104095,85.95461435500476
0.4058820838006767,-0.6092413522339568,85.95452479707805
0.4063820893533361,-0.6092986609008234,85.95446897987902
0.40688209490598837,-0.6093643842751324,85.95444684862112
0.40738210045864776,-0.609438464504324,85.95445819977277
0.40788210601130004,-0.6095208035742659,85.95450268052531
0.4083821115639594,-0.6096112633586146,85.95457978897872
0.4088821171166117,-0.6097096658670751,85.95468887506257
0.4093821226692711,-0.6098157936936568,85.95482914219608
0.4098821282219234,-0.6099293906643616,85.95499964968528
0.41038213377458277,-0.6100501626834178,85.95519931585385
0.41088213932723505,-0.6101777787772813,85.95542692190469
0.41138214487989444,-0.6103118723342941,85.95568111650459
0.4118821504325467,-0.6104520425342668,85.95596042107047
0.4123821559852061,-0.6105978559581736,85.9562632357212
0.4128821615378584,-0.6107488483654148,85.9565878458483
0.4133821670905178,-0.6109045266239417,85.95693242925155
0.41388217264317007,-0.6110643707772407,85.95729506377984
0.41438217819582945,-0.6112278362300588,85.95767373541088
0.41488218374848174,-0.6113943560327298,85.95806634669489
0.4153821893011411,-0.6115633432415828,85.95847072547926
0.4158821948537934,-0.611734193331616,85.95888463382622
0.4163822004064528,-0.6119062866385325,85.95930577703876
0.4168822059591051,-0.6120789908118218,85.95973181272734
0.41738221151176447,-0.6122516632678559,85.96016035987648
0.41788221706441675,-0.6124236536389147,85.96058900789606
0.41838222261707614,-0.6125943062177056,85.9610153256559
0.4188822281697284,-0.6127629623975652,85.9614368705042
0.4193822337223878,-0.612928963107791,85.96185119726766
0.4198822392750401,-0.6130916512424329,85.9622558672273
0.42038224482770037,-0.6132503740813742,85.9626484570656
0.42088225038035176,-0.6134044857035217,85.96302656778428
0.42138225593301115,-0.613553349392749,85.96338783359514
0.42188226148566343,-0.6136963400371691,85.96372993078609
0.4223822670383228,-0.6138328465214586,85.96405058656143
0.4228822725909751,-0.6139622741107589,85.96434758785095
0.4233822781436345,-0.6140840468241058,85.96461879008032
0.4238822836962868,-0.6141976097956869,85.96486212589649
0.42438228924894617,-0.614302431622324,85.9650756138424
0.42488229480159845,-0.6143980066952909,85.96525736697401
0.42538230035425784,-0.6144838575122429,85.96540560140393
0.4258823059069101,-0.6145595369617998,85.96551864474462
0.4263823114595695,-0.6146246305707199,85.9655949444136
0.4268823170122218,-0.6146787587011607,85.96563307575491
0.4273823225648812,-0.6147215786852256,85.96563174992966
0.42788232811753346,-0.614752786883737,85.96558982152703
0.42838233367019285,-0.6147721206551195,85.96550629584465
0.42888233922284513,-0.6147793602194106,85.96538033578183
0.4293823447755045,-0.6147743303996911,85.96521126828168
0.4298823503281568,-0.614756902221287,85.96499859024858
0.4303823558808162,-0.6147269943469365,85.9647419738611
0.4308823614334685,-0.614684574324927,85.9644412711953
0.43138236698612786,-0.6146296596277866,85.96409651807593
0.43188237253878015,-0.6145623184605451,85.96370793707774
0.4323823780914404,-0.6144826703214494,85.96327593961385
0.4328823836440918,-0.614390886303422,85.96280112706813
0.4333823891967512,-0.6142871891310195,85.96228429095191
0.4338823947494044,-0.6141718529314792,85.96172641207981
0.4343824003020629,-0.6140452027390526,85.96112865876191
0.43488240585471516,-0.6139076137307746,85.96049238400497
0.43538241140737544,-0.6137595101903947,85.95981912171092
0.43588241696002683,-0.6136013641963255,85.95911058185685
0.4363824225126862,-0.6134336940303593,85.95836864464454
0.4368824280653385,-0.6132570623068497,85.95759535361844
0.4373824336179979,-0.6130720738269674,85.95679290776867
0.4378824391706502,-0.6128793731667896,85.9559636526514
0.43838244472330956,-0.6126796420106209,85.9551100705686
0.43888245027596184,-0.6124735962416525,85.95423476985154
0.43938245582862123,-0.6122619828024949,85.95334047329433
0.4398824613812735,-0.6120455763388039,85.95243000578606
0.4403824669339329,-0.6118251756426585,85.95150628120297
0.4408824724865852,-0.6116015999178346,85.95057228864223
0.4413824780392446,-0.611375684895699,85.94963107810338
0.44188248359189686,-0.6111482788352266,85.94868574574079
0.44238248914455625,-0.610920238443464,85.94773941882148
0.44288249469720853,-0.6106924247539494,85.94679524052663
0.4433825002498679,-0.6104656990011248,85.94585635473686
0.4438825058025202,-0.6102409185276647,85.94492589093821
0.4443825113551796,-0.6100189327587049,85.94400694937377
0.44488251690783187,-0.6098005792708003,85.943102586544
0.44538252246049126,-0.6095866799760618,85.94221580113118
0.44588252801314443,-0.6093780374368342,85.94134952040503
0.44638253356580293,-0.6091754313238896,85.94050658715696
0.4468825391184552,-0.6089796150313931,85.93968974721267
0.4473825446711146,-0.6087913124633102,85.93890163757686
0.4478825502237669,-0.6086112150068486,85.9381447752679
0.4483825557764263,-0.6084399787078685,85.93742154689787
0.44888256132907944,-0.608278221661271,85.93673419904587
0.44938256688173794,-0.6081265216264167,85.93608482946205
0.4498825724343902,-0.607985413876331,85.93547537913474
0.4503825779870496,-0.6078553892908056,85.93490762525825
0.4508825835397019,-0.6077368927067174,85.93438317515037
0.4513825890923613,-0.607630321542215,85.93390346118153
0.45188259464501357,-0.6075360247135331,85.93346973678472
0.45238260019767296,-0.607454301860819,85.93308307360695
0.45288260575032524,-0.6073854028917438,85.93274435983453
0.45338261130298463,-0.607329527840216,85.93245429968256
0.4538826168556369,-0.6072868270289773,85.93221341400712
0.4543826224082963,-0.6072574015212191,85.93202204198528
0.4548826279609486,-0.6072413038463479,85.9318803438081
0.45538263351360797,-0.6072385389854258,85.93178830433334
0.45588263906626025,-0.6072490656015442,85.93174573764293
0.45638264461891964,-0.6072727974976675,85.93175229244136
0.4568826501715719,-0.6073096052791066,85.93180745821002
0.4573826557242313,-0.6073593181902921,85.93191057200573
0.4578826612768836,-0.6074217260895355,85.93206082576938
0.458382666829543,-0.6074965815230878,85.93225727400142
0.45888267238219527,-0.6075836018596333,85.9324988416609
0.45938267793485466,-0.6076824714480801,85.93278433215086
0.45988268348750694,-0.607792843764362,85.9331124352631
0.4603826890401663,-0.6079143435188018,85.93348173497749
0.4608826945928186,-0.608046568703557,85.93389071703996
0.461382700145478,-0.6081890925685463,85.93433777627637
0.4618827056981303,-0.6083414655210533,85.93482122362423
0.46238271125078967,-0.6085032169487253,85.93533929288154
0.46288271680344195,-0.6086738569695167,85.93589014718532
0.46338272235610134,-0.6088528781148704,85.93647188524342
0.4638827279087536,-0.609039756954243,85.9370825473492
0.464382733461413,-0.6092339556686148,85.93772012120746
0.4648827390140653,-0.6094349235792792,85.93838254759459
0.4653827445667247,-0.6096420986368536,85.93906772587133
0.46588275011937696,-0.6098549088752744,85.93977351936563
0.46638275567203635,-0.6100727738358528,85.94049776064423
0.46688276122468864,-0.6102951059671737,85.94123825669448
0.467382766777348,-0.6105213120080313,85.94199279404259
0.4678827723300003,-0.610750794363236,85.94275914384514
0.4683827778826597,-0.6109829524841144,85.94353506699683
0.468882783435312,-0.6112171842646208,85.94431831929532
0.46938278898797137,-0.6114528874601047,85.94510665668881
0.46988279454062365,-0.6116894611318169,85.9458978406179
0.47038280009328304,-0.6119263071177974,85.94668964345409
0.4708828056459353,-0.6121628315300357,85.94747985403427
0.4713828111985947,-0.612398446277203,85.94826628328913
0.471882816751247,-0.6126325706122444,85.94904676996228
0.4723828223039064,-0.6128646327034737,85.9498191864155
0.47288282785655866,-0.6130940712277574,85.95058144451477
0.47338283340921805,-0.6133203369845499,85.95133150159245
0.47388283896187033,-0.6135428945297262,85.95206736648196
0.4743828445145297,-0.6137612238279242,85.95278710561999
0.474882850067182,-0.6139748219202081,85.95348884920475
0.4753828556198414,-0.6141832046010188,85.9541707973878
0.4758828611724937,-0.6143859080958292,85.95483122646799
0.47638286672515306,-0.6145824907295239,85.95546849505057
0.47688287227780535,-0.6147725345739006,85.95608105012877
0.47738287783046474,-0.6149556470615347,85.95666743304092
0.477882883383117,-0.6151314625525567,85.95722628525311
0.4783828889357764,-0.6152996438412164,85.95775635391954
0.4788828944884287,-0.6154598835912436,85.95825649717948
0.4793829000410881,-0.615611905691376,85.95872568915958
0.47988290559374036,-0.6157554665250471,85.95916302465889
0.48038291114639975,-0.6158903561486739,85.95956772349658
0.48088291669905203,-0.6160163993716814,85.95993913449666
0.4813829222517114,-0.6161334567278409,85.96027673907167
0.4818829278043637,-0.6162414253254922,85.9605801543591
0.4823829333570231,-0.6163402395630655,85.96084913586077
0.4828829389096754,-0.6164298716967764,85.96108357953642
0.48338294446233476,-0.6165103322483685,85.96128352330715
0.48388295001498705,-0.6165816702417861,85.96144914792728
0.48438295556764643,-0.6166439732587412,85.96158077718792
0.4848829611202987,-0.6166973673043372,85.96167887741939
0.4853829666729581,-0.6167420164753878,85.96174405626545
0.4858829722256104,-0.6167781224262145,85.96177706071009
0.4863829777782698,-0.6168059236283632,85.96177877434349
0.48688298333092206,-0.6168256944218239,85.96175021385852
0.48738298888358056,-0.6168377438561792,85.96169252477164
0.48788299443623373,-0.6168424143216422,85.96160697636824
0.4883829999888931,-0.6168400799724905,85.96149495588143
0.4888830055415454,-0.6168311449493556,85.96135796192823
0.4893830110942048,-0.6168160414109041,85.96119759724189
0.4898830166468571,-0.6167952273892837,85.96101556075337
0.49038302219951646,-0.6167691844862775,85.9608136390845
0.49088302775216874,-0.6167384154295383,85.9605936975243
0.49138303330482813,-0.616703441508948,85.96035767056225
0.4918830388574804,-0.6166647999136874,85.96010755205458
0.4923830444101398,-0.6166230409900566,85.9598453850976
0.4928830499627921,-0.6165787254403214,85.95957325168256
0.49338305551545236,-0.6165324214834627,85.95929326220951
0.49388306106810376,-0.6164847019988522,85.95900754493738
0.49438306662076315,-0.6164361416727792,85.95871823544387
0.49488307217341543,-0.6163873141670246,85.95842746616633
0.4953830777260748,-0.6163387893292124,85.95813735609599
0.4958830832787271,-0.6162911304661303,85.95785000070417
0.4963830888313865,-0.6162448917019612,85.95756746218125
0.49688309438403877,-0.6162006154430322,85.95729176006824
0.49738309993669816,-0.6161588299697781,85.95702486235766
0.49788310548935044,-0.6161200471751158,85.956768677134
0.49838311104200983,-0.6160847604650292,85.95652504481293
0.4988831165946621,-0.6160534428332675,85.95629573102264
0.4993831221473215,-0.6160265451168434,85.95608242015226
0.4998831276999738,-0.616004494434667,85.95588670957616
0.5003831332526332,-0.6159876928066589,85.95571010454418
0.5008831388052855,-0.6159765159464341,85.95555401371239
0.5013831443579448,-0.615971312216696,85.95541974527444
0.5018831499105971,-0.6159724017336514,85.95530850364291
0.5023831554632565,-0.6159800756050982,85.95522138662396
0.5028831610159088,-0.6159945952858946,85.95515938302549
0.5033831665685682,-0.6160161920356391,85.95512337064247
0.5038831721212205,-0.6160450664660423,85.95511411457342
0.5043831776738799,-0.6160813881692836,85.95513226583608
0.5048831832265321,-0.6161252954228943,85.95517836026556
0.5053831887791924,-0.6161768949699307,85.95525281769054
0.5058831943318438,-0.6162362618755798,85.9553559413919
0.5063831998845032,-0.6163034394618983,85.95548791784991
0.5068832054371564,-0.6163784393223132,85.95564881678598
0.5073832109898149,-0.6164612414171133,85.95583859150364
0.5078832165424672,-0.6165517942511728,85.95605707953332
0.5083832220951274,-0.6166500151354295,85.9563040035865
0.5088832276477788,-0.6167557905325792,85.95657897282081
0.5093832332004382,-0.6168689764857795,85.95688148441201
0.5098832387530905,-0.6169893991276196,85.95721092542217
0.5103832443057499,-0.6171168552661739,85.95756657495275
0.5108832498584022,-0.6172511130452096,85.95794760657145
0.5113832554110616,-0.6173919126764436,85.95835309100521
0.5118832609637138,-0.6175389672416691,85.9587819990911
0.5123832665163732,-0.6176919635628473,85.95923320497832
0.5128832720690255,-0.6178505631381921,85.95970548957365
0.5133832776216849,-0.6180144031429956,85.96019754422602
0.5138832831743372,-0.6181830974955282,85.96070797465117
0.5143832887269966,-0.6183562379907575,85.9612353051066
0.5148832942796489,-0.6185333955073213,85.96177798283685
0.5153832998323082,-0.6187141212950047,85.96233438281574
0.5158833053849605,-0.618897948348927,85.96290281280866
0.5163833109376199,-0.6190843928740766,85.96348151876799
0.5168833164902722,-0.619272955839469,85.9640686905592
0.5173833220429316,-0.6194631246168183,85.96466246799865
0.5178833275955839,-0.6196543746946662,85.96526094716961
0.5183833331482433,-0.6198461714559176,85.96586218697198
0.5188833387008964,-0.6200379720054807,85.96646421585658
0.5193833442535549,-0.6202292270353522,85.96706503869737
0.5198833498062072,-0.62041938271597,85.96766264376012
0.5203833553588666,-0.6206078826034114,85.96825500972922
0.5208833609115189,-0.620794169551551,85.96884011275239
0.5213833664641783,-0.6209776876171118,85.96941593345875
0.5218833720168314,-0.6211578839452687,85.96998046390465
0.5223833775694899,-0.6213342106241804,85.97053171440454
0.5228833831221422,-0.6215061264988027,85.97106772021102
0.5233833886748016,-0.6216730989349655,85.97158654801106
0.5238833942274539,-0.6218346055256363,85.97208630220842
0.5243833997801133,-0.6219901357316965,85.9725651309642
0.5248834053327656,-0.6221391924510125,85.97302123197228
0.525383410885425,-0.6222812935109958,85.97345285795227
0.5258834164380772,-0.6224159730815257,85.97385832184831
0.5263834219907366,-0.6225427830058022,85.97423600172479
0.5268834275433889,-0.6226612940474596,85.97458434535295
0.5273834330960483,-0.6227710970539725,85.97490187448841
0.5278834386487006,-0.6228718040388963,85.9751871888492
0.52838344420136,-0.6229630491885342,85.975438969815
0.5288834497540122,-0.6230444898007645,85.97565598387581
0.5293834553066716,-0.6231158071639714,85.97583708586001
0.5298834608593239,-0.6231767073833681,85.97598122196833
0.5303834664119833,-0.6232269221600801,85.97608743263366
0.5308834719646356,-0.6232662095258268,85.97615485521736
0.531383477517295,-0.6232943545332887,85.97618272654225
0.5318834830699473,-0.6233111698996665,85.97617038525325
0.5323834886226066,-0.6233164965995497,85.97611727399126
0.5328834941752589,-0.6233102044020781,85.97602294136186
0.5333834997279183,-0.623292192346168,85.97588704367584
0.5338835052805706,-0.6232623891458527,85.97570934643217
0.53438351083323,-0.6232207535180385,85.97548972551525
0.5348835163858823,-0.6231672744282923,85.97522816808987
0.5353835219385417,-0.6231019712554583,85.97492477319724
0.535883527491194,-0.6230248938802807,85.97457975207087
0.5363835330438533,-0.6229361227041706,85.97419342819529
0.5368835385965056,-0.6228357686025943,85.97376623712381
0.537383544149165,-0.6227239728136398,85.97329872605752
0.5378835497018173,-0.6226009067588936,85.97279155317507
0.5383835552544767,-0.6224667717914367,85.97224548669368
0.538883560807129,-0.6223217988659324,85.97166140364322
0.5393835663597883,-0.6221662481285162,85.97104028834462
0.5398835719124406,-0.6220004084264936,85.97038323059252
0.5403835774651,-0.621824596738682,85.96969142354567
0.5408835830177523,-0.6216391575270664,85.96896616132685
0.5413835885704117,-0.6214444620092778,85.9682088363311
0.541883594123064,-0.6212409073507756,85.96742093623766
0.5423835996757234,-0.6210289157744283,85.96660404071713
0.5428836052283756,-0.6208089335849719,85.96575981782476
0.543383610781035,-0.6205814301061443,85.96489002007131
0.5438836163336873,-0.6203468965290179,85.96399648016626
0.5443836218863467,-0.6201058446707073,85.96308110643011
0.544883627438999,-0.6198588056422748,85.96214587787146
0.5453836329916584,-0.619606328423264,85.96119283891935
0.5458836385443107,-0.6193489783389792,85.96022409379628
0.54638364409697,-0.619087335437402,85.95924180052072
0.5468836496496223,-0.6188219927651095,85.95824816453633
0.5473836552022817,-0.618553554545,85.95724543197855
0.547883660754934,-0.6182826342611633,85.95623588259801
0.5483836663075934,-0.618009852659272,85.95522182237164
0.5488836718602457,-0.617735835674507,85.95420557584599
0.5493836774129051,-0.6174612123032968,85.95318947827262
0.5498836829655573,-0.6171866124382233,85.95217586760708
0.5503836885182167,-0.6169126646854691,85.95116707644321
0.550883694070869,-0.616639994181344,85.9501654239433
0.5513836996235284,-0.6163692204195292,85.94917320780777
0.5518837051761807,-0.6161009550978305,85.94819269631623
0.5523837107288401,-0.615835799992341,85.9472261204696
0.5528837162814924,-0.6155743448678329,85.9462756662655
0.5533837218341517,-0.6153171654331964,85.94534346713999
0.553883727386804,-0.6150648213491302,85.94443159660153
0.5543837329394634,-0.6148178542931598,85.94354206107697
0.5548837384921157,-0.6145767860861271,85.94267679298407
0.5553837440447751,-0.6143421168850507,85.94183764404917
0.5558837495974274,-0.6141143234490019,85.94102637889438
0.5563837551500868,-0.6138938574872138,85.94024466892867
0.556883760702739,-0.6136811441012302,85.93949408658622
0.5573837662553984,-0.6134765803356215,85.9387760999658
0.5578837718080507,-0.6132805338527665,85.93809206792885
0.5583837773607101,-0.6130933417457851,85.93744323570772
0.5588837829133624,-0.6129153094974094,85.93683073105348
0.5593837884660218,-0.6127467100848796,85.93625556092329
0.559883794018674,-0.6125877832240443,85.93571860868246
0.5603837995713334,-0.6124387347424132,85.93522063178327
0.5608838051239857,-0.6122997360712761,85.93476225988411
0.5613838106766451,-0.6121709238499797,85.93434399338366
0.5618838162292974,-0.6120523996389299,85.93396620235708
0.5623838217819568,-0.6119442297417821,85.93362912589646
0.5628838273346091,-0.611846445140335,85.93333287186806
0.5633838328872685,-0.6117590415479293,85.93307741710822
0.5638838384399207,-0.6116819795878878,85.93286260808165
0.5643838439925801,-0.6116151851022905,85.93268816202206
0.5648838495452324,-0.6115585495944338,85.93255366856718
0.5653838550978918,-0.6115119308074911,85.93245859189767
0.5658838606505441,-0.6114751534414342,85.93240227338738
0.5663838662032044,-0.6114480100089346,85.93238393476769
0.5668838717558558,-0.6114302618259133,85.93240268178974
0.5673838773085151,-0.6114216401259274,85.93245750834487
0.5678838828611674,-0.6114218472828405,85.93254730098553
0.5683838884138268,-0.611430558126236,85.93267084378934
0.5688838939664791,-0.6114474213379046,85.93282682352316
0.5693838995191385,-0.6114720609226973,85.93301383508245
0.5698839050717908,-0.6115040777508047,85.93323038719481
0.5703839106244502,-0.6115430511700928,85.93347490838268
0.5708839161771024,-0.6115885406873516,85.93374575318109
0.5713839217297618,-0.6116400877174402,85.93404120860625
0.5718839272824141,-0.611697217399293,85.93435950087168
0.5723839328350735,-0.6117594404787405,85.93469880235106
0.5728839383877258,-0.6118262552578205,85.93505723878692
0.5733839439403852,-0.6118971496100107,85.93543289674304
0.5738839494930366,-0.6119716030601204,85.9358238312955
0.5743839550456968,-0.6120490889265433,85.9362280739544
0.5748839605983491,-0.6121290765235359,85.936643640807
0.5753839661510085,-0.6122110334198457,85.93706854086923
0.5758839717036608,-0.6122944277483784,85.93750078462546
0.5763839772563202,-0.6123787305584042,85.93793839272539
0.5768839828089725,-0.6124634181984199,85.93837940479426
0.5773839883616319,-0.6125479747150746,85.93882188830213
0.5778839939142841,-0.612631894251682,85.93926394743171
0.5783839994669444,-0.6127146834281592,85.93970373187764
0.5788840050195958,-0.6127958636825116,85.94013944550369
0.5793840105722552,-0.6128749735529491,85.94056935478078
0.5798840161249084,-0.6129515708791162,85.94099179692647
0.5803840216775669,-0.6130252349004849,85.94140518766471
0.5808840272302191,-0.6130955682283348,85.941808028519
0.5813840327828794,-0.6131621986652428,85.94219891354271
0.5818840383355308,-0.6132247808444161,85.94257653538418
0.5823840438881902,-0.6132829976609686,85.94293969058418
0.5828840494408425,-0.6133365614698688,85.94328728401186
0.5833840549935019,-0.6133852150299683,85.94361833236354
0.5838840605461542,-0.6134287321790516,85.94393196666879
0.5843840660988135,-0.6134669182299035,85.94422743376668
0.5848840716514658,-0.6134996100820277,85.94450409673271
0.5853840772041252,-0.6135266760463787,85.94476143424643
0.5858840827567775,-0.6135480153832523,85.9449990389005
0.5863840883094369,-0.6135635575571267,85.94521661446507
0.5868840938620892,-0.6135732612185392,85.94541397214488
0.5873840994147486,-0.6135771129305837,85.94559102589389
0.5878841049674008,-0.6135751256636487,85.94574778687458
0.5883841105200602,-0.6135673370857755,85.94588435716315
0.5888841160727125,-0.6135538076782852,85.9460009228101
0.5893841216253719,-0.6135346187094769,85.94609774637695
0.5898841271780242,-0.613509870101566,85.94617515907939
0.5903841327306836,-0.6134796782273965,85.94623355267127
0.5908841382833359,-0.6134441736719266,85.94627337119906
0.5913841438359952,-0.6134034989900387,85.94629510274271
0.5918841493886484,-0.613357806488541,85.9462992712464
0.5923841549413069,-0.6133072560572267,85.9462864285303
0.5928841604939592,-0.6132520130716257,85.9462571465674
0.5933841660466186,-0.6131922463888189,85.94621201010402
0.5938841715992709,-0.6131281264567131,85.94615160969926
0.5943841771519303,-0.6130598235552689,85.94607653525189
0.5948841827045834,-0.6129875061860998,85.9459873700749
0.5953841882572419,-0.6129113396234885,85.94588468556623
0.5958841938098942,-0.6128314846368301,85.9457690365123
0.5963841993625536,-0.6127480963918907,85.945640957052
0.5968842049152059,-0.6126613235378402,85.94550095732629
0.5973842104678653,-0.6125713074881132,85.94534952084359
0.5978842160205176,-0.6124781819051445,85.94518710259794
0.5983842215731769,-0.6123820723981397,85.94501412797354
0.5988842271258292,-0.6122830964380737,85.94483099245147
0.5993842326784886,-0.6121813634856696,85.9446380621026
0.5998842382311409,-0.6120769753191357,85.9444356748181
0.6003842437838003,-0.6119700265422942,85.94422414220594
0.6008842493364526,-0.6118606052501724,85.94400375206882
0.601384254889112,-0.611748793827834,85.94377477137385
0.6018842604417642,-0.6116346698569197,85.94353744962004
0.6023842659944236,-0.611518307103627,85.94329202250644
0.6028842715470759,-0.6113997765615306,85.94303871580269
0.6033842770997353,-0.6112791475232273,85.94277774932598
0.6038842826523876,-0.6111564886563494,85.94250934093408
0.604384288205047,-0.6110318690609293,85.94223371044959
0.6048842937576993,-0.610905359287121,85.94195108343757
0.6053842993103586,-0.6107770322934982,85.94166169476394
0.6058843048630109,-0.6106469643282383,85.94136579186892
0.6063843104156703,-0.6105152357190258,85.94106363770342
0.6068843159683226,-0.6103819315630165,85.94075551329638
0.607384321520982,-0.6102471423145981,85.94044171994466
0.6078843270736343,-0.6101109642725564,85.94012258103128
0.6083843326262937,-0.609973499968099,85.93979844347768
0.6088843381789459,-0.6098348584537785,85.9394696788298
0.6093843437316053,-0.6096951554928616,85.93913668397647
0.6098843492842576,-0.6095545136512195,85.9387998815078
0.610384354836917,-0.6094130622970036,85.9384597197328
0.6108843603895693,-0.6092709375161149,85.93811667238603
0.6113843659422287,-0.6091282819523605,85.93777123805586
0.611884371494881,-0.6089852445815135,85.93742393936853
0.6123843770475403,-0.6088419804294039,85.93707532196538
0.6128843826001926,-0.6086986502456205,85.93672595331586
0.613384388152852,-0.6085554201459027,85.93637642141468
0.6138843937055043,-0.6084124612370616,85.93602733341429
0.6143843992581637,-0.6082699492369789,85.9356793142388
0.614884404810816,-0.6081280640993927,85.93533300521536
0.6153844103634754,-0.6079869896488133,85.93498906274257
0.6158844159161276,-0.6078469132272979,85.9346481570025
0.616384421468787,-0.6077080253524803,85.93431097071374
0.6168844270214393,-0.6075705193859255,85.9339781979225
0.6173844325740987,-0.6074345912113368,85.93365054282951
0.617884438126751,-0.6073004389231864,85.93332871865525
0.6183844436794104,-0.607168262526834,85.93301344654702
0.6188844492320627,-0.6070382636506331,85.93270545453024
0.619384454784722,-0.6069106452687547,85.93240547649853
0.6198844603373743,-0.6067856114298951,85.93211425122547
0.6203844658900337,-0.6066633669837783,85.9318325213676
0.620884471442686,-0.6065441172952816,85.93156103242146
0.6213844769953454,-0.6064280679360632,85.93130053159703
0.6218844825479977,-0.6063154243449613,85.93105176657546
0.622384488100657,-0.6062063914505891,85.93081548412678
0.6228844936533093,-0.6061011732517125,85.93059242857129
0.6233844992059687,-0.6059999723529165,85.93038334007534
0.623884504758621,-0.6059029894547457,85.9301889527786
0.6243845103112804,-0.6058104227993142,85.93000999275638
0.6248845158639327,-0.6057224675744342,85.92984717582839
0.6253845214165921,-0.6056393152806719,85.92970120522997
0.6258845269692443,-0.6055611530670468,85.92957276916727
0.6263845325219037,-0.6054881630404958,85.92946253827486
0.626884538074556,-0.605420521553081,85.92937116299085
0.6273845436272154,-0.605358398468714,85.92929927085574
0.6278845491798677,-0.6053019564098376,85.92924746373686
0.6283845547325271,-0.6052513499839026,85.9292163149778
0.6288845602851794,-0.6052067249906469,85.92920636647622
0.6293845658378387,-0.6051682176120032,85.92921812569733
0.629884571390491,-0.6051359535879229,85.92925206263459
0.6303845769431504,-0.6051100473822052,85.92930860673333
0.6308845824958027,-0.6050906013446772,85.92938814380014
0.6313845880484621,-0.6050777048780787,85.92949101292936
0.6318845936011144,-0.6050714336204774,85.92961750348641
0.6323845991537738,-0.6050718486557283,85.92976785219415
0.632884604706426,-0.6050789957659537,85.92994224037409
0.6333846102590854,-0.6050929047415663,85.93014079139948
0.6338846158117377,-0.6051135887651855,85.93036356842094
0.6343846213643971,-0.6051410438851006,85.93061057242235
0.6348846269170494,-0.6051752485909916,85.9308817406536
0.6353846324697088,-0.6052161634998515,85.93117694547018
0.6358846380223611,-0.6052637311571345,85.93149599359755
0.6363846435750204,-0.6053178759564829,85.93183862583297
0.6368846491276727,-0.605378504180756,85.93220451719473
0.6373846546803321,-0.6054455041661497,85.93259327752548
0.6378846602329844,-0.6055187465892891,85.93300445254896
0.6383846657856438,-0.6055980848731419,85.93343752536506
0.6388846713382961,-0.6056833557010719,85.93389191834368
0.6393846768909563,-0.605774379620452,85.93436699534844
0.6398846824436077,-0.6058709617120133,85.93486206420287
0.6403846879962671,-0.6059728923005577,85.93537637930845
0.6408846935489194,-0.6060799476862331,85.93590914433791
0.6413846991015788,-0.6061918908808994,85.93645951494679
0.6418847046542311,-0.6063084723386379,85.93702660146263
0.6423847102068905,-0.6064294306718445,85.93760947152016
0.6428847157595428,-0.6065544933459812,85.93820715261694
0.6433847213122021,-0.6066833773471596,85.93881863456805
0.6438847268648544,-0.6068157898180615,85.93944287184308
0.6443847324175138,-0.6069514286596079,85.9400787857758
0.6448847379701661,-0.6070899830980806,85.9407252666455
0.6453847435228255,-0.6072311342208332,85.94138117564181
0.6458847490754778,-0.6073745554867316,85.94204534673503
0.6463847546281372,-0.6075199132192435,85.94271658848191
0.6468847601807894,-0.6076668670901822,85.94339368579608
0.6473847657334488,-0.6078150706016334,85.94407540171075
0.6478847712861011,-0.6079641715728386,85.94476047915921
0.6483847768387605,-0.6081138126399649,85.94544764280188
0.6488847823914128,-0.6082636317774023,85.94613560093205
0.6493847879440722,-0.6084132628496767,85.94682304749401
0.6498847934967245,-0.6085623362024477,85.94750866424434
0.6503847990493838,-0.6087104792996758,85.94819112308318
0.6508848046020361,-0.6088573174133368,85.9488690885784
0.6513848101546964,-0.6090024743712616,85.94954122070376
0.6518848157073478,-0.6091455733687681,85.95020617781152
0.6523848212600072,-0.6092862378492989,85.9508626198592
0.6528848268126604,-0.6094240924586437,85.95150921190702
0.6533848323653189,-0.6095587640759408,85.95214462789815
0.6538848379179711,-0.6096898829239594,85.95276755473063
0.6543848434706314,-0.6098170837600712,85.95337669662656
0.6548848490232828,-0.609940007147229,85.95397077979575
0.6553848545759422,-0.6100583008002758,85.95454855737682
0.6558848601285945,-0.6101716209985913,85.95510881462224
0.6563848656812539,-0.6102796340520873,85.95565037427986
0.6568848712339062,-0.6103820178049193,85.95617210211279
0.6573848767865655,-0.6104784631593089,85.95667291249285
0.6578848823392178,-0.6105686756002693,85.95715177399681
0.6583848878918772,-0.6106523767017957,85.95760771493356
0.6588848934445295,-0.6107293055954028,85.95803982873156
0.6593848989971889,-0.6107992203840219,85.95844727912431
0.6598849045498412,-0.6108618994861885,85.95882930507787
0.6603849101025006,-0.6109171428963389,85.95918522540813
0.6608849156551528,-0.6109647733469572,85.95951444303563
0.6613849212078122,-0.6110046373590021,85.95981644882738
0.6618849267604645,-0.6110366061689203,85.96009082498294
0.6623849323131239,-0.6110605765246357,85.96033724793651
0.6628849378657762,-0.6110764713482957,85.96055549076698
0.6633849434184356,-0.6110842402674306,85.96074542512194
0.6638849489710879,-0.61108386001688,85.96090702266471
0.6643849545237472,-0.6110753347116255,85.96104035604449
0.6648849600764004,-0.6110586959875257,85.96114559937894
0.6653849656290589,-0.6110340030054153,85.96122302823221
0.6658849711817112,-0.6110013423139562,85.96127301907175
0.6663849767343706,-0.6109608275688082,85.96129604819436
0.6668849822870229,-0.6109125991079516,85.96129269012158
0.6673849878396823,-0.6108568233864338,85.9612636154759
0.6678849933923354,-0.6107936922757394,85.96120958835739
0.6683849989449939,-0.6107234222352262,85.96113146324807
0.6688850044976462,-0.6106462533636655,85.96103018147363
0.6693850100503056,-0.6105624483393759,85.960906767254
0.6698850156029579,-0.6104722912574002,85.96076232337386
0.6703850211556173,-0.6103760863719727,85.96059802650346
0.6708850267082695,-0.6102741567517938,85.96041512219776
0.6713850322609289,-0.6101668428549074,85.9602149195985
0.6718850378135812,-0.6100545010296575,85.9599987858636
0.6723850433662406,-0.6099375019483966,85.95976814034813
0.6728850489188929,-0.6098162289805711,85.95952444856152
0.6733850544715523,-0.6096910765118715,85.95926921592553
0.6738850600242046,-0.6095624482156392,85.95900398135598
0.674385065576864,-0.6094307552828919,85.95873031069155
0.6748850711295162,-0.6092964146174356,85.95844978999375
0.6753850766821756,-0.6091598470032048,85.95816401874414
0.6758850822348279,-0.609021475252274,85.95787460297032
0.6763850877874873,-0.6088817223434553,85.95758314833692
0.6768850933401396,-0.6087410095623234,85.95729125324199
0.677385098892799,-0.608599754653865,85.95700050195987
0.6778851044454512,-0.6084583699979699,85.95671245786849
0.6783851099981106,-0.6083172608163615,85.95642865679275
0.6788851155507629,-0.6081768234174328,85.9561506004878
0.6793851211034223,-0.6080374434839305,85.95587975028081
0.6798851266560746,-0.6078994944079972,85.9556175208876
0.680385132208734,-0.607763335679491,85.9553652744261
0.6808851377613863,-0.6076293113362266,85.9551243146588
0.6813851433140456,-0.6074977484885528,85.95489588150976
0.6818851488666979,-0.6073689559328468,85.95468114591026
0.6823851544193573,-0.6072432228675111,85.95448120502331
0.6828851599720096,-0.6071208177207699,85.95429707788122
0.683385165524669,-0.6070019870943459,85.95412970145154
0.6838851710773213,-0.6068869548245379,85.9539799271369
0.6843851766299807,-0.6067759211625546,85.95384851771567
0.684885182182633,-0.6066690620771515,85.95373614473482
0.6853851877352923,-0.6065665286835499,85.95364338636956
0.6858851932879446,-0.606468446802538,85.9535707257644
0.686385198840604,-0.6063749166529568,85.95351854986711
0.6868852043932563,-0.6062860126795844,85.95348714876366
0.6873852099459157,-0.6062017835179239,85.95347671551906
0.687885215498568,-0.6061222520964844,85.95348734652683
0.6883852210512273,-0.6060474158764357,85.95351904236627
0.6888852266038796,-0.6059772472266131,85.95357170916051
0.689385232156539,-0.6059116939292117,85.95364516041758
0.6898852377091913,-0.6058506798096503,85.95373911933103
0.6903852432618507,-0.6057941054835949,85.95385322151385
0.690885248814503,-0.6057418492142039,85.95398701814005
0.6913852543671624,-0.6056937678720729,85.95413997946648
0.6918852599198146,-0.6056496979893999,85.95431149870305
0.692385265472474,-0.6056094568980566,85.95450089619375
0.6928852710251263,-0.6055728439399004,85.95470742386512
0.6933852765777857,-0.6055396417372643,85.95493026989763
0.693885282130438,-0.6055096175109965,85.95516856357344
0.6943852876830974,-0.6054825244327372,85.9554213802512
0.6948852932357497,-0.6054581029975761,85.955687746417
0.695385298788409,-0.605436082403601,85.95596664476132
0.6958853043410613,-0.6054161819261387,85.95625701923721
0.6963853098937207,-0.6053981122766493,85.95655778006238
0.696885315446373,-0.6053815769386407,85.95686780863721
0.6973853209990324,-0.6053662734762018,85.95718596236242
0.6978853265516847,-0.6053518948133205,85.9575110793493
0.6983853321043441,-0.6053381304830974,85.95784198301982
0.6988853376569963,-0.6053246678446726,85.95817748658786
0.6993853432096557,-0.6053111932630251,85.95851639740425
0.699885348762308,-0.6052973932449919,85.95885752114084
0.7003853543149674,-0.6052829555255073,85.95919966579127
0.7008853598676197,-0.6052675701000061,85.95954164547386
0.7013853654202791,-0.6052509302017597,85.95988228403178
0.7018853709729314,-0.6052327332253093,85.96022041843487
0.7023853765255907,-0.6052126815987702,85.9605549019935
0.702885382078243,-0.6051904836086508,85.96088460739773
0.7033853876309024,-0.6051658541805062,85.96120842959414
0.7038853931835547,-0.6051385156185114,85.96152528851184
0.7043853987362141,-0.605108198307269,85.9618341316496
0.7048854042888664,-0.605074641379364,85.96213393653753
0.7053854098415258,-0.6050375933524004,85.96242371308671
0.705885415394178,-0.6049968127390233,85.96270250583984
0.7063854209468374,-0.604952068632946,85.96296939613433
0.7068854264994897,-0.6049031412733963,85.96322350418629
0.7073854320521491,-0.6048498225891042,85.9634639911
0.7078854376048014,-0.6047919167219067,85.96369006080296
0.7083854431574608,-0.6047292405292919,85.96390096190396
0.708885448710113,-0.6046616240642801,85.96409598946852
0.7093854542627724,-0.6045889110312483,85.96427448670633
0.7098854598154247,-0.604510959215826,85.96443584656389
0.7103854653680841,-0.6044276408870786,85.96457951321582
0.7108854709207364,-0.6043388431693715,85.96470498344516
0.7113854764733958,-0.6042444683813316,85.96481180790322
0.7118854820260481,-0.6041444343400659,85.96489959224198
0.7123854875787083,-0.6040386746298373,85.96496799811656
0.7128854931313597,-0.6039271388361697,85.96501674406075
0.7133854986840191,-0.6038097927464736,85.96504560624024
0.7138855042366714,-0.6036866185185926,85.96505441908816
0.7143855097893308,-0.6035576148186561,85.96504307582865
0.7148855153419831,-0.6034227969311807,85.96501152889878
0.7153855208946425,-0.6032821968460768,85.96495979028631
0.7158855264472948,-0.6031358633274989,85.96488793180151
0.7163855319999541,-0.6029838619689998,85.96479608529948
0.7168855375526064,-0.6028262752375447,85.9646844428622
0.7173855431052658,-0.6026632025071217,85.96455325694339
0.7178855486579181,-0.602494760081192,85.96440284047321
0.7183855542105775,-0.6023210812009238,85.96423356691132
0.7188855597632298,-0.6021423160344153,85.9640458702309
0.7193855653158892,-0.6019586316400422,85.96384024480815
0.7198855708685414,-0.6017702118952231,85.9636172451851
0.7203855764212008,-0.6015772573801154,85.96337748566691
0.7208855819738531,-0.6013799852038259,85.96312163970815
0.7213855875265125,-0.6011786287611118,85.9628504390432
0.7218855930791648,-0.6009734374076345,85.96256467251695
0.7223855986318242,-0.6007646760444068,85.96226518458127
0.7228856041844764,-0.6005526246045501,85.96195287343164
0.7233856097371358,-0.600337577437932,85.96162868876758
0.7238856152897881,-0.6001198425907855,85.96129362916633
0.7243856208424484,-0.5998997409788145,85.96094873906408
0.7248856263950998,-0.5996776054533608,85.9605951053431
0.7253856319477592,-0.5994537797623494,85.96023385353132
0.7258856375004124,-0.5992286174102295,85.95986614362963
0.7263856430530709,-0.5990024804239173,85.95949316559287
0.7268856486057231,-0.5987757380346674,85.95911613450119
0.7273856541583834,-0.5985487652885847,85.95873628546852
0.7278856597110348,-0.5983219416009791,85.95835486834449
0.7283856652636942,-0.5980956492706546,85.95797314226886
0.7288856708163465,-0.5978702719708946,85.95759237014066
0.7293856763690059,-0.5976461932345719,85.95721381306618
0.7298856819216581,-0.5974237949510046,85.95683872485088
0.7303856874743175,-0.5972034558918324,85.95646834659911
0.7308856930269698,-0.5969855502815138,85.95610390147894
0.7313856985796292,-0.5967704464249243,85.95574658969863
0.7318857041322815,-0.5965585054010846,85.95539758372762
0.7323857096849409,-0.5963500798280362,85.95505802378078
0.7328857152375932,-0.59614551270059,85.95472901357246
0.7333857207902525,-0.5959451363003456,85.95441161633774
0.7338857263429048,-0.5957492711760126,85.95410685111385
0.7343857318955642,-0.5955582251914389,85.95381568927239
0.7348857374482165,-0.5953722926377264,85.95353905128842
0.7353857430008759,-0.5951917534045363,85.953277803729
0.7358857485535282,-0.5950168722055362,85.95303275644208
0.7363857541061876,-0.594847897853496,85.95280465992943
0.7368857596588398,-0.5946850625817952,85.95259420289139
0.7373857652114992,-0.5945285814099899,85.95240200993524
0.7378857707641524,-0.5943786515520766,85.95222863944153
0.7383857763168109,-0.5942354518669334,85.95207458158697
0.7388857818694632,-0.5940991423514363,85.9519402565255
0.7393857874221226,-0.5939698636779722,85.95182601273399
0.7398857929747749,-0.5938477367791785,85.95173212553274
0.7403857985274342,-0.5937328624827142,85.95165879579166
0.7408858040800874,-0.593625321198529,85.95160614883063
0.7413858096327459,-0.593525172660093,85.95157423352005
0.7418858151853982,-0.5934324557212689,85.95156302158703
0.7423858207380576,-0.5933471882116131,85.9515724071384
0.7428858262907099,-0.593269366854957,85.9516022064176
0.7433858318433693,-0.5931989672573663,85.95165215781856
0.7438858373960215,-0.5931359439711485,85.95172192218075
0.7443858429486809,-0.5930802306402168,85.95181108338534
0.7448858485013332,-0.5930317402306637,85.95191914926642
0.7453858540539926,-0.592990365348576,85.95204555284482
0.7458858596066449,-0.5929559786454776,85.95218965388605
0.7463858651593043,-0.592928433310685,85.95235074077956
0.7468858707119566,-0.5929075636490211,85.95252803273351
0.747385876264616,-0.5928931857418772,85.95272068227784
0.7478858818172682,-0.5928850981897202,85.95292777806833
0.7483858873699276,-0.5928830829339123,85.95314834798384
0.7488858929225799,-0.592886906155927,85.95338136250967
0.7493858984752393,-0.5928963192522904,85.95362573840072
0.7498859040278916,-0.5929110598834977,85.9538803426181
0.750385909580551,-0.592930853094743,85.95414399653103
0.7508859151332032,-0.5929554125050607,85.95441548037152
0.7513859206858626,-0.5929844415603465,85.95469353792507
0.7518859262385149,-0.5930176348446595,85.95497688143664
0.7523859317911743,-0.5930546794443121,85.9552641967116
0.7528859373438266,-0.5930952563595803,85.9555541483926
0.753385942896486,-0.5931390419587087,85.95584538539252
0.7538859484491383,-0.5931857094668864,85.95613654645669
0.7543859540017976,-0.5932349304807933,85.9564262658194
0.7548859595544499,-0.5932863764970968,85.9567131789118
0.7553859651071093,-0.5933397204415525,85.95699592807225
0.7558859706597616,-0.5933946381854933,85.9572731682097
0.756385976212421,-0.5934508100370397,85.957543572374
0.7568859817650733,-0.5935079221974874,85.9578058371973
0.7573859873177327,-0.5935656681761651,85.95805868818223
0.7578859928703849,-0.5936237501604262,85.95830088482427
0.7583859984230443,-0.5936818803388692,85.95853122556127
0.7588860039756966,-0.5937397821762865,85.9587485525449
0.759386009528356,-0.5937971916382563,85.95895175622587
0.7598860150810083,-0.5938538583623598,85.95913977974209
0.7603860206336677,-0.5939095467718443,85.9593116230943
0.76088602618632,-0.5939640371263301,85.95946634708909
0.7613860317389793,-0.5940171265025862,85.95960307702381
0.7618860372916316,-0.5940686296974983,85.95972100608398
0.762386042844291,-0.5941183800454528,85.95981939842474
0.7628860483969433,-0.5941662301431834,85.95989759191062
0.7633860539496027,-0.5942120524762278,85.95995500049185
0.763886059502255,-0.5942557399422406,85.95999111620004
0.7643860650549144,-0.5942972062678644,85.96000551075052
0.7648860706075666,-0.5943363863166854,85.9599978367427
0.765386076160226,-0.5943732362866181,85.95996782845206
0.7658860817128783,-0.5944077337953892,85.95991530220883
0.7663860872655377,-0.5944398778530562,85.95984015635956
0.76688609281819,-0.5944696887224796,85.95974237081492
0.7673860983708494,-0.5944972076713977,85.95962200619701
0.7678861039235017,-0.5945224966228746,85.95947920261149
0.768386109476161,-0.5945456377140814,85.95931417808077
0.7688861150288133,-0.5945667327750463,85.95912722668186
0.7693861205814727,-0.59458590274137,85.95891871643971
0.769886126134125,-0.5946032870161779,85.95868908703328
0.7703861316867844,-0.5946190427976731,85.95843884737383
0.7708861372394367,-0.5946333443883586,85.95816857311549
0.771386142792096,-0.5946463825005058,85.95787890415131
0.7718861483447483,-0.5946583635704863,85.95757054214174
0.7723861538974077,-0.5946695090913187,85.95724424810965
0.77288615945006,-0.5946800549695519,85.95690084012497
0.7733861650027194,-0.594690250908819,85.95654119108697
0.7738861705553717,-0.5947003598189552,85.95616622660037
0.7743861761080311,-0.5947106572462331,85.95577692292898
0.7748861816606833,-0.5947214308180384,85.95537430500168
0.7753861872133427,-0.594732979692614,85.95495944443668
0.775886192765995,-0.5947456140027186,85.95453345754251
0.7763861983186544,-0.594759654280073,85.95409750324721
0.7768862038713067,-0.5947754308461938,85.95365278090284
0.7773862094239661,-0.5947932831555192,85.9532005279129
0.7778862149766184,-0.5948135590773301,85.95274201713286
0.7783862205292778,-0.5948366141047978,85.9522785540011
0.77888622608193,-0.594862810481424,85.95181147336339
0.7793862316345894,-0.5948925162370883,85.95134213596336
0.7798862371872417,-0.5949261041276925,85.95087192457544
0.7803862427399011,-0.5949639504738038,85.95040223976433
0.7808862482925534,-0.5950064338957258,85.94993449526093
0.7813862538452128,-0.595053933945195,85.94947011295542
0.781886259397865,-0.5951068296364003,85.94901051751773
0.7823862649505244,-0.5951654978823894,85.94855713066755
0.7828862705031767,-0.5952303118462091,85.94811136512831
0.7833862760558361,-0.5953016392196145,85.94767461831277
0.7838862816084884,-0.5953798404453823,85.94724826579923
0.7843862871611478,-0.5954652669015024,85.94683365466571
0.7848862927138001,-0.5955582590670625,85.94643209675561
0.7853862982664594,-0.5956591446905171,85.94604486195098
0.7858863038191117,-0.5957682369800679,85.94567317152624
0.7863863093717711,-0.5958858328332058,85.94531819164555
0.7868863149244234,-0.5960122111199246,85.94498102705715
0.7873863204770828,-0.5961476310310407,85.94466271502706
0.7878863260297351,-0.5962923305019692,85.9443642195504
0.7883863315823945,-0.5964465247211694,85.94408642587419
0.7888863371350467,-0.5966104047327724,85.94383013536711
0.7893863426877061,-0.5967841361433981,85.94359606077273
0.7898863482403584,-0.5969678579435858,85.94338482188522
0.7903863537930178,-0.5971616814550607,85.94319694168851
0.7908863593456701,-0.5973656894152887,85.94303284300172
0.7913863648983295,-0.5975799352110271,85.94289284567355
0.7918863704509818,-0.597804442273068,85.94277716437115
0.7923863760036411,-0.5980392036444979,85.94268590700867
0.7928863815562934,-0.5982841817350211,85.94261907386198
0.7933863871089528,-0.5985393082721926,85.94257655740955
0.7938863926616051,-0.5988044844570846,85.94255814292725
0.7943863982142645,-0.5990795813264956,85.94256350984492
0.7948864037669168,-0.5993644403179784,85.94259223385077
0.7953864093195762,-0.5996588740289265,85.94264378971143
0.7958864148722284,-0.5999626671582599,85.94271755476524
0.7963864204248878,-0.600275577618637,85.94281281304404
0.7968864259775401,-0.6005973378069118,85.94292875997826
0.7973864315302004,-0.6009276560204291,85.94306450763926
0.7978864370828518,-0.601266218005016,85.9432190904669
0.7983864426355112,-0.6016126886189881,85.94339147142401
0.7988864481881643,-0.6019667135965318,85.94358054851676
0.7993864537408228,-0.6023279213952406,85.94378516162419
0.7998864592934751,-0.6026959251139195,85.94400409958595
0.8003864648461354,-0.6030703244682548,85.94423610750206
0.8008864703987868,-0.6034507078117248,85.94447989419852
0.8013864759514462,-0.6038366541887484,85.94473413981007
0.8018864815040985,-0.6042277354063874,85.94499750343017
0.8023864870567579,-0.6046235181108915,85.94526863077701
0.8028864926094101,-0.6050235658550882,85.94554616182424
0.8033864981620695,-0.6054274411417531,85.94582873834125
0.8038865037147218,-0.6058347074262276,85.94611501128122
0.8043865092673812,-0.6062449310596628,85.94640364794839
0.8048865148200335,-0.6066576831542595,85.94669333887543
0.8053865203726929,-0.6070725413534437,85.9469828043481
0.8058865259253452,-0.607489091492915,85.94727080052529
0.8063865314780045,-0.6079069291421013,85.94755612511568
0.8068865370306568,-0.6083256610178087,85.94783762258078
0.8073865425833162,-0.608744906263392,85.9481141888397
0.8078865481359685,-0.6091642975882962,85.94838477545659
0.8083865536886279,-0.6095834822650049,85.94864839329998
0.8088865592412802,-0.6100021229839058,85.94890411567562
0.8093865647939404,-0.610419898569549,85.94915108094597
0.8098865703465918,-0.6108365045645514,85.94938849465917
0.8103865758992512,-0.6112516536888571,85.94961563121632
0.8108865814519044,-0.6116650761827742,85.94983183510755
0.8113865870045629,-0.6120765200419971,85.95003652174799
0.8118865925572152,-0.6124857511521739,85.95022917794083
0.8123865981098746,-0.612892553329957,85.95040936199358
0.8128866036625269,-0.6132967282770405,85.95057670351127
0.8133866092151862,-0.613698095453851,85.95073090289131
0.8138866147678394,-0.6140964918798011,85.95087173054549
0.8143866203204979,-0.6144917718677289,85.95099902587725
0.8148866258731502,-0.6148838067013764,85.95111269604698
0.8153866314258096,-0.6152724842657884,85.95121271456165
0.8158866369784619,-0.6156577086412802,85.95129911972822
0.8163866425311213,-0.6160393996710984,85.95137201300824
0.8168866480837735,-0.6164174925121209,85.95143155730787
0.8173866536364329,-0.6167919371758575,85.95147797523046
0.8178866591890852,-0.6171626980648653,85.95151154731042
0.8183866647417446,-0.6175297535065419,85.95153261023532
0.8188866702943969,-0.6178930952821103,85.9515415550488
0.8193866758470563,-0.6182527281448918,85.95153882531184
0.8198866813997086,-0.618608669318593,85.95152491518846
0.8203866869523679,-0.618960947965415,85.95150036741812
0.8208866925050202,-0.6193096046146572,85.9514657711405
0.8213866980576796,-0.6196546905448627,85.95142175954675
0.8218867036103319,-0.6199962671156904,85.95136900734326
0.8223867091629913,-0.620334405048041,85.95130822802261
0.8228867147156436,-0.6206691836517566,85.95124017093886
0.823386720268303,-0.6210006900000465,85.95116561818429
0.8238867258209552,-0.6213290180493054,85.95108538126274
0.8243867313736146,-0.621654267704092,85.9510002975583
0.8248867369262669,-0.6219765438286127,85.95091122660469
0.8253867424789263,-0.6222959552093252,85.95081904617217
0.8258867480315786,-0.622612613475361,85.9507246481968
0.826386753584238,-0.622926631985661,85.95062893458471
0.8268867591368902,-0.6232381246918987,85.95053281292518
0.8273867646895496,-0.6235472049861983,85.95043719214539
0.8278867702422019,-0.6238539845421343,85.95034297813862
0.8283867757948613,-0.6241585721576128,85.95025106939727
0.8288867813475136,-0.6244610726079689,85.9501623526816
0.829386786900173,-0.6247615855174289,85.95007769875454
0.8298867924528253,-0.6250602042562661,85.94999795820911
0.8303867980054846,-0.6253570148701915,85.9499239574131
0.8308868035581369,-0.625652095047238,85.9498564945902
0.8313868091107963,-0.6259455131261413,85.9497963360524
0.8318868146634486,-0.6262373271487343,85.94974421259298
0.832386820216108,-0.6265275839579826,85.94970081604612
0.8328868257687603,-0.6268163183444802,85.94966679602362
0.8333868313214197,-0.6271035522460269,85.9496427568456
0.833886836874072,-0.627389294006903,85.94962925468997
0.8343868424267313,-0.6276735377040781,85.94962679498695
0.8348868479793836,-0.6279562625461803,85.94963583008068
0.835386853532043,-0.6282374323494946,85.9496567571733
0.8358868590846953,-0.6285169950933543,85.94968991656043
0.8363868646373547,-0.6287948825564673,85.94973559016367
0.836886870190007,-0.6290710100354886,85.94979400036515
0.8373868757426663,-0.6293452761470026,85.94986530914815
0.8378868812953186,-0.6296175627138779,85.94994961754776
0.838386886847978,-0.6298877347362046,85.95004696541187
0.8388868924006303,-0.6301556404455466,85.95015733146836
0.8393868979532897,-0.6304211114400589,85.95028063368898
0.839886903505942,-0.6306839628969596,85.9504167299373
0.8403869090586014,-0.630943993858837,85.95056541888769
0.8408869146112536,-0.6312009875913143,85.95072644120589
0.841386920163913,-0.6314547120103913,85.95089948098546
0.8418869257165653,-0.6317049201788802,85.95108416743767
0.8423869312692247,-0.6319513508715573,85.95128007683337
0.842886936821877,-0.6321937292090346,85.95148673469703
0.8433869423745364,-0.6324317673607123,85.9517036182544
0.8438869479271887,-0.6326651653172746,85.95193015913506
0.844386953479848,-0.6328936117325485,85.95216574632971
0.8448869590325003,-0.6331167848338877,85.95240972939877
0.8453869645851597,-0.6333343533992454,85.95266142192565
0.845886970137812,-0.6335459777984519,85.9529201052055
0.8463869756904714,-0.6337513110951509,85.95318503215631
0.8468869812431237,-0.6339500002048777,85.9534554314359
0.8473869867957831,-0.6341416871031982,85.95373051174195
0.8478869923484353,-0.6343260100778441,85.95400946627313
0.8483869979010947,-0.634502605018004,85.9542914773258
0.848887003453747,-0.6346711067331152,85.95457572099812
0.8493870090064064,-0.6348311502920045,85.9548613719679
0.8498870145590587,-0.6349823723711373,85.95514760830247
0.8503870201117181,-0.6351244125994447,85.95543361625458
0.8508870256643704,-0.635256914886323,85.95571859499469
0.8513870312170297,-0.6353795287189627,85.95600176122868
0.851887036769682,-0.6354919104164398,85.95628235365446
0.8523870423223414,-0.635593724329534,85.95655963721713
0.8528870478749937,-0.6356846439779755,85.9568329071314
0.8533870534276531,-0.6357643531184372,85.95710149264752
0.8538870589803054,-0.6358325467387916,85.9573647605435
0.8543870645329648,-0.6358889319755231,85.95762211833238
0.854887070085617,-0.6359332289529962,85.95787301718008
0.8553870756382764,-0.6359651715445499,85.95811695453335
0.8558870811909287,-0.6359845080570212,85.95835347646397
0.8563870867435881,-0.6359910018416521,85.95858217974026
0.8568870922962404,-0.635984431836078,85.95880271364297
0.8573870978488998,-0.6359645930418532,85.95901478154238
0.857887103401552,-0.6359312969403607,85.95921814224698
0.8583871089542114,-0.6358843718466816,85.95941261112219
0.8588871145068637,-0.635823663196625,85.9595980609615
0.8593871200595231,-0.635749033758126,85.95977442257765
0.8598871256121754,-0.6356603637557482,85.95994168507227
0.8603871311648348,-0.6355575508968667,85.96009989574162
0.8608871367174871,-0.6354405102895692,85.96024915958228
0.8613871422701465,-0.6353091742451189,85.96038963836966
0.8618871478227987,-0.6351634919600759,85.96052154929191
0.8623871533754581,-0.635003429075687,85.96064516313004
0.8628871589281104,-0.6348289671151327,85.96076080198665
0.8633871644807698,-0.6346401028019681,85.9608688365756
0.8638871700334221,-0.6344368472658779,85.96096968309526
0.8643871755860815,-0.6342192251437553,85.96106379971476
0.8648871811387338,-0.6339872735859027,85.96115168270993
0.8653871866913931,-0.6337410411800302,85.96123386229516
0.8658871922440454,-0.633480586807849,85.96131089820628
0.8663871977967048,-0.6332059784506131,85.96138337509481
0.8668872033493571,-0.6329172919598631,85.96145189779344
0.8673872089020165,-0.6326146098084846,85.96151708650879
0.8678872144546688,-0.6322980198357688,85.9615795719919
0.8683872200073282,-0.6319676139982024,85.9616399907299
0.8688872255599804,-0.6316234871355364,85.96169898019409
0.8693872311126398,-0.6312657357591358,85.96175717417019
0.8698872366652921,-0.6308944568678776,85.96181519819072
0.8703872422179524,-0.6305097467964242,85.96187366508684
0.8708872477706038,-0.6301117001006467,85.9619331706777
0.8713872533232632,-0.6297004084856608,85.96199428961724
0.8718872588759154,-0.6292759597830284,85.96205757142314
0.8723872644285748,-0.628838436985575,85.96212353671868
0.8728872699812271,-0.6283879173496594,85.96219267372405
0.8733872755338874,-0.6279244715754808,85.96226543503651
0.8738872810865388,-0.6274481630760391,85.96234223473836
0.8743872866391982,-0.626959047344203,85.96242344586761
0.8748872921918505,-0.6264571714262287,85.96250939828268
0.8753872977445099,-0.6259425735091564,85.96260037694805
0.8758873032971621,-0.625415282628925,85.96269662066655
0.8763873088498215,-0.6248753185050122,85.96279832127972
0.8768873144024738,-0.6243226915064253,85.96290562335395
0.8773873199551332,-0.6237574027518615,85.96301862436316
0.8778873255077855,-0.6231794443458059,85.96313737537429
0.8783873310604449,-0.6225887997500335,85.96326188223397
0.8788873366130971,-0.6219854442869586,85.96339210724312
0.8793873421657565,-0.6213693457667424,85.96352797128975
0.8798873477184088,-0.6207404652252659,85.96366935639239
0.8803873532710682,-0.6200987577568877,85.96381610859487
0.8808873588237205,-0.6194441734236753,85.96396804114494
0.8813873643763799,-0.6187766582219043,85.96412493788583
0.8818873699290322,-0.6180961550862125,85.96428655678838
0.8823873754816924,-0.6174026049127912,85.9644526335552
0.8828873810343438,-0.6166959475854943,85.96462288523729
0.8833873865870032,-0.6159761229905909,85.96479701381048
0.8838873921396564,-0.6152430720075566,85.9649747096654
0.8843873976923149,-0.6144967374638958,85.96515565496645
0.8848874032449672,-0.6137370650427776,85.96533952683869
0.8853874087976266,-0.6129640041328654,85.96552600034323
0.8858874143502788,-0.6121775086112092,85.9657147512078
0.8863874199029382,-0.6113775375515296,85.96590545828397
0.8868874254555914,-0.610564055852641,85.96609780571188
0.8873874310082499,-0.6097370347843376,85.96629148478257
0.8878874365609022,-0.608896452450089,85.96648619549565
0.8883874421135616,-0.6080422941668588,85.96668164781337
0.8888874476662139,-0.6071745527625423,85.9668775626134
0.8893874532188732,-0.6062932287916996,85.9670736723423
0.8898874587715255,-0.6053983306695914,85.9672697213702
0.8903874643241849,-0.6044898747252684,85.9674654660496
0.8908874698768372,-0.603567885175405,85.96766067448411
0.8913874754294966,-0.6026323940223295,85.96785512602051
0.8918874809821489,-0.6016834408819198,85.96804861048483
0.8923874865348083,-0.6007210727492791,85.96824092719172
0.8928874920874605,-0.5997453437125662,85.9684318837656
0.8933874976401199,-0.5987563146279433,85.96862129482159
0.8938875031927722,-0.5977540527696807,85.96880898055774
0.8943875087454316,-0.5967386314684289,85.96899476530723
0.8948875142980839,-0.5957101297477831,85.9691784760875
0.8953875198507433,-0.5946686319659844,85.96935994117186
0.8958875254033956,-0.5936142274673819,85.96953898870073
0.896387530956055,-0.5925470102473944,85.96971544534631
0.8968875365087072,-0.5914670786345176,85.96988913504396
0.8973875420613666,-0.5903745349930368,85.97005987780364
0.8978875476140189,-0.5892694854484885,85.97022748860934
0.8983875531666783,-0.5881520396362878,85.9703917764078
0.8988875587193306,-0.5870223104718193,85.97055254318047
0.89938756427199,-0.5858804139391636,85.97070958308842
0.8998875698246422,-0.5847264688961229,85.97086268168144
0.9003875753773016,-0.58356059689472,85.97101161516838
0.9008875809299539,-0.5823829220176355,85.97115614975075
0.9013875864826133,-0.581193570732434,85.97129604102625
0.9018875920352656,-0.5799926717656128,85.9714310334698
0.902387597587925,-0.5787803559981283,85.97156085999835
0.9028876031405773,-0.577556756383066,85.97168524162205
0.9033876086932366,-0.5763220078854088,85.97180388718152
0.9038876142458889,-0.5750762474435474,85.97191649317
0.9043876197985483,-0.5738196139526107,85.97202274364085
0.9048876253512006,-0.5725522482714818,85.97212231020734
0.90538763090386,-0.5712742932558034,85.97221485214313
0.9058876364565123,-0.5699858938193096,85.97230001659227
0.9063876420091717,-0.5686871970244212,85.97237743889237
0.9068876475618239,-0.567378352202183,85.97244674301095
0.9073876531144833,-0.5660595111011009,85.97250754209375
0.9078876586671356,-0.5647308280640044,85.97255943912167
0.908387664219795,-0.5633924602314376,85.97260202767086
0.9088876697724473,-0.5620445677689623,85.97263489276651
0.9093876753251067,-0.5606873141154939,85.97265761181953
0.909887680877759,-0.559320866250086,85.972669755637
0.9103876864304183,-0.5579453949764834,85.97267088950349
0.9108876919830706,-0.5565610752257657,85.97266057433507
0.91138769753573,-0.5551680863792801,85.97263836791346
0.9118877030883823,-0.5537666126142471,85.97260382621005
0.9123877086410417,-0.5523568432753092,85.97255650481108
0.912887714193694,-0.5509389732751357,85.97249596045617
0.9133877197463534,-0.549513203526331,85.97242175269818
0.9138877252990056,-0.5480797414060982,85.97233344569008
0.914387730851665,-0.5466388012538345,85.97223061009925
0.9148877364043173,-0.5451906049011472,85.97211282514766
0.9153877419569767,-0.5437353822335408,85.97197968077519
0.915887747509629,-0.5422733717826015,85.97183077992156
0.9163877530622884,-0.5408048213469974,85.97166574092108
0.9168877586149407,-0.5393299886402643,85.97148420000255
0.9173877641676,-0.537849141963228,85.9712858138865
0.9178877697202523,-0.5363625608992433,85.97107026247312
0.9183877752729117,-0.534870537030645,85.97083725161511
0.918887780825564,-0.5333733746728718,85.97058651596217
0.9193877863782234,-0.5318713916189953,85.97031782185071
0.9198877919308757,-0.530364919882556,85.97003097019399
0.920387797483535,-0.5288543064234673,85.96972579931636
0.9208878030361873,-0.5273399138398374,85.96940218766869
0.9213878085888467,-0.5258221210092285,85.96906005636384
0.921887814141499,-0.5243013236645437,85.96869937147777
0.9223878196941584,-0.5227779348929272,85.96832014607344
0.9228878252468107,-0.5212523855485748,85.96792244191381
0.9233878307994701,-0.5197251245714952,85.96750637083477
0.9238878363521223,-0.5181966192047577,85.96707209575023
0.9243878419047817,-0.5166673551029984,85.96661983126312
0.924887847457434,-0.5151378363271428,85.96614984386319
0.9253878530100934,-0.5136085852227874,85.96566245170274
0.9258878585627457,-0.5120801421832514,85.96515802395356
0.9263878641154051,-0.5105530653005866,85.9646369797576
0.9268878696680574,-0.5090279299092344,85.96409978678832
0.9273878752207168,-0.5075053280270607,85.96354695944078
0.927887880773369,-0.5059858676998614,85.96297905667214
0.9283878863260284,-0.5044701722575593,85.96239667952386
0.9288878918786807,-0.5029588794945324,85.96180046837074
0.9293878974313401,-0.5014526407911859,85.96119109996047
0.9298879029839924,-0.499952120197649,85.9605692843206
0.9303879085366518,-0.4984579935025212,85.9599357616176
0.930887914089304,-0.4969709473088548,85.95929129904997
0.9313879196419634,-0.4954916781367304,85.95863668784672
0.9318879251946157,-0.4940208915666379,85.95797274042408
0.9323879307472751,-0.492559301433641,85.95730028773673
0.9328879362999274,-0.491107629077668,85.95662017684377
0.9333879418525868,-0.4896666026527115,85.95593326869965
0.9338879474052391,-0.4882369564962439,85.9552404361745
0.9343879529578976,-0.4868194305593771,85.95454256230644
0.9348879585105507,-0.4854147698985718,85.95384053878831
0.9353879640632101,-0.484023724229557,85.95313526469171
0.9358879696158624,-0.4826470475439046,85.9524276454296
0.9363879751685218,-0.4812854977877948,85.95171859195605
0.9368879807211741,-0.4799398366013189,85.95100902019709
0.9373879862738335,-0.4786108291150405,85.9502998507001
0.9378879918264857,-0.4772992437980714,85.94959200848126
0.9383879973791451,-0.4760058523497014,85.9488864230409
0.9388880029317974,-0.4747314296231065,85.9481840285051
0.9393880084844568,-0.4734767535675694,85.94748576384285
0.9398880140371091,-0.4722426051754341,85.9467925731083
0.9403880195897685,-0.4710297684228703,85.9461054056676
0.9408880251424208,-0.4698390301981586,85.94542521638704
0.9413880306950801,-0.4686711802146797,85.94475296577222
0.9418880362477324,-0.467527010906943,85.94408962005198
0.9423880418003918,-0.4664073173076423,85.94343615119962
0.9428880473530441,-0.4653128969013692,85.94279353687543
0.9433880529057044,-0.4642445494490076,85.9421627602681
0.9438880584583558,-0.4632030767753562,85.941544809808
0.9443880640110152,-0.4621892825135411,85.9409406787278
0.9448880695636674,-0.4612039718000561,85.94035136444847
0.9453880751163268,-0.4602479509153395,85.93977786777103
0.9458880806689791,-0.4593220268646485,85.93922119185535
0.9463880862216394,-0.4584270068952577,85.93868234097076
0.9468880917742908,-0.457563697947234,85.93816231900873
0.9473880973269502,-0.4567329060373053,85.9376621277554
0.9478881028796025,-0.4559354355757213,85.93718276492386
0.9483881084322618,-0.4551720886160879,85.93672522194585
0.9488881139849141,-0.4544436640379546,85.93629048152218
0.9493881195375735,-0.453750956662292,85.93587951493224
0.9498881250902258,-0.4530947563010814,85.93549327910708
0.9503881306428852,-0.4524758467433384,85.93513271347464
0.9508881361955375,-0.4518950046809865,85.9347987365897
0.9513881417481969,-0.4513529985783588,85.93449224256223
0.9518881473008491,-0.4508505874896889,85.9342140973007
0.9523881528535085,-0.450388519829943,85.93396513458949
0.9528881584061608,-0.4499675321053331,85.93374615202414
0.9533881639588202,-0.4495883476104974,85.93355790683015
0.9538881695114725,-0.4492516750992885,85.9334011115907
0.9543881750641319,-0.4489582074362507,85.93327642990965
0.9548881806167842,-0.4487086202364527,85.93318447203802
0.9553881861694444,-0.4485035705032827,85.93312579049912
0.9558881917220958,-0.4483436952748346,85.93310087575202
0.9563881972747552,-0.4482296102905262,85.9331101519357
0.9568882028274084,-0.4481619086887712,85.93315397273442
0.9573882083800669,-0.4481411597468585,85.93323261740485
0.9578882139327192,-0.448167907674596,85.93334628700796
0.9583882194853786,-0.448242670474289,85.93349510089179
0.9588882250380308,-0.448365938879499,85.93367909347131
0.9593882305906902,-0.4485381753842052,85.9338982113477
0.9598882361433434,-0.4487598133711861,85.93415231080003
0.9603882416960019,-0.4490312563457231,85.93444115567146
0.9608882472486542,-0.4493528772769333,85.93476441565855
0.9613882528013136,-0.4497250180463393,85.935121665002
0.9618882583539659,-0.4501479890012776,85.93551238156999
0.9623882639066252,-0.4506220686099533,85.93593594632216
0.9628882694592775,-0.4511475032140445,85.93639164313885
0.9633882750119369,-0.4517245068732041,85.93687865899484
0.9638882805645892,-0.4523532612950265,85.93739608445358
0.9643882861172486,-0.4530339158440247,85.93794291445784
0.9648882916699009,-0.4537665876252056,85.93851804940043
0.9653882972225603,-0.4545513616400032,85.93912029646675
0.9658883027752125,-0.4553882910146387,85.93974837124881
0.9663883083278719,-0.4562773973021967,85.94040089963583
0.9668883138805242,-0.457218670861361,85.94107641999165
0.9673883194331836,-0.4582120713154996,85.94177338563279
0.9678883249858359,-0.459257528097262,85.94249016762586
0.9683883305384953,-0.4603549410838333,85.94322505792307
0.9688883360911484,-0.4615041813275101,85.94397627285306
0.9693883416438069,-0.4627050918853401,85.94474195698047
0.9698883471964592,-0.4639574887516315,85.94552018734834
0.9703883527491186,-0.4652611618978422,85.94630897811959
0.9708883583017709,-0.4666158764249687,85.94710628563648
0.9713883638544303,-0.4680213738339915,85.94791001391812
0.9718883694070826,-0.4694773734190356,85.94871802061341
0.972388374959742,-0.4709835737862968,85.94952812341998
0.9728883805123942,-0.4725396544992989,85.95033810697154
0.9733883860650536,-0.4741452778490337,85.9511457301877
0.9738883916177059,-0.475800090745936,85.95194873407512
0.9743883971703653,-0.4775037267297558,85.95274484996497
0.9748884027230176,-0.4792558080916036,85.95353180816568
0.975388408275677,-0.4810559480994871,85.95430734699856
0.9758884138283292,-0.4829037533144055,85.95506922216845
0.9763884193809886,-0.4847988259795568,85.95581521640484
0.9768884249336409,-0.4867407664620721,85.95654314929726
0.9773884304863003,-0.4887291757246809,85.95725088724143
0.9778884360389526,-0.4907636578045317,85.957936353412
0.978388441591612,-0.4928438222769138,85.95859753767938
0.9788884471442643,-0.4949692866820571,85.95923250639035
0.9793884526969237,-0.49713967889364,85.95983941193296
0.9798884582495759,-0.4993546394076283,85.96041650200729
0.9803884638022353,-0.5016138235308866,85.96096212852541
0.9808884693548876,-0.5039169034492312,85.96147475606602
0.981388474907547,-0.5062635701565757,85.96195296981547
0.9818884804601993,-0.5086535352291041,85.96239548293602
0.9823884860128587,-0.5110865324318394,85.9628011433144
0.982888491565511,-0.5135623191466404,85.96316893965042
0.9833884971181703,-0.516080677611838,85.96349800684894
0.9838885026708226,-0.5186414159632949,85.96378763067773
0.984388508223482,-0.5212443690686731,85.9640372516606
0.9848885137761343,-0.5238893991496739,85.96424646818636
0.9853885193287937,-0.5265763961909807,85.96441503882878
0.985888524881446,-0.5293052781367412,85.96454288388064
0.9863885304341053,-0.5320759908757333,85.96463008610552
0.9868885359867576,-0.5348885080159665,85.9646768907105
0.987388541539417,-0.5377428304498106,85.96468370454303
0.9878885470920693,-0.5406389857106926,85.96465109451606
0.9883885526447287,-0.543577027122833,85.96457978526632
0.988888558197381,-0.546557032745527,85.96447065605138
0.9893885637500404,-0.5495791041134709,85.96432473689038
0.9898885693026926,-0.5526433647743378,85.96414320395313
0.990388574855352,-0.5557499586245844,85.96392737420044
0.9908885804080043,-0.5588990480453448,85.9636786992827
0.9913885859606637,-0.5620908118425479,85.96339875871125
0.991888591513316,-0.5653254429984249,85.96308925232925
0.9923885970659754,-0.5686031462450106,85.96275199212039
0.9928886026186277,-0.5719241354731355,85.96238889340523
0.993388608171287,-0.575288630993073,85.96200196548477
0.9938886137239393,-0.5786968566649281,85.96159330179707
0.9943886192765987,-0.58214903691789,85.961165069658
0.994888624829251,-0.5856453936781225,85.96071949965838
0.9953886303819104,-0.5891861432250765,85.96025887479036
0.9958886359345627,-0.5927714929956046,85.9597855193743
0.9963886414872221,-0.5964016383545152,85.95930178785486
0.9968886470398743,-0.6000767593495062,85.95881005353218
0.9973886525925337,-0.6037970174676848,85.95831269729122
0.997888658145186,-0.607562552409884,85.9578120963894
0.9983886636978454,-0.6113734788986436,85.95731061336029
0.9988886692504977,-0.6152298835348313,85.95681058508902
0.9993886748031571,-0.6191318217180231,85.9563143121145
0.9998886803558094,-0.6230793146455454,85.95582404821376
1.0003886859084687,-0.6270723464048472,85.955341990322
1.000888691461121,-0.6311108611724223,85.95487026883727
1.0013886970137804,-0.6351947605311579,85.95441093835338
1.0018887025664327,-0.6393239009173511,85.95396596886222
1.002388708119092,-0.6434980912082706,85.95353723746592
1.0028887136717444,-0.647717090460461,85.95312652063583
1.0033887192244038,-0.651980605806861,85.95273548704853
1.003888724777056,-0.6562882905187272,85.95236569102039
1.0043887303297154,-0.6606397422367453,85.95201856655697
1.0048887358823677,-0.6650345013743559,85.95169542202845
1.005388741435027,-0.6694720496956144,85.95139743547894
1.0058887469876794,-0.6739518090681441,85.95112565057245
1.0063887525403388,-0.6784731403909382,85.95088097317364
1.006888758092991,-0.6830353426958985,85.95066416855977
1.0073887636456504,-0.6876376524227026,85.95047585926162
1.0078887691983027,-0.6922792428675963,85.95031652353597
1.0083887747509621,-0.6969592238091897,85.95018649448046
1.0088887803036144,-0.7016766413154676,85.9500859598063
1.0093887858562738,-0.7064304777373943,85.95001496228866
1.009888791408926,-0.7112196518938745,85.94997340091194
1.0103887969615855,-0.7160430194516443,85.94996103272314
1.0108888025142377,-0.7208993735021201,85.94997747540032
1.0113888080668971,-0.7257874453364677,85.95002221054104
1.0118888136195494,-0.7307059054191818,85.95009458767115
1.0123888191722088,-0.7356533645588188,85.95019382896922
1.012888824724861,-0.7406283752721867,85.95031903469223
1.0133888302775205,-0.7456294333344351,85.95046918927486
1.0138888358301728,-0.7506549795044758,85.95064316806275
1.0143888413828321,-0.7557034014124349,85.95083974463074
1.0148888469354844,-0.7607730355950578,85.95105759863364
1.0153888524881438,-0.7658621696649784,85.9512953241373
1.015888858040796,-0.7709690445987594,85.95155143837428
1.0163888635934564,-0.776091857127319,85.95182439086312
1.0168888691461078,-0.7812287622104912,85.9521125728237
1.0173888746987672,-0.7863778755757617,85.95241432681483
1.0178888802514194,-0.7915372763005382,85.95272795651782
1.0183888858040788,-0.7967050094169333,85.95305173658765
1.018888891356731,-0.801879088518345,85.95338392249592
1.0193888969093914,-0.8070574983480188,85.95372276029147
1.0198889024620428,-0.812238197350482,85.95406649620847
1.0203889080147022,-0.8174191201674393,85.95441338605347
1.0208889135673545,-0.8225981800610603,85.95476170430868
1.0213889191200138,-0.8277732712498724,85.95510975289622
1.0218889246726661,-0.8329422711456376,85.95545586956086
1.0223889302253255,-0.838103042483199,85.95579843584106
1.0228889357779778,-0.8432534353381063,85.95613588460931
1.0233889413306372,-0.848391289028643,85.95646670716923
1.0238889468832895,-0.8535144338996726,85.95678945989954
1.0243889524359489,-0.8586206929858595,85.95710277043602
1.0248889579886011,-0.8637078835513152,85.95740534338043
1.0253889635412605,-0.8687738185018729,85.95769596552215
1.0258889690939128,-0.8738163076648958,85.9579735105539
1.0263889746465722,-0.8788331589307773,85.95823694325966
1.0268889801992245,-0.883822179249981,85.9584853231521
1.0273889857518839,-0.8887811754799531,85.95871780753858
1.0278889913045361,-0.8937079550774767,85.95893365399914
1.0283889968571964,-0.8986003266336204,85.9591322222661
1.0288890024098478,-0.9034561002499216,85.95931297549996
1.0293890079625072,-0.908273087755123,85.95947548095913
1.0298890135151604,-0.9130491027623512,85.9596194100631
1.0303890190678189,-0.9177819605675662,85.95974453785175
1.0308890246204712,-0.9224694778916986,85.95985074184996
1.0313890301731305,-0.92710947247138,85.95993800035544
1.0318890357257828,-0.9316997625056432,85.96000639017672
1.0323890412784422,-0.936238165969313,85.96005608386129
1.0328890468310954,-0.9407224998073094,85.96008734646583
1.033389052383754,-0.9451505790263708,85.96010053192964
1.0338890579364062,-0.9495202157005488,85.96009607911158
1.0343890634890656,-0.9538292179046284,85.96007450754259
1.0348890690417178,-0.9580753885864336,85.96003641293424
1.0353890745943772,-0.962256524386162,85.95998246247338
1.0358890801470295,-0.9663704144084452,85.95991338992361
1.036389085699689,-0.9704148389518912,85.95982999055148
1.0368890912523412,-0.9743875682009472,85.9597331158947
1.0373890968050006,-0.9782863608858974,85.95962366839433
1.0378891023576529,-0.9821089629179388,85.95950259591609
1.0383891079103122,-0.9858531060064912,85.9593708861874
1.0388891134629645,-0.9895165062650384,85.95922956117332
1.039389119015624,-0.99309686280915,85.95907967140474
1.0398891245682762,-0.9965918563472912,85.95892229026126
1.0403891301209356,-0.9999991477630472,85.95875850820332
1.0408891356735879,-1.0033163766890127,85.95858942695496
1.0413891412262473,-1.0065411600765866,85.95841615365232
1.0418891467789004,-1.0096710907697295,85.95823979498817
1.042389152331559,-1.0127037360930176,85.95806145139017
1.0428891578842112,-1.0156366364639433,85.95788221126995
1.0433891634368706,-1.0184673040385703,85.9577031453765
1.0438891689895229,-1.0211932213980337,85.9575253012815
1.0443891745421823,-1.023811840282184,85.95734969802014
1.0448891800948346,-1.0263205803757929,85.95717732090708
1.045389185647494,-1.028716828152139,85.95700911654583
1.0458891912001462,-1.0309979357784926,85.95684598804803
1.0463891967528056,-1.0331612200873288,85.95668879047682
1.046889202305458,-1.0352039616167628,85.95653832652738
1.0473892078581173,-1.03712340372379,85.95639534245807
1.0478892134107696,-1.0389167517753994,85.95626052429051
1.048389218963429,-1.0405811724235845,85.95613449430154
1.0488892245160812,-1.0421137929719353,85.95601780783507
1.0493892300687406,-1.0435117008421473,85.95591095046478
1.049889235621393,-1.0447719431486475,85.95581433553835
1.0503892411740523,-1.0458915263889343,85.95572830213098
1.0508892467267046,-1.0468674162554434,85.95565311342989
1.051389252279364,-1.0476965375721643,85.95558895556206
1.0518892578320163,-1.048375774356524,85.95553593686691
1.0523892633846756,-1.048901970004377,85.9554940876063
1.052889268937328,-1.049271927594967,85.95546336010025
1.0533892744899873,-1.0494824103124816,85.9554436292762
1.0538892800426396,-1.0495301419805003,85.95543469361806
1.054389285595299,-1.049411807705118,85.9554362764999
1.0548892911479513,-1.0491240546217409,85.95544802788578
1.0553892967006107,-1.04866349274001,85.95546952637524
1.055889302253263,-1.0480266958809183,85.95550028157322
1.0563893078059223,-1.0472102027010026,85.95553973676496
1.0568893133585746,-1.0462105177996504,85.95558727188204
1.057389318911234,-1.045024112907441,85.95564220675163
1.0578893244638863,-1.0436474281546784,85.95570380462632
1.0583893300165457,-1.0420768734186885,85.9557712759891
1.058889335569198,-1.0403088297466856,85.95584378262217
1.0593893411218573,-1.0383396508488174,85.95592044191983
1.0598893466745096,-1.0361656646549555,85.95600033142162
1.060389352227169,-1.0337831749291313,85.95608249354382
1.0608893577798213,-1.031188462935378,85.95616594048603
1.0613893633324807,-1.0283777891484842,85.95624965928953
1.061889368885133,-1.025347395002203,85.95633261701975
1.0623893744377924,-1.0220935046670487,85.95641376604414
1.0628893799904446,-1.0186123268483485,85.95649204937135
1.063389385543104,-1.01490005659416,85.95656640601356
1.0638893910957563,-1.0109528771017944,85.95663577633036
1.0643893966484157,-1.006766961512363,85.95669910731587
1.064889402201068,-1.002338474684966,85.9567553577981
1.0653894077537274,-0.9976635749437404,85.95680350352579
1.0658894133063797,-0.9927384157923717,85.95684254212321
1.066389418859039,-0.9875591475918062,85.95687149789748
1.0668894244116913,-0.9821219191988182,85.95688942648995
1.0673894299643507,-0.9764228795643836,85.95689541936812
1.067889435517003,-0.9704581792916932,85.95688860815787
1.0683894410696624,-0.964223972153595,85.95686816881539
1.0688894466223147,-0.9577164165686428,85.95683332563627
1.069389452174974,-0.9509316770344014,85.956783355097
1.0698894577276263,-0.9438659255166396,85.95671758952412
1.0703894632802857,-0.936515342792451,85.95663542058428
1.070889468832938,-0.9288761197445286,85.9565363025851
1.0713894743855974,-0.920944458602603,85.95641975557271
1.0718894799382497,-0.9127165741274196,85.95628536820901
1.072389485490909,-0.9041886947317476,85.95613280040874
1.0728894910435613,-0.8953570635321582,85.95596178571378
1.0733894965962207,-0.8862179393258666,85.95577213338372
1.073889502148873,-0.8767675974881515,85.95556373018655
1.0743895077015324,-0.8670023307882542,85.95533654188239
1.0748895132541847,-0.8569184501234939,85.95509061439911
1.075389518806844,-0.8465122851724707,85.95482607470404
1.0758895243594964,-0.8357801849688131,85.95454313137697
1.0763895299121558,-0.8247185183968021,85.95424207489015
1.076889535464808,-0.813323674609232,85.95392327759672
1.0773895410174674,-0.8015920633662177,85.95358719342332
1.0778895465701197,-0.7895201152927783,85.95323435725918
1.078389552122779,-0.7771042820527403,85.95286538403303
1.0788895576754314,-0.7643410364365087,85.95248096746923
1.0793895632280908,-0.7512268723596214,85.95208187851178
1.079889568780743,-0.7377583047670457,85.95166896339848
1.0803895743334024,-0.7239318694376942,85.95124314136478
1.0808895798860547,-0.709744122684298,85.95080540196012
1.081389585438714,-0.6951916409466763,85.95035680196939
1.0818895909913664,-0.680271020278836,85.94989846194213
1.0823895965440258,-0.6649788757316849,85.94943156233593
1.082889602096678,-0.6493118406337879,85.94895733928354
1.0833896076493374,-0.6332665657727444,85.94847707999372
1.0838896132019897,-0.6168397184813823,85.94799211780152
1.0843896187546491,-0.6000279816340947,85.94750382688804
1.0848896243073014,-0.582828052560631,85.94701361669729
1.0853896298599608,-0.5652366418859256,85.94652292608194
1.085889635412613,-0.5472504723059912,85.94603321721556
1.0863896409652725,-0.5288662773108792,85.94554596931229
1.0868896465179247,-0.5100807998664078,85.9450626721976
1.0873896520705841,-0.4908907910669364,85.94458481977588
1.0878896576232364,-0.4712930087718299,85.9441139034419
1.0883896631758958,-0.4512842162390366,85.9436514054862
1.088889668728548,-0.4308611807691284,85.94319879254394
1.0893896742812084,-0.4100206723720622,85.94275750913336
1.0898896798338598,-0.3887594624675523,85.94232897132373
1.0903896853865191,-0.3670743226279899,85.941914560567
1.0908896909391714,-0.3449620233714113,85.94151561772077
1.0913896964918308,-0.3224193330099504,85.94113343728324
1.091889702044483,-0.2994430165569902,85.94076926185255
1.0923897075971434,-0.2760298346942484,85.94042427681526
1.0928897131497948,-0.2521765427997606,85.94009960526832
1.0933897187024542,-0.2278798900384522,85.93979630318071
1.0938897242551064,-0.2031366185181314,85.93951535480625
1.0943897298077658,-0.1779434625148347,85.93925766836192
1.0948897353604181,-0.1522971477709179,85.93902407198507
1.0953897409130775,-0.126194390867893,85.93881530997723
1.0958897464657298,-0.099631898674398,85.93863203933608
1.0963897520183892,-0.0726063678688268,85.93847482657473
1.0968897575710415,-0.04511448453684,85.93834414482905
1.0973897631237008,-0.0171529238451787,85.93824037125907
1.0978897686763531,0.0112816502059556,85.93816378475302
1.0983897742290125,0.0401925849500877,85.93811456394107
1.0988897797816648,0.0695832391410276,85.93809278552048
1.0993897853343242,0.099456982961247,85.93809842288275
1.0998897908869765,0.1298171979564273,85.93813134502753
1.1003897964396359,0.1606672769007684,85.9381913157466
1.1008898019922881,0.1920106235964841,85.93827799306538
1.1013898075449484,0.2238506526097942,85.93839092893411
1.1018898130975998,0.2561907889449687,85.93852956916294
1.1023898186502592,0.2890344676571049,85.93869325359886
1.1028898242029124,0.3223851334029478,85.93888121654736
1.1033898297555709,0.3562462399280409,85.93909258744532
1.1038898353082232,0.3906212494879378,85.93932639179366
1.1043898408608825,0.4255136322015466,85.93958155235751
1.1048898464135348,0.4609268653343986,85.93985689064176
1.1053898519661942,0.4968644325094952,85.94015112865131
1.1058898575188474,0.5333298228428155,85.94046289094678
1.1063898630715059,0.5703265300009636,85.9407907070052
1.1068898686241582,0.6078580511797264,85.94113301389066
1.1073898741768176,0.6459278860041507,85.9414881592322
1.1078898797294698,0.6845395353534566,85.94185440449783
1.1083898852821292,0.723696500115525,85.94222992854635
1.1088898908347815,0.7634022798764586,85.94261283143753
1.109389896387441,0.8036603715497419,85.94300113848355
1.1098899019400932,0.8444742679483905,85.94339280452985
1.1103899074927526,0.8858474563020522,85.94378571845755
1.1108899130454049,0.927783416720628,85.94417770790251
1.1113899185980642,0.9702856206050408,85.94456654418813
1.1118899241507165,1.0133575290054004,85.94494994747154
1.112389929703376,1.0570025909261602,85.94532559210438
1.1128899352560282,1.101224241577952,85.94569111220964
1.1133899408086876,1.1460259005764917,85.94604410747306
1.1138899463613399,1.1914109700900148,85.94638214914359
1.1143899519139993,1.237382832938477,85.94670278623138
1.1148899574666524,1.2839448506488012,85.94700355188711
1.115389963019311,1.3311003614721892,85.9472819699406
1.1158899685719632,1.3788526783707606,85.94753556157207
1.1163899741246226,1.4272050869823991,85.94776185208292
1.1168899796772749,1.4761608435740792,85.94795837772844
1.1173899852299343,1.5257231729951344,85.94812269256981
1.1178899907825866,1.57589526664216,85.9482523753025
1.118389996335246,1.6266802804479452,85.94834503601496
1.1188900018878982,1.6780813329078756,85.94839832282824
1.1193900074405576,1.7301015031591436,85.94840992835967
1.11989001299321,1.7827438291300064,85.94837759594695
1.1203900185458693,1.836011305776724,85.94829912556762
1.1208900240985216,1.8899068834248756,85.94817237939196
1.121390029651181,1.9444334662302696,85.94799528691331
1.1218900352038332,1.9995939107729948,85.94776584960567
1.1223900407564926,2.0553910247967253,85.94748214506353
1.122890046309145,2.1118275661037287,85.94714233058573
1.1233900518618043,2.1689062416130214,85.94674464617538
1.1238900574144566,2.226629706586301,85.94628741693867
1.124390062967116,2.2850005640246907,85.94576905487155
1.1248900685197682,2.34402136423937,85.94518806002246
1.1253900740724276,2.403694604599776,85.9445430210175
1.12589007962508,2.4640227294633203,85.9438326149334
1.1263900851777393,2.525008130289845,85.94305560650614
1.1268900907303916,2.5866531459434285,85.94221084666546
1.127390096283051,2.6489600631832944,85.94129727038853
1.1278901018357033,2.711931117344209,85.94031389387123
1.1283901073883627,2.7755684932043265,85.93925981102447
1.128890112941015,2.839874326036357,85.93813418931025
1.1293901184936743,2.90485070283528,85.93693626494266
1.1298901240463266,2.970499663713341,85.93566533748742
1.130390129598986,3.036823203450396,85.93432076390403
1.1308901351516383,3.10382327318471,85.93290195208492
1.1313901407042977,3.171501782226938,85.93140835395572
1.13189014625695,3.2398605999771206,85.92983945820997
1.1323901518096093,3.308901557923016,85.92819478275882
1.1328901573622616,3.378626451696613,85.92647386698039
1.133390162914921,3.4490370431651147,85.92467626385624
1.1338901684675733,3.5201350625318115,85.9228015320854
1.1343901740202327,3.591922210421566,85.92084922826898
1.134890179572885,3.664400159926332,85.91881889925571
1.1353901851255443,3.737570558588207,85.91671007473133
1.1358901906781966,3.811435030299924,85.91452226012561
1.136390196230856,3.885995177104711,85.9122549299035
1.1368902017835083,3.9612525808791705,85.90990752130031
1.1373902073361677,4.037208804885359,85.90747942855207
1.13789021288882,4.113865395181797,85.90496999765804
1.1383902184414794,4.191223881887567,85.9023785216973
1.1388902239941316,4.269285780297165,85.89970423670738
1.139390229546791,4.348052591845594,85.89694631812665
1.1398902350994433,4.427525804924519,85.89410387779729
1.1403902406521027,4.507706895551083,85.89117596152244
1.140890246204755,4.588597327893177,85.88816154716346
1.1413902517574144,4.670198554656966,85.88505954325554
1.1418902573100667,4.752512017344055,85.88186878811422
1.142390262862726,4.835539146385127,85.87858804940717
1.1428902684153783,4.919281361155874,85.87521602416979
1.1433902739680377,5.003740069879628,85.87175133924784
1.14389027952069,5.08891666942029,85.86819255215373
1.1443902850733494,5.174812544969267,85.86453815232261
1.1448902906260017,5.261429069629183,85.86078656275768
1.145390296178661,5.3487676038963325,85.85693614205738
1.1458903017313133,5.436829495043194,85.85298518681938
1.1463903072839727,5.525616076402804,85.84893193441448
1.146890312836625,5.615128666558406,85.84477456611765
1.1473903183892844,5.705368568442079,85.84051121058242
1.1478903239419367,5.796337068345211,85.83613994764778
1.148390329494596,5.888035434842337,85.83165881247191
1.1488903350472484,5.980464917629598,85.82706579998793
1.1493903405999077,6.073626746280548,85.82235886967146
1.14989034615256,6.167522128924317,85.8175359506014
1.1503903517052194,6.262152250852765,85.81259494678923
1.1508903572578717,6.357518273063792,85.80753374275045
1.151390362810531,6.453621330747875,85.80235020929155
1.1518903683631834,6.550462531724147,85.79704220948972
1.1523903739158428,6.648042954831929,85.79160760484267
1.152890379468495,6.746363648283894,85.78604426156618
1.1533903850211544,6.845425627987193,85.78035005701565
1.1538903905738067,6.945229875838821,85.77452288620847
1.154390396126466,7.0457773380011455,85.76856066842532
1.1548904016791184,7.147068923163032,85.76246135387011
1.1553904072317778,7.249105500792247,85.75622293036751
1.15589041278443,7.351887899385831,85.74984343007353
1.1563904183370894,7.455416904725983,85.74332093617075
1.1568904238897417,7.5596932581487,85.73665358952178
1.1573904294424011,7.66471765483149,85.72983959525716
1.1578904349950534,7.770490742105135,85.72287722927952
1.1583904405477128,7.877013117794519,85.71576484466487
1.158890446100365,7.98428532859505,85.7085008779375
1.1593904516530245,8.092307868492778,85.70108385518756
1.1598904572056767,8.201081177238038,85.69351239799558
1.1603904627583361,8.310605638882768,85.68578522912563
1.1608904683109884,8.420881580391377,85.67790117795096
1.1613904738636478,8.531909270334117,85.66985918557845
1.1618904794163,8.643688917669978,85.6616583096457
1.1623904849689604,8.756220670623652,85.65329772877413
1.1628904905216118,8.869504615657874,85.6447767466723
1.1633904960742711,8.983540776540826,85.63609479589118
1.1638905016269234,9.098329113507576,85.6272514412343
1.1643905071795828,9.213869522515692,85.61824638282236
1.164890512732235,9.330161834596607,85.60907945880595
1.1653905182848954,9.447205815305017,85.59975064771791
1.1658905238375468,9.565001164269656,85.59026007045247
1.1663905293902062,9.68354751484985,85.58060799185478
1.1668905349428584,9.802844433903369,85.57079482189981
1.1673905404955178,9.92289142167177,85.56082111643775
1.16789054604817,10.04368791178882,85.5506875774846
1.1683905516008295,10.165233271415884,85.54039505304317
1.1688905571534818,10.28752680150633,85.52994453644672
1.1693905627061412,10.410567737198557,85.51933716522606
1.1698905682587935,10.534355248334888,85.50857421951015
1.1703905738114528,10.658888440101194,85.49765711997844
1.1708905793641051,10.78416635378042,85.48658742539017
1.1713905849167645,10.91018796761193,85.47536682971979
1.1718905904694168,11.036952197748231,85.46399715892969
1.1723905960220762,11.16445789930012,85.45248036741248
1.1728906015747285,11.29270386746047,85.44081853413921
1.1733906071273879,11.421688838695063,85.42901385855563
1.1738906126800401,11.55141149198772,85.41706865627356
1.1743906182327004,11.68187045012669,85.40498535460493
1.1748906237853518,11.813064281020884,85.39276648798112
1.1753906293380112,11.94499149903704,85.38041469328947
1.1758906348906644,12.077650566351553,85.36793270515028
1.1763906404433229,12.211039894313,85.35532335114868
1.1768906459959751,12.345157844812734,85.34258954703058
1.1773906515486345,12.480002731662516,85.32973429186643
1.1778906571012868,12.615572821979695,85.31676066318013
1.1783906626539462,12.751866337582326,85.30367181203468
1.1788906682065994,12.888881456397703,85.29047095806015
1.1793906737592579,13.02661631388983,85.27716138440421
1.1798906793119102,13.16506900451174,85.26374643258228
1.1803906848645696,13.304237583190057,85.2502294971995
1.1808906904172218,13.44412006685017,85.23661402051329
1.1813906959698812,13.58471443599169,85.22290348679996
1.1818907015225335,13.726018636324238,85.20910141648751
1.182390707075193,13.868030580473262,85.19521136001809
1.1828907126278452,14.010748149763025,85.18123689141333
1.1833907181805046,14.154169196080082,85.1671816015291
1.1838907237331568,14.298291543816426,85.15304909100264
1.1843907292858162,14.44311299188726,85.13884296290968
1.1848907348384685,14.588631315815306,85.12456681516115
1.185390740391128,14.73484426986967,85.11022423268344
1.1858907459437802,14.88174958924385,85.0958187794385
1.1863907514964396,15.029344992254162,85.08135399035302
1.1868907570490919,15.177628182538069,85.06683336323218
1.1873907626017512,15.326596851231592,85.05226035073487
1.1878907681544044,15.476248679106655,85.03763835248105
1.188390773707063,15.626581338650544,85.022970707357
1.1888907792597152,15.777592496070062,85.00826068608292
1.1893907848123746,15.929279813202164,84.99351148411031
1.1898907903650269,16.081640949312312,84.97872621491855
1.1903907959176863,16.234673562762445,84.96390790377777
1.1908908014703385,16.38837531253263,84.94905948203734
1.191390807022998,16.542743859583332,84.93418378198817
1.1918908125756502,16.69777686804814,84.91928353233678
1.1923908181283096,16.853472006248815,84.90436135432144
1.1928908236809619,17.009826947525834,84.8894197584959
1.1933908292336213,17.16683937087873,84.87446114220201
1.1938908347862736,17.32450696141214,84.85948778774639
1.194390840338933,17.482827410585603,84.84450186128913
1.1948908458915852,17.64179841626796,84.82950541244111
1.1953908514442446,17.801417682600526,84.814500374555
1.195890856996897,17.961682919676583,84.79948856568184
1.1963908625495563,18.122591843048024,84.78447169015352
1.1968908681022086,18.28414217307202,84.76945134074322
1.197390873654868,18.44633163411257,84.754429001349
1.1978908792075202,18.60915795361264,84.73940605014221
1.1983908847601796,18.77261886105381,84.72438376311803
1.198890890312832,18.93671208682049,84.70936331798478
1.1993908958654913,19.101435360985192,84.69434579833054
1.1998909014181436,19.266786412029763,84.67933219801256
1.200390906970803,19.43276296551459,84.6643234257238
1.2008909125234553,19.59936274270634,84.64932030969817
1.2013909180761146,19.766583459174697,84.63432360251517
1.201890923628767,19.93442282337038,84.61933398595843
1.2023909291814263,20.102878535198933,84.60435207587432
1.2028909347340786,20.271948284607063,84.58937842696795
1.203390940286738,20.441629750199667,84.57441353746933
1.2038909458393903,20.61192059790686,84.55945785359752
1.2043909513920497,20.782818479720152,84.54451177375144
1.204890956944702,20.95432103251561,84.52957565236088
1.2053909624973613,21.126425876978796,84.51464980334248
1.2058909680500136,21.299130616642056,84.49973450312086
1.206390973602673,21.472432837040632,84.48482999319144
1.2068909791553253,21.64633010498842,84.46993648222073
1.2073909847079847,21.82081996797091,84.45505414769389
1.207890990260637,21.99589995364905,84.44018313713251
1.2083909958132963,22.17156756946529,84.42532356891519
1.2088910013659486,22.347820302340452,84.41047553274305
1.209391006918608,22.524655618448453,84.39563908979886
1.2098910124712603,22.70207096305561,84.38081427264902
1.2103910180239197,22.88006376041251,84.36600108493386
1.210891023576572,23.058631413686708,84.35119950088921
1.2113910291292314,23.237771304924888,84.33640946474296
1.2118910346818836,23.417480795031988,84.3216308900324
1.212391040234543,23.597757223754734,84.30686365889039
1.2128910457871953,23.77859790965625,84.29210762134957
1.2133910513398547,23.96000015006816,84.27736259471644
1.213891056892507,24.14196122100704,84.2626283630642
1.2143910624451664,24.32447837704448,84.24790467688496
1.2148910679978187,24.507548851123666,84.23319125292889
1.215391073550478,24.69116985431865,84.21848777424421
1.2158910791031303,24.87533857553579,84.2037938904214
1.2163910846557897,25.060052181157825,84.1891092180397
1.216891090208442,25.245307814631143,84.17443334131508
1.2173910957611014,25.431102595995025,84.15976581295413
1.2178911013137537,25.617433621350145,84.14510615522542
1.218391106866413,25.80429796226328,84.1304538612598
1.2188911124190653,25.991692665107955,84.11580839658151
1.2193911179717247,26.17961475034466,84.1011692008577
1.219891123524377,26.368061211747964,84.08653568983861
1.2203911290770364,26.55702901559015,84.0719072574545
1.2208911346296887,26.74651509979107,84.05728327803257
1.221391140182348,26.93651637304397,84.04266310859926
1.2218911457350004,27.127029713926568,84.02804609123304
1.2223911512876597,27.31805197000666,84.01343155543432
1.222891156840312,27.509579956950336,83.99881882048282
1.2233911623929714,27.701610457639283,83.98420719775885
1.2238911679456237,27.894140221302624,83.96959599300922
1.224391173498283,28.08716596266805,83.95498450853978
1.2248911790509354,28.280684361138302,83.94037204531404
1.2253911846035948,28.474692059998567,83.9257579049366
1.225891190156247,28.669185665661047,83.91114139149974
1.2263911957089064,28.864161746951783,83.89652181327406
1.2268912012615587,29.05961683444376,83.88189848422955
1.227391206814218,29.25554741983849,83.86727072537931
1.2278912123668704,29.4519499553962,83.85263786594632
1.2283912179195298,29.64882085341362,83.83799924435786
1.228891223472182,29.84615648574677,83.8233542090781
1.2293912290248414,30.043953183374747,83.8087021192947
1.2298912345774937,30.2422072359989,83.7940423454811
1.230391240130153,30.440914891670086,83.77937426986311
1.2308912456828054,30.640072356436708,83.76469728681751
1.2313912512354648,30.839675794007377,83.75001080322721
1.231891256788117,31.039721325423823,83.73531423881002
1.2323912623407756,31.24020502874116,83.72060702643239
1.2328912678934287,31.441122938713505,83.70588861241741
1.2333912734460881,31.64247104648271,83.69115845685593
1.2338912789987404,31.844245299267683,83.67641603393122
1.2343912845513998,32.04644160005157,83.66166083226855
1.234891290104052,32.249055807264334,83.64689235531984
1.2353912956567124,32.45208373445795,83.63211012179443
1.2358913012093637,32.655521149971094,83.61731366614944
1.2363913067620231,32.859363776577595,83.60250253916132
1.2368913123146754,33.063607291112035,83.58767630860488
1.2373913178673348,33.26824732406533,83.57283456006779
1.237891323419987,33.47327945914552,83.55797689791895
1.2383913289726474,33.67869923280215,83.54310294643817
1.2388913345252988,33.88450213371683,83.52821235109863
1.2393913400779581,34.09068360226627,83.51330477997902
1.2398913456306104,34.29723902996744,83.49837992527074
1.2403913511832698,34.50416375891527,83.48343750484145
1.240891356735922,34.71145308122256,83.46847726382009
1.2413913622885815,34.91910223846979,83.45349897617521
1.2418913678412338,35.12710642117098,83.43850244626424
1.2423913733938932,35.3354607682611,83.42348751033421
1.2428913789465454,35.54416036661006,83.40845403795562
1.2433913844992048,35.7532002505674,83.39340193337458
1.2438913900518571,35.96257540154029,83.37833113677495
1.2443913956045165,36.17228074760595,83.36324162544594
1.2448914011571688,36.38231116315987,83.34813341485182
1.2453914067098282,36.59266146860215,83.33300655959471
1.2458914122624805,36.80332643006755,83.31786115425103
1.2463914178151398,37.01430075920827,83.30269733404785
1.2468914233677921,37.225579113042016,83.28751527533282
1.2473914289204524,37.43715609387933,83.27231519578572
1.2478914344731038,37.64902624934346,83.2570973543222
1.2483914400257632,37.86118407249239,83.2418620506547
1.2488914455784164,38.07362400204799,83.22660962449125
1.2493914511310749,38.28634042273328,83.21134045436948
1.2498914566837271,38.499327665715,83.19605495613663
1.2503914622363865,38.71258000914638,83.18075358109586
1.2508914677890388,38.92609167880185,83.16543681384877
1.2513914733416982,39.139856848794224,83.15010516987151
1.2518914788943514,39.35386964236304,83.13475919286654
1.2523914844470099,39.56812413272214,83.11939945193626
1.2528914899996622,39.78261434395295,83.10402653862845
1.2533914955523215,39.99733425192952,83.0886410639075
1.2538915011049738,40.21227778526024,83.07324365510769
1.2543915066576332,40.427438826232944,83.05783495292046
1.2548915122102855,40.64281121175144,83.04241560845914
1.2553915177629449,40.85838873425563,83.02698628043282
1.2558915233155972,41.07416514261939,83.01154763245108
1.2563915288682566,41.29013414302175,82.99610033047676
1.2568915344209088,41.50628939978717,82.980645040443
1.2573915399735682,41.72262453619069,82.96518242605131
1.2578915455262205,41.93913313522369,82.94971314676724
1.25839155107888,42.1558087403161,82.93423785602909
1.2588915566315322,42.37264485601186,82.91875719968277
1.2593915621841916,42.58963494859529,82.9032718146521
1.2598915677368439,42.80677244666725,82.88778232784802
1.2603915732895032,43.02405074167195,82.87228935531547
1.2608915788421564,43.24146318837593,82.85679350161168
1.261391584394815,43.45900310530193,82.84129535940596
1.2618915899474672,43.67666377512174,82.82579550928634
1.2623915955001266,43.894438445012185,82.81029451975732
1.2628916010527789,44.11232032697822,82.79479294741373
1.2633916066054383,44.33030259814734,82.77929133727622
1.2638916121580905,44.548378401038775,82.76379022327384
1.26439161771075,44.76654084381256,82.74829012885613
1.2648916232634022,44.98478300050338,82.73279156771565
1.2653916288160616,45.2030979112438,82.71729504460365
1.2658916343687139,45.42147858248073,82.70180105622492
1.2663916399213733,45.6399179871875,82.68631009220218
1.2668916454740256,45.858409065074255,82.67082263610101
1.267391651026685,46.07694472279884,82.65533916650537
1.2678916565793372,46.29551783418225,82.63986015813012
1.2683916621319966,46.51412124043233,82.62438608295497
1.268891667684649,46.73274775038111,82.60891741136086
1.2693916732373083,46.95139014074094,82.59345461324773
1.2698916787899606,47.17004115638615,82.57799815910977
1.27039168434262,47.388693510666805,82.56254852104156
1.2708916898952722,47.60733988576188,82.54710617364847
1.2713916954479316,47.82597293307792,82.53167159483715
1.271891701000584,48.04458527369896,82.51624526646496
1.2723917065532433,48.26316949889237,82.50082767482981
1.2728917121058956,48.481718170674974,82.4854193109837
1.273391717658555,48.70022382244309,82.47002067085583
1.2738917232112072,48.91867895966913,82.45463225517474
1.2743917287638666,49.13707606066634,82.43925456918333
1.274891734316519,49.35540757742152,82.42388812214678
1.2753917398691783,49.57366593649464,82.40853342665687
1.2758917454218306,49.791843539984086,82.39319099773707
1.27639175097449,50.00993276655584,82.37786135175443
1.2768917565271423,50.22792597253457,82.36254500514475
1.2773917620798017,50.4458154930545,82.34724247295915
1.277891767632454,50.66359364326738,82.33195426724133
1.2783917731851133,50.88125271960422,82.31668089524743
1.2788917787377656,51.09878500108661,82.30142285752379
1.279391784290425,51.31618275068288,82.28618064585993
1.2798917898430773,51.53343821670467,82.2709547411332
1.2803917953957367,51.750543634240486,82.25574561105665
1.280891800948389,51.967491226624304,82.24055370783873
1.2813918065010483,52.184273206936005,82.22537946576333
1.2818918120537006,52.40088177953112,82.21022329870159
1.28239181760636,52.61730914159615,82.19508559756807
1.2828918231590123,52.83354748472604,82.1799667277334
1.2833918287116717,53.04958899652027,82.16486702640631
1.283891834264324,53.2654258621936,82.1497868
1.2843918398169833,53.48105026619508,82.13472632150483
1.2848918453696356,53.69645439382791,82.11968582789655
1.285391850922295,53.91163043285975,82.10466551761719
1.2858918564749473,54.12657057511286,82.08966554816959
1.2863918620276067,54.34126701802287,82.07468603386636
1.286891867580259,54.55571196615601,82.05972704377132
1.2873918731329184,54.7698976326754,82.04478859986884
1.2878918786855706,54.98381624074688,82.02987067549569
1.28839188423823,55.19746002487605,82.01497319406779
1.2888918897908823,55.41082123216844,82.00009602813051
1.2893918953435417,55.62389212350738,81.98523899875346
1.289891900896194,55.836664974646055,81.97040187528191
1.2903919064488534,56.04913207721333,81.9555843754459
1.2908919120015057,56.26128573963582,81.94078616581768
1.291391917554165,56.47311828798095,81.92600686259823
1.2918919231068173,56.68462206672757,81.91124603270782
1.2923919286594767,56.89578943947076,81.8965031951549
1.292891934212129,57.1066127895661,81.88177782266217
1.2933919397647884,57.31708452071662,81.86706934353694
1.2938919453174407,57.527197057503805,81.85237714378022
1.2943919508701,57.7369428458617,81.83770056943739
1.2948919564227523,57.94631435349206,81.82303892919728
1.2953919619754117,58.15530407021855,81.80839149724707
1.295891967528064,58.36390450827952,81.79375751638247
1.2963919730807234,58.572108202562994,81.77913620136061
1.2968919786333757,58.77990771079021,81.76452674246931
1.297391984186035,58.9872956136569,81.7499283092778
1.2978919897386874,59.19426451494228,81.73534005452953
1.2983919952913467,59.40080704159604,81.72076111813853
1.298892000843999,59.60691584381206,81.7061906312536
1.2993920063966584,59.8125835950969,81.69162772036009
1.2998920119493107,60.01780299233943,81.67707151139325
1.30039201750197,60.22256675588808,81.66252113383794
1.3008920230546224,60.42686762964402,81.64797572478211
1.3013920286072818,60.630698381180494,81.63343443288467
1.301892034159934,60.83405180189977,81.61889642221203
1.3023920397125934,61.03692070724,81.60436087589619
1.3028920452652457,61.23929793694341,81.58982699957033
1.303392050817905,61.44117635539479,81.57529402454554
1.3038920563705574,61.64254885203712,81.56076121070248
1.3043920619232168,61.84340834186784,81.54622784908281
1.304892067475869,62.04374776601768,81.53169326417202
1.3053920730285284,62.2435600924119,81.51715681587261
1.3058920785811807,62.442838316512,81.50261790117446
1.3063920841338401,62.641575462133005,81.4880759555393
1.3068920896864924,62.83976458232978,81.473530454023
1.3073920952391518,63.03739876034478,81.45898091216242
1.307892100791804,63.23447111061103,81.44442688665117
1.3083921063444643,63.430974779803606,81.42986797582608
1.3088921118971157,63.62690294793597,81.41530381997893
1.3093921174497751,63.822248829498825,81.40073410150055
1.3098921230024274,64.0170056746416,81.38615854485505
1.3103921285550868,64.21116677039822,81.37157691637762
1.310892134107739,64.40472544195869,81.35698902388854
1.3113921396603994,64.5976750539875,81.34239471611774
1.3118921452130508,64.79000901199021,81.32779388193416
1.3123921507657101,64.9817207637285,81.31318644937761
1.3128921563183624,65.17280380068276,81.29857238449421
1.3133921618710218,65.36325165956045,81.28395168998281
1.313892167423674,65.55305792384678,81.26932440366261
1.3143921729763335,65.74221622539369,81.25469059677667
1.3148921785289858,65.93072024604268,81.24005037214728
1.3153921840816452,66.11856371927695,81.22540386219879
1.3158921896342974,66.3057404318994,81.21075122685953
1.3163921951869568,66.49224422573374,81.19609265135284
1.316892200739609,66.67806899934611,81.18142834388557
1.3173922062922685,66.86320870978442,81.16675853324287
1.3178922118449208,67.04765737433209,81.15208346630168
1.3183922173975802,67.23140907227044,81.13740340548365
1.3188922229502325,67.4144579466406,81.12271862617985
1.3193922285028918,67.59679820599467,81.10802941418632
1.3198922340555441,67.77842412612546,81.09333606319025
1.3203922396082044,67.95933005176512,81.0786388723409
1.3208922451608558,68.1395103982465,81.06393814393034
1.3213922507135152,68.31895965312276,81.04923418119768
1.3218922562661684,68.4976723777453,81.03452728625682
1.3223922618188269,68.67564320880236,81.01981775813718
1.3228922673714791,68.85286685982283,81.00510589091962
1.3233922729241385,69.02933812264911,80.99039197195137
1.3238922784767908,69.2050518688809,80.97567628013181
1.3243922840294502,69.3800030512894,80.96095908427114
1.3248922895821034,69.55418670519924,80.94624064152933
1.3253922951347619,69.72759794983695,80.93152119594023
1.3258923006874141,69.90023198964579,80.91680097702022
1.3263923062400735,70.0720841155688,80.9020801984529
1.3268923117927258,70.2431497063025,80.8873590568407
1.3273923173453852,70.41342422952252,80.87263773051552
1.3278923228980375,70.58290324308248,80.8579163784049
1.3283923284506969,70.75158239618625,80.84319513895014
1.3288923340033492,70.91945743053498,80.82847412907134
1.3293923395560086,71.08652418145074,80.81375344317031
1.3298923451086608,71.25277857897984,80.79903315216063
1.3303923506613202,71.4182166489769,80.78431330251692
1.3308923562139725,71.58283451417105,80.7695939153393
1.331392361766632,71.74662839521356,80.75487498543441
1.3318923673192842,71.90959461170465,80.74015648041896
1.3323923728719436,72.0717295831977,80.72543833985529
1.3328923784245958,72.23302983017584,80.71072047443252
1.3333923839772552,72.39349197499729,80.69600276520973
1.3338923895299084,72.55311274280378,80.68128506294025
1.334392395082567,72.71188896238648,80.66656718749866
1.3348924006352192,72.86981756700331,80.65184892743142
1.3353924061878786,73.02689559514364,80.63713003964692
1.3358924117405309,73.18312019123672,80.62241024925822
1.3363924172931902,73.33848860630013,80.60768924959024
1.3368924228458425,73.49299819852583,80.59296670236208
1.337392428398502,73.64664643380105,80.57824223805196
1.3378924339511542,73.7994308861643,80.56351545644591
1.3383924395038136,73.95134923819592,80.54878592736793
1.3388924450564659,74.10239928134537,80.53405319158574
1.3393924506091253,74.25257891619657,80.51931676188553
1.3398924561617775,74.40188615267309,80.50457612430654
1.340392461714437,74.55031911018611,80.48983073952573
1.3408924672670892,74.69787601772754,80.47508004438174
1.3413924728197486,74.84455521391116,80.46032345352641
1.3418924783724009,74.99035514696405,80.44556036119488
1.3423924839250603,75.13527437467033,80.43079014308572
1.3428924894777126,75.27931156426888,80.4160121583439
1.343392495030372,75.42246549230697,80.40122575163895
1.3438925005830242,75.5647350444508,80.38643025533388
1.3443925061356836,75.70611921525303,80.37162499174306
1.344892511688336,75.84661710787796,80.35680927547695
1.3453925172409953,75.98622793378617,80.34198241586597
1.3458925227936476,76.12495101238162,80.32714371945038
1.346392528346307,76.26278577062553,80.31229249252084
1.3468925338989592,76.39973174261985,80.29742804369681
1.3473925394516186,76.53578856916229,80.28254968653526
1.347892545004271,76.67095599727429,80.2676567421639
1.3483925505569303,76.80523387970291,80.25274854193486
1.3488925561095826,76.93862217439762,80.23782443009402
1.349392561662242,77.07112094396201,80.22288376646466
1.3498925672148943,77.20273035507996,80.20792592914918
1.3503925727675536,77.3334506779133,80.19295031725713
1.350892578320206,77.46328228546837,80.17795635367025
1.3513925838728653,77.59222565292818,80.16294348785681
1.3518925894255176,77.72028135694612,80.14791119874951
1.352392594978177,77.84745007489694,80.13285899770398
1.3528926005308293,77.97373258408103,80.11778643155267
1.3533926060834887,78.09912976087932,80.10269308576233
1.353892611636141,78.22364257985963,80.0875785876935
1.3543926171888003,78.34727211283628,80.07244260995509
1.3548926227414526,78.47001952788592,80.05728487384013
1.355392628294112,78.59188608832507,80.04210515282325
1.3558926338467643,78.71287315165773,80.02690327608695
1.3563926393994237,78.8329821685055,80.01167913202936
1.356892644952076,78.95221468153613,79.9964326716904
1.3573926505047353,79.0705723244102,79.98116391202254
1.3578926560573876,79.18805682076575,79.965872938928
1.358392661610047,79.30466998326122,79.9505599099856
1.3588926671626993,79.42041371269426,79.93522505679701
1.3593926727153587,79.53528999721317,79.91986868689084
1.359892678268011,79.64930091163296,79.90449118513547
1.3603926838206704,79.76244861686438,79.88909301462884
1.3608926893733226,79.87473535945941,79.87367471705208
1.361392694925982,79.98616347127171,79.85823691249179
1.3618927004786343,80.09673536922779,79.84278029874622
1.3623927060312937,80.20645355520392,79.82730565013499
1.362892711583946,80.31532061600416,79.81181381582992
1.3633927171366054,80.42333922343572,79.79630571771949
1.3638927226892577,80.53051213448049,79.78078234781356
1.364392728241917,80.63684219156062,79.76524476519411
1.3648927337945693,80.74233232289617,79.74969409252054
1.3653927393472287,80.84698554295099,79.73413151210376
1.365892744899881,80.95080495296097,79.71855826157122
1.3663927504525404,81.05379374153733,79.702975629152
1.3668927560051927,81.15595518533483,79.687384948619
1.367392761557852,81.2572926497736,79.67178759393289
1.3678927671105043,81.35780958980129,79.65618497363883
1.3683927726631637,81.45750955068118,79.6405785250712
1.368892778215816,81.55639616879196,79.62496970842147
1.3693927837684754,81.65447317242601,79.60936000071962
1.3698927893211277,81.7517443825738,79.5937508897776
1.370392794873787,81.8482137136821,79.57814386814286
1.3708928004264394,81.9438851743731,79.56254042711072
1.3713928059790987,82.03876286811271,79.54694205084328
1.371892811531751,82.13285099381622,79.53135021063835
1.3723928170844104,82.22615384638243,79.51576635938534
1.3728928226370627,82.31867581714724,79.5001919262424
1.373392828189722,82.41042139424877,79.4846283115661
1.3738928337423744,82.5013951628971,79.46907688212208
1.3743928392950338,82.59160180554314,79.45353896659685
1.374892844847686,82.68104610194352,79.43801585142424
1.3753928504003454,82.76973292912058,79.42250877693243
1.3758928559529977,82.85766726121584,79.40701893381637
1.376392861505657,82.94485416923598,79.39154745994182
1.3768928670583094,83.03129882068895,79.37609543749039
1.3773928726109688,83.11700647910885,79.36066389045276
1.377892878163621,83.20198250346894,79.34525378247255
1.3783928837162804,83.28623234748457,79.32986601503562
1.3788928892689327,83.36976155880879,79.31450142599536
1.379392894821592,83.45257577812387,79.29916078842197
1.3798929003742444,83.53468073813363,79.28384480975855
1.3803929059269038,83.61608226246281,79.26855413126081
1.380892911479556,83.69678626447228,79.2532893276883
1.3813929170322163,83.77679874599967,79.2380509072098
1.3818929225848677,83.85612579603662,79.2228393114828
1.3823929281375271,83.93477358935229,79.2076549158697
1.3828929336901794,84.01274838507153,79.19249802975963
1.3833929392428388,84.0900565252138,79.17736889697389
1.383892944795491,84.16670443319707,79.16226769623935
1.3843929503481514,84.24269861231096,79.14719454171541
1.3848929559008027,84.31804564416335,79.13214948355775
1.3853929614534621,84.39275218710503,79.11713250850433
1.3858929670061144,84.46682497463598,79.10214354046965
1.3863929725587738,84.54027081379621,79.0871824411372
1.386892978111426,84.6130965835449,79.07224901053775
1.3873929836640855,84.68530923313135,79.0573429876001
1.3878929892167378,84.75691578046177,79.04246405066061
1.3883929947693971,84.82792331046463,79.02761181792212
1.3888930003220494,84.89833897345486,79.0127858478619
1.3893930058747088,84.96816998349527,78.997985639597
1.389893011427361,85.03742361675165,78.98321063322177
1.3903930169800205,85.10610720983607,78.96846021013897
1.3908930225326728,85.17422815813174,78.95373369341341
1.3913930280853322,85.24179391408995,78.93903034818439
1.3918930336379836,85.30881198548947,78.92434938217562
1.3923930391906438,85.37528993365062,78.90968994633602
1.3928930447432961,85.44123537159635,78.89505113564061
1.3933930502959564,85.50665596215467,78.8804319900755
1.3938930558486078,85.5715594159972,78.86583149582907
1.3943930614012672,85.63595348960911,78.85124858670927
1.3948930669539203,85.69984598318628,78.83668214580439
1.3953930725065788,85.76324473845504,78.82213100740694
1.3958930780592311,85.8261576364097,78.80759395922192
1.3963930836118905,85.88859259496198,78.79306974488206
1.3968930891645428,85.95055756649838,78.7785570667893
1.3973930947172022,86.01206053534165,78.76405458929753
1.3978931002698554,86.0731095151148,78.74956094224527
1.3983931058225139,86.13371254600762,78.73507472484042
1.3988931113751661,86.19387769194758,78.72059450989128
1.3993931169278255,86.25361303767923,78.70611884837017
1.3998931224804778,86.31292668575776,78.69164627428921
1.4003931280331372,86.37182675346432,78.67717530986087
1.4008931335857895,86.43032136965202,78.662704470911
1.4013931391384489,86.48841867153155,78.64823227251179
1.4018931446911012,86.54612680140477,78.63375723480318
1.4023931502437605,86.60345390335584,78.61927788896938
1.4028931557964128,86.66040811990973,78.6047927833324
1.4033931613490722,86.71699758866923,78.59030048952184
1.4038931669017245,86.77323043894226,78.57579960867925
1.4043931724543839,86.82911478836843,78.56128877766085
1.4048931780070362,86.88465873955414,78.54676667520718
1.4053931835596956,86.93987037672314,78.5322320280531
1.4058931891123478,86.99475776238937,78.51768361695417
1.4063931946650072,87.04932893405844,78.50312028260672
1.4068932002176604,87.10359190096374,78.48854093143983
1.407393205770319,87.1575546408441,78.47394454125438
1.4078932113229712,87.21122509677117,78.4593301666797
1.4083932168756306,87.26461117403494,78.44469694441572
1.4088932224282829,87.31772073709757,78.43004409822439
1.4093932279809422,87.37056160662549,78.41537094363343
1.4098932335335945,87.42314155660986,78.40067689231334
1.410393239086254,87.47546831158652,78.38596145608888
1.4108932446389062,87.52754954396383,78.37122425055134
1.4113932501915656,87.57939287146667,78.35646499824296
1.4118932557442179,87.63100585470242,78.34168353139188
1.4123932612968773,87.68239599485344,78.32687979418195
1.4128932668495295,87.73357073149889,78.31205384454762
1.413393272402189,87.7845374405674,78.29720585548985
1.4138932779548412,87.83530343242109,78.28233611591332
1.4143932835075006,87.88587595007093,78.26744503098527
1.4148932890601529,87.93626216752436,78.25253312201534
1.4153932946128123,87.98646918826591,78.2376010258549
1.4158933001654646,88.03650404386988,78.22264949381899
1.416393305718124,88.0863736927435,78.20767939014182
1.4168933112707762,88.13608501899604,78.19269168998247
1.4173933168234356,88.18564483143064,78.17768747699634
1.417893322376088,88.23505986265714,78.16266794048053
1.4183933279287473,88.28433676832546,78.14763437209456
1.4188933334813996,88.3334821264816,78.13258816215294
1.419393339034059,88.3825024370478,78.11753079548234
1.4198933445867112,88.4314041214289,78.10246384683889
1.4203933501393706,88.48019352224486,78.08738897588661
1.420893355692023,88.52887690318768,78.07230792174516
1.4213933612446823,88.57746044899979,78.05722249711964
1.4218933667973346,88.62595026557058,78.0421345820273
1.422393372349994,88.67435238014639,78.02704611714103
1.4228933779026463,88.72267274164794,78.0119590967736
1.4233933834553056,88.77091722108867,77.99687556153073
1.423893389007958,88.81909161208688,77.9817975906617
1.4243933945606173,88.86720163146465,77.96672729413554
1.4248934001132696,88.91525291992635,77.9516668044734
1.425393405665929,88.96325104280862,77.93661826836977
1.4258934112185813,89.011201490893,77.92158383813897
1.4263934167712407,89.05910968127114,77.90656566302579
1.426893422323893,89.10698095825326,77.8915658804211
1.4273934278765523,89.154820594308,77.87658660702809
1.4278934334292046,89.20263379102126,77.86162993002932
1.428393438981864,89.25042568006094,77.84669789830761
1.4288934445345163,89.29820132413474,77.83179251377275
1.4293934500871757,89.34596571792842,77.81691572284313
1.429893455639828,89.39372378901452,77.80206940812535
1.4303934611924873,89.44148039872144,77.78725538033005
1.4308934667451396,89.48924034295446,77.77247537046162
1.431393472297799,89.5370083529588,77.7577310223197
1.4318934778504513,89.58478909601506,77.7430238853523
1.4323934834031107,89.63258717605812,77.72835540789853
1.432893488955763,89.68040713420987,77.71372693085812
1.4333934945084224,89.72825344921705,77.69913968182456
1.4338935000610746,89.77613053778433,77.68459476972185
1.434393505613734,89.82404275479294,77.6700931799846
1.4348935111663863,89.87199439339531,77.65563577032006
1.4353935167190457,89.91998968497806,77.64122326708356
1.435893522271698,89.96803279898725,77.62685626229322
1.4363935278243574,90.01612784261073,77.61253521130598
1.4368935333770096,90.06427886031294,77.59826043117374
1.437393538929669,90.1124898332192,77.58403209969455
1.4378935444823213,90.16076467834672,77.56985025516848
1.4383935500349807,90.2091072476825,77.55571479686253
1.438893555587633,90.25752132710736,77.54162548618578
1.4393935611402924,90.30601063516848,77.52758194857012
1.4398935666929447,90.35457882170272,77.51358367604624
1.440393572245604,90.40322946631748,77.49963003049255
1.4408935777982563,90.4519660767386,77.48572024751863
1.4413935833509157,90.50079208704102,77.4718534409256
1.441893588903568,90.54971085577957,77.4580286076757
1.4423935944562274,90.59872566403835,77.4442446332992
1.4428936000088797,90.6478397134175,77.4305002976684
1.443393605561539,90.697056123975,77.41679428106852
1.4438936111141913,90.74637793214256,77.40312517049414
1.4443936166668507,90.79580808863363,77.38949146609906
1.444893622219503,90.84534945636236,77.37589158772954
1.4453936277721624,90.8950048083904,77.36232388147306
1.4458936333248147,90.94477682591872,77.34878662615719
1.446393638877474,90.9946680963405,77.33527803973641
1.4468936444301264,91.0446811113695,77.32179628550989
1.4473936499827857,91.0948182652569,77.30833947812107
1.447893655535438,91.1450818531075,77.29490568929623
1.4483936610880974,91.19547406930432,77.28149295328518
1.4488936666407497,91.24599700605138,77.26809927196933
1.449393672193409,91.29665265204164,77.25472261960611
1.4498936777460614,91.34744289125808,77.24136094718234
1.4503936832987208,91.39836950191072,77.22801218636252
1.450893688851373,91.44943415550854,77.21467425303666
1.4513936944040324,91.50063841605932,77.201345050496
1.4518936999566847,91.55198373938478,77.18802247228359
1.452393705509344,91.60347147253688,77.1747044047771
1.4528937110619964,91.6551028533003,77.16138872956043
1.4533937166146558,91.70687900976948,77.14807332563149
1.453893722167308,91.758800959991,77.1347560714787
1.4543937277199674,91.81086961166834,77.1214348470414
1.4548937332726197,91.86308576192856,77.10810753555222
1.4553937388252791,91.91545009715496,77.094772025248
1.4558937443779314,91.96796319288929,77.08142621093205
1.4563937499305908,92.0206255138054,77.06806799538376
1.456893755483243,92.07343741374883,77.05469529063332
1.4573937610359033,92.12639913583185,77.04130601914243
1.4578937665885547,92.17951081257117,77.02789811494355
1.4583937721412141,92.232772466054,77.01446952478949
1.4588937776938664,92.28618400812364,77.00101820934992
1.4593937832465258,92.3397452405799,76.98754214447098
1.459893788799178,92.39345585539569,76.97403932249352
1.4603937943518375,92.44731543495372,76.96050775361286
1.4608937999044898,92.5013234523099,76.94694546725452
1.4613938054571491,92.55547927149044,76.93335051343746
1.4618938110098014,92.609782147831,76.9197209640906
1.4623938165624608,92.66423122836696,76.9060549142884
1.462893822115113,92.71882555228208,76.8923504833728
1.4633938276677725,92.77356405142372,76.8786058159312
1.4638938332204248,92.82844555089076,76.86481908260555
1.4643938387730842,92.8834687696977,76.85098848071462
1.4648938443257364,92.9386323215178,76.83711223468178
1.4653938498783958,92.99393471550503,76.82318859626446
1.465893855431048,93.0493743571954,76.80921584458346
1.4663938609837084,93.10494954948696,76.79519228595265
1.4668938665363598,93.16065849369696,76.78111625351534
1.4673938720890192,93.2164992906927,76.76698610669749
1.4678938776416723,93.27246994209202,76.75280023049353
1.4683938831943308,93.32856835152596,76.73855703461311
1.4688938887469831,93.38479232595112,76.72425495253572
1.4693938942996425,93.44113957699469,76.7098924405378
1.4698938998522948,93.4976077223124,76.69546797676998
1.4703939054049542,93.5541942869369,76.68098006047082
1.4708939109576074,93.61089670459316,76.66642721140624
1.4713939165102659,93.66771231896008,76.65180796961737
1.4718939220629181,93.72463838485946,76.63712089554792
1.4723939276155775,93.7816720693566,76.6223645706119
1.4728939331682298,93.83881045275832,76.60753759825596
1.4733939387208892,93.89605052949511,76.59263860556794
1.4738939442735415,93.95338920887468,76.57766624548015
1.4743939498262009,94.0108233156936,76.56261919961813
1.4748939553788531,94.06834959069523,76.54749618184178
1.4753939609315125,94.12596469086398,76.5322959425148
1.4758939664841648,94.18366518955207,76.51701727351573
1.4763939720368242,94.24144757644248,76.50165901397834
1.4768939775894765,94.29930825735696,76.48622005672244
1.4773939831421359,94.35724355392468,76.47069935531425
1.4778939886947882,94.41524970313044,76.45509593167917
1.4783939942474484,94.47332285676292,76.43940888418803
1.4788939998000998,94.53145908078072,76.42363739614197
1.4793940053527592,94.58965435461484,76.4077807445848
1.4798940109054124,94.647904570426,76.39183830936608
1.480394016458071,94.70620553234046,76.37580958236259
1.4808940220107232,94.76455295569204,76.35969417674613
1.4813940275633826,94.82294246630345,76.34349183616659
1.4818940331160348,94.8813695998408,76.32720244371433
1.4823940386686942,94.939829801272,76.31082603054054
1.4828940442213465,94.99831842445198,76.29436278404086
1.483394049774006,95.05683073185357,76.27781305552821
1.4838940553266582,95.11536189445935,76.26117736733146
1.4843940608793176,95.17390699182806,76.2444564192641
1.4848940664319699,95.23246101234535,76.22765109442062
1.4853940719846292,95.29101885366596,76.21076246427344
1.4858940775372815,95.34957532334832,76.19379179305898
1.486394083089941,95.40812513968034,76.17674054146039
1.4868940886425932,95.46666293268784,76.15961036961406
1.4873940941952526,95.5251832453153,76.14240313947954
1.4878940997479049,95.5836805347678,76.12512091661354
1.4883941053005643,95.64214917400544,76.1077659713797
1.4888941108532165,95.7005834533846,76.09034077961257
1.489394116405876,95.7589775824451,76.07284802274023
1.4898941219585282,95.81732569184317,76.05529058735848
1.4903941275111876,95.8756218354343,76.0376715642416
1.4908941330638399,95.93385999251002,76.01999424676896
1.4913941386164993,95.9920340701938,76.00226212874381
1.4918941441691516,96.05013790600324,75.9844789015759
1.492394149721811,96.10816527058516,75.9666484507953
1.4928941552744632,96.16610987063308,75.94877485185972
1.4933941608271226,96.2239653519968,75.9308623652131
1.493894166379775,96.28172530299516,75.91291543054811
1.4943941719324343,96.33938325794573,75.89493866021641
1.4948941774850866,96.396932700926,75.87693683172495
1.495394183037746,96.45436706978133,75.85891487925514
1.4958941885903982,96.51167976039416,75.84087788414556
1.4963941941430576,96.56886413122774,75.82283106428162
1.49689419969571,96.62591350815796,75.80477976233412
1.4973942052483693,96.6828211896075,75.78672943278934
1.4978942108010216,96.73958045199238,75.76868562772626
1.498394216353681,96.7961845554821,75.75065398133204
1.4988942219063333,96.8526267500638,75.73264019319285
1.4993942274589926,96.90890028188956,75.71465001043606
1.499894233011645,96.96499839988022,75.69668920882685
1.5003942385643043,97.02091436255436,75.67876357294092
1.5008942441169566,97.0766414450457,75.66087887555355
1.501394249669616,97.13217294626958,75.6430408563997
1.5018942552222683,97.1875021961967,75.62525520046634
1.5023942607749277,97.24262256319254,75.60752751597987
1.50289426632758,97.29752746138053,75.5898633122508
1.5033942718802393,97.35221035798703,75.57226797754033
1.5038942774328916,97.40666478062676,75.55474675711258
1.504394282985551,97.46088432448757,75.53730473162756
1.5048942885382033,97.51486265938024,75.51994679601617
1.5053942940908627,97.56859353661824,75.50267763896952
1.505894299643515,97.62207079569528,75.48550172317049
1.5063943051961743,97.6752883707286,75.46842326639312
1.5068943107488266,97.72824029663708,75.45144622359133
1.507394316301486,97.78092071502286,75.43457427009918
1.5078943218541383,97.83332387972683,75.41781078606007
1.5083943274067977,97.88544416203383,75.40115884218025
1.50889433295945,97.9372760555114,75.38462118686789
1.5093943385121094,97.98881418047336,75.3682002347955
1.5098943440647616,98.04005328806038,75.35189805691206
1.510394349617421,98.09098826393225,75.33571637192739
1.5108943551700733,98.1416141315677,75.31965653928512
1.5113943607227327,98.1919260551674,75.30371955363947
1.511894366275385,98.24191934215662,75.28790604085009
1.5123943718280444,98.29158944528584,75.27221625550084
1.5128943773806967,98.34093196433238,75.25665007993007
1.513394382933356,98.38994264740862,75.24120702474843
1.5138943884860083,98.43861739188388,75.22588623081697
1.5143943940386677,98.48695224492413,75.21068647266615
1.51489439959132,98.53494340365216,75.19560616334687
1.5153944051439794,98.58258721492668,75.18064336071578
1.5158944106966317,98.62988017473828,75.16579577516418
1.516394416249291,98.67681892722176,75.1510607787911
1.5168944218019433,98.7234002632868,75.13643541600959
1.5173944273546027,98.76962111887278,75.1219164155657
1.517894432907255,98.81547857283375,75.10750020394201
1.5183944384599144,98.86096984446586,75.09318292009709
1.5188944440125667,98.9060922906962,75.07896043146386
1.519394449565226,98.95084340295888,75.06482835110431
1.5198944551178784,98.99522080378696,75.05078205590416
1.5203944606705377,99.0392222431533,75.03681670567579
1.52089446622319,99.08284559459636,75.02292726302545
1.5213944717758494,99.12608885116764,75.0091085138361
1.5218944773285017,99.1689501212352,74.99535508822987
1.522394482881161,99.21142762417024,74.98166148189956
1.5228944884338134,99.25351968593657,74.96802207772967
1.5233944939864728,99.2952247345954,74.95443116765594
1.523894499539125,99.33654129573512,74.94088297472334
1.5243945050917844,99.37746798783915,74.92737167528972
1.5248945106444367,99.41800351761025,74.91389142129921
1.525394516197096,99.45814667527524,74.90043636253057
1.5258945217497484,99.49789632989427,74.88700066872295
1.5263945273024078,99.53725142469834,74.87357855148267
1.52689453285506,99.57621097247878,74.8601642858757
1.5273945384077194,99.61477405105202,74.84675223161308
1.5278945439603717,99.65293979882132,74.83333685374055
1.528394549513031,99.69070741045672,74.81991274274677
1.5288945550656834,99.72807613271488,74.80647463400472
1.5293945606183428,99.7650452604189,74.79301742646223
1.529894566170995,99.80161413261948,74.77953620049857
1.5303945717236553,99.83778212895612,74.76602623486932
1.5308945772763067,99.8735486662368,74.75248302266704
1.5313945828289661,99.90891319525092,74.73890228623728
1.5318945883816184,99.9438751978273,74.72527999100029
1.5323945939342778,99.9784341841474,74.71161235813929
1.53289459948693,100.01258969032176,74.69789587612269
1.5333946050395895,100.0463412762355,74.68412731103211
1.5338946105922417,100.0796885236698,74.67030371567364
1.5343946161449011,100.1126310347018,74.65642243745671
1.5348946216975534,100.1451684303843,74.64248112503621
1.5353946272502128,100.1773003497041,74.62847773372161
1.535894632802865,100.209026448816,74.61441052966374
1.5363946383555245,100.24034640054973,74.60027809282889
1.5368946439081768,100.27125989418712,74.58607931877035
1.5373946494608361,100.3017666355071,74.57181341920675
1.5378946550134884,100.33186634709638,74.55747992141366
1.5383946605661478,100.36155876892713,74.54307866642436
1.5388946661188,100.39084365920526,74.52860980602142
1.5393946716714604,100.41972079549802,74.51407379848708
1.5398946772241118,100.44818997614892,74.49947140307765
1.5403946827767712,100.47625102198576,74.48480367319786
1.5408946883294243,100.50390377832326,74.47007194827026
1.5413946938820828,100.53114811725456,74.45527784431926
1.5418946994347351,100.5579839402214,74.44042324331144
1.5423947049873945,100.58441118084566,74.42551028132004
1.5428947105400468,100.6104298079983,74.41054133560782
1.5433947160927062,100.6360398290764,74.3955190107445
1.5438947216453593,100.661241293457,74.38044612388364
1.5443947271980178,100.6860342960983,74.36532568931592
1.5448947327506701,100.71041898126244,74.35016090239958
1.5453947383033295,100.73439554633916,74.33495512295366
1.5458947438559818,100.75796424574982,74.31971185819428
1.5463947494086412,100.78112539491045,74.30443474529744
1.5468947549612935,100.80387937423204,74.28912753367939
1.5473947605139529,100.82622663313276,74.27379406709213
1.5478947660666051,100.84816769403812,74.2584382656328
1.5483947716192645,100.86970315634484,74.24306410776227
1.5488947771719168,100.89083370032716,74.22767561242216
1.5493947827245762,100.91156009096308,74.21227682133579
1.5498947882772285,100.93188318166156,74.1968717815756
1.5503947938298879,100.95180391787017,74.18146452847533
1.5508947993825402,100.97132334054616,74.16605906895947
1.5513948049352004,100.99044258947444,74.15065936535599
1.5518948104878518,101.00916290641776,74.13526931975173
1.5523948160405112,101.02748563808846,74.11989275893852
1.5528948215931644,101.04541223893196,74.10453341998554
1.5533948271458229,101.0629442737171,74.08919493646435
1.5538948326984752,101.08008341992732,74.07388082534882
1.5543948382511346,101.09683146994864,74.05859447461253
1.5548948438037868,101.1131903330475,74.04333913154841
1.5553948493564462,101.12916203713192,74.0281178918429
1.5558948549090985,101.14474873028549,74.01293368944727
1.556394860461758,101.15995268206264,73.99778928729376
1.5568948660144102,101.17477628453447,73.98268726890376
1.5573948715670696,101.18922205307403,73.96763003093284
1.5578948771197219,101.203292626872,73.95261977669318
1.5583948826723812,101.2169907691743,73.93765851068831
1.5588948882250335,101.2303193672372,73.92274803418205
1.559394893777693,101.2432814319976,73.90788994181214
1.5598948993303452,101.25588009745977,73.89308561924723
1.5603949048830046,101.26811861980217,73.87833624187495
1.5608949104356569,101.28000037621092,73.86364277449815
1.5613949159883163,101.29152886344752,73.8490059720099
1.5618949215409685,101.3027076961598,73.83442638101627
1.562394927093628,101.31354060494444,73.81990434237414
1.5628949326462802,101.32403143417037,73.80543999460994
1.5633949381989396,101.33418413957376,73.79103327818046
1.5638949437515919,101.34400278563648,73.77668394052958
1.5643949493042513,101.35349154276427,73.76239154187839
1.5648949548569044,101.3626546842846,73.74815546167207
1.565394960409563,101.3714965832861,73.73397490559677
1.5658949659622152,101.38002170932263,73.71984891307952
1.5663949715148746,101.38823462500346,73.70577636518453
1.566894977067527,101.39613998249146,73.69175599282215
1.5673949826201863,101.40374251992904,73.67778638519448
1.5678949881728386,101.41104705780629,73.6638659984185
1.568394993725498,101.4180584952829,73.64999316428718
1.5688949992781502,101.42478180646846,73.63616609914953
1.5693950048308096,101.4312220366628,73.62238291290444
1.569895010383462,101.43738429855712,73.60864161811104
1.5703950159361213,101.44327376839462,73.59494013921943
1.5708950214887736,101.44889568209204,73.58127632192016
1.571395027041433,101.45425533132445,73.56764794260502
1.5718950325940853,101.45935805957708,73.55405271792577
1.5723950381467446,101.4642092581708,73.54048831442802
1.572895043699397,101.46881436227034,73.52695235822463
1.5733950492520563,101.47317884688812,73.51344244465861
1.5738950548047086,101.47730822290082,73.49995614789276
1.574395060357368,101.4812080330954,73.48649103035659
1.5748950659100203,101.48488384826456,73.47304465197655
1.5753950714626797,101.48834126336934,73.45961457911692
1.575895077015332,101.49158589378628,73.44619839316755
1.5763950825679913,101.49462337164984,73.43279369873396
1.5768950881206436,101.49745934229654,73.4193981314096
1.577395093673303,101.50009946081072,73.40600936512885
1.5778950992259553,101.5025493886714,73.3926251191089
1.5783951047786147,101.50481479049776,73.3792431643893
1.578895110331267,101.50690133089252,73.3658613299756
1.5793951158839263,101.50881467138424,73.35247750858613
1.5798951214365786,101.51056046747122,73.33908966199003
1.580395126989238,101.51214436577456,73.32569582591194
1.5808951325418903,101.51357200130872,73.31229411446915
1.5813951380945497,101.5148489948796,73.29888272410469
1.581895143647202,101.51598095061816,73.2854599369846
1.5823951491998614,101.51697345365686,73.27202412383483
1.5828951547525136,101.51783206795304,73.2585737461994
1.583395160305173,101.51856233426436,73.24510735810406
1.5838951658578253,101.51916976828004,73.23162360711143
1.5843951714104847,101.5196598589092,73.21812123476326
1.584895176963137,101.52003806672508,73.20459907641869
1.5853951825157964,101.52030982255948,73.19105606051136
1.5858951880684486,101.52048052624085,73.17749120725395
1.586395193621108,101.52055554546844,73.16390362682255
1.5868951991737603,101.5205402148144,73.15029251705592
1.5873952047264197,101.52043983484282,73.13665716071398
1.587895210279072,101.52025967133363,73.12299692234791
1.5883952158317314,101.52000495459676,73.10931124484154
1.5888952213843837,101.5196808788614,73.09559964568537
1.589395226937043,101.5192926017262,73.08186171304516
1.5898952324896953,101.51884524365502,73.06809710168656
1.5903952380423547,101.5183438875034,73.05430552881735
1.590895243595007,101.5177935780614,73.04048676990811
1.5913952491476664,101.51719932159826,73.02664065455065
1.5918952547003187,101.51656608539548,73.01276706241092
1.592395260252978,101.51589879725586,72.99886591932768
1.5928952658056303,101.51520234497848,72.98493719360022
1.5933952713582897,101.5144815757909,72.97098089250088
1.593895276910942,101.51374129573176,72.95699705904292
1.5943952824636014,101.51298626897798,72.94298576902844
1.5948952880162537,101.51222121711275,72.92894712839393
1.595395293568913,101.5114508183319,72.91488127086542
1.5958952991215654,101.5106797065866,72.90078835593135
1.5963953046742247,101.50991247066156,72.88666856714276
1.596895310226877,101.50915365318508,72.87252211075187
1.5973953157795364,101.50840774957037,72.85834921469764
1.5978953213321887,101.50767920688922,72.84415012793359
1.598395326884848,101.50697242268596,72.82992512006851
1.5988953324375004,101.50629174374647,72.81567448126218
1.5993953379901598,101.50564146484214,72.80139852229772
1.599895343542812,101.50502582746988,72.78709757474549
1.6003953490954714,101.50444901860924,72.77277199113871
1.6008953546481237,101.50391516951346,72.75842214509144
1.601395360200783,101.50342835454988,72.74404843129916
1.6018953657534354,101.5029925901029,72.72965126536963
1.6023953713060948,101.50261183355128,72.71523108343911
1.602895376858747,101.50228998232842,72.70078834153807
1.6033953824114064,101.50203087307352,72.68632351467747
1.6038953879640587,101.5018382808796,72.6718370956314
1.6043953935167181,101.50171591864358,72.65732959339702
1.6048953990693704,101.5016674365216,72.64280153132017
1.6053954046220298,101.50169642149008,72.62825344488424
1.605895410174682,101.50180639701132,72.61368587916802
1.6063954157273415,101.50200082280092,72.59909938598601
1.6068954212799937,101.50228309469163,72.58449452073246
1.6073954268326531,101.50265654458664,72.56987183895892
1.6078954323853054,101.50312444049254,72.55523189272449
1.6083954379379648,101.50368998662012,72.54057522676945
1.608895443490617,101.50435632353756,72.52590237457225
1.6093954490432765,101.50512652835975,72.51121385435974
1.6098954545959288,101.50600361495412,72.496510165148
1.6103954601485881,101.50699053414156,72.48179178290222
1.6108954657012404,101.50809017386864,72.46705915691366
1.6113954712538998,101.50930535932623,72.4523127064934
1.611895476806552,101.51063885299222,72.43755281807431
1.6123954823592124,101.51209335458076,72.42277984279471
1.6128954879118638,101.5136715008856,72.40799409461422
1.6133954934645232,101.5153758655106,72.39319584898905
1.6138954990171754,101.51720895848554,72.3783853421179
1.6143955045698348,101.51917322576683,72.36356277076067
1.614895510122487,101.52127104862248,72.34872829263092
1.6153955156751465,101.52350474290328,72.3338820273591
1.6158955212277988,101.52587655820236,72.31902405801569
1.6163955267804582,101.52838867691,72.30415443316905
1.6168955323331113,101.53104321317332,72.28927316943877
1.6173955378857698,101.53384221177286,72.27438025449612
1.6178955434384221,101.53678764692924,72.25947565046155
1.6183955489910815,101.53988142105104,72.24455929765172
1.6188955545437338,101.543125363436,72.22963111862997
1.6193955600963932,101.54652122893822,72.21469102250813
1.6198955656490455,101.55007069661778,72.19973890943331
1.6203955712017049,101.55377536839325,72.18477467517818
1.6208955767543571,101.55763676771984,72.16979821574262
1.6213955823070165,101.56165633831613,72.15480943187329
1.6218955878596688,101.56583544296016,72.13980823341868
1.6223955934123282,101.57017536237048,72.12479454345316
1.6228955989649805,101.57467729418416,72.10976830212526
1.6233956045176399,101.57934235203736,72.09472947020325
1.6238956100702922,101.58417156475194,72.07967803230746
1.6243956156229524,101.58916587562804,72.06461399982672
1.6248956211756038,101.5943261418428,72.04953741351824
1.6253956267282632,101.59965313395548,72.03444834578968
1.6258956322809164,101.60514753551875,72.01934690266431
1.6263956378335749,101.61080994279376,72.00423322543699
1.6268956433862272,101.61664086456508,71.98910749203885
1.6273956489388874,101.62264072204952,71.9739699181312
1.6278956544915388,101.62880984889446,71.95882075794748
1.6283956600441982,101.63514849126209,71.94366030489665
1.6288956655968505,101.6416568079966,71.92848889194013
1.62939567114951,101.6483348708708,71.9133068917562
1.6298956767021622,101.65518266490596,71.89811471671285
1.6303956822548216,101.66220008875922,71.88291281867636
1.6308956878074738,101.66938695516971,71.8677016886878
1.6313956933601332,101.67674299145574,71.85248185653691
1.6318956989127855,101.68426784005796,71.83725389025537
1.632395704465445,101.69196105912572,71.82201839553878
1.6328957100180972,101.69982212314729,71.80677601509329
1.6333957155707566,101.7078504236274,71.79152742789299
1.6338957211234089,101.71604526981685,71.77627334832735
1.6343957266760683,101.72440588949888,71.76101452521769
1.6348957322287205,101.73293142983812,71.74575174068079
1.63539573778138,101.7416209582961,71.7304858088187
1.6358957433340322,101.75047346361865,71.71521757421455
1.6363957488866916,101.7594878568986,71.69994791021888
1.6368957544393439,101.76866297271482,71.68467771701984
1.6373957599920033,101.77799757034676,71.6694079195001
1.6378957655446564,101.787490335062,71.65413946488894
1.638395771097315,101.79713987947405,71.63887332022016
1.6388957766499672,101.80694474496777,71.6236104696045
1.6393957822026266,101.81690340319108,71.60835191132001
1.6398957877552789,101.8270142576147,71.59309865471324
1.6403957933079383,101.8372756451639,71.57785171689147
1.6408957988605906,101.84768583792956,71.5626121191766
1.64139580441325,101.85824304496596,71.54738088328877
1.6418958099659022,101.86894541418016,71.53215902723693
1.6423958155185616,101.87979103431516,71.51694756090815
1.642895821071214,101.89077793702415,71.50174748136192
1.6433958266238733,101.90190409903217,71.4865597678458
1.6438958321765256,101.91316744437844,71.47138537655539
1.644395837729185,101.92456584673197,71.45622523516849
1.6448958432818372,101.93609713177062,71.44108023719093
1.6453958488344966,101.94775907961336,71.42595123615469
1.645895854387149,101.959549427295,71.41083903970949
1.6463958599398083,101.97146587127249,71.39574440365116
1.6468958654924606,101.98350606994896,71.38066802594041
1.64739587104512,101.99566764619956,71.36561054077644
1.6478958765977723,102.00794818988062,71.35057251279758
1.6483958821504316,102.0203452603044,71.33555443148076
1.648895887703084,102.03285638866184,71.32055670580954
1.6493958932557433,102.04547908037554,71.30557965927945
1.6498958988083956,102.05821081736606,71.2906235253119
1.650395904361055,102.07104906021186,71.27568844315114
1.6508959099137073,102.08399125018474,71.26077445431973
1.6513959154663667,102.09703481114258,71.24588149970391
1.651895921019019,102.11017715126366,71.2310094173313
1.6523959265716783,102.12341566461032,71.21615794088996
1.6528959321243306,102.1367477325136,71.20132669902176
1.65339593767699,102.1501707247746,71.18651521540458
1.6538959432296423,102.16368200068284,71.17172290962229
1.6543959487823017,102.17727890985417,71.15694909881032
1.654895954334954,102.19095879289206,71.14219300005949
1.6553959598876133,102.20471898187768,71.12745373355526
1.6558959654402656,102.21855680069504,71.1127303264246
1.656395970992925,102.23246956519893,71.09802171725751
1.6568959765455773,102.24645458323518,71.08332676126435
1.6573959820982367,102.26050915452376,71.0686442360217
1.657895987650889,102.27463057041902,71.05397284774874
1.6583959932035484,102.28881611356256,71.03931123804965
1.6588959987562006,102.3030630574433,71.02465799105904
1.65939600430886,102.31736866587808,71.01001164093557
1.6598960098615123,102.33173019242422,70.99537067965584
1.6603960154141717,102.3461448797337,70.98073356506522
1.660896020966824,102.36060995885936,70.96609872914311
1.6613960265194834,102.37512264852364,70.95146458643748
1.6618960320721357,102.3896801543614,70.93682954261902
1.662396037624795,102.4042796681504,70.92219200309754
1.6628960431774473,102.41891836704464,70.90755038163718
1.6633960487301067,102.43359341282668,70.89290310890257
1.663896054282759,102.4483019511952,70.87824864086586
1.6643960598354184,102.4630411111044,70.86358546700686
1.6648960653880707,102.4778080041703,70.84891211824142
1.66539607094073,102.49259972415788,70.83422717451968
1.6658960764933823,102.50741334656118,70.81952927204131
1.6663960820460417,102.52224592828748,70.80481711004039
1.666896087598694,102.53709450745556,70.79008945709653
1.6673960931513534,102.55195610331702,70.77534515693422
1.6678960987040057,102.56682771630696,70.76058313368172
1.668396104256665,102.58170632822696,70.74580239657456
1.6688961098093174,102.59658890256014,70.73100204410326
1.6693961153619767,102.61147238491516,70.71618126761409
1.669896120914629,102.62635370359692,70.70133935437232
1.6703961264672884,102.64122977030146,70.6864756900928
1.6708961320199407,102.6560974809358,70.67158976093376
1.6713961375726,102.67095371656556,70.65668115494016
1.6718961431252524,102.68579534449506,70.64174956291515
1.6723961486779118,102.70061921948486,70.62679477869709
1.672896154230564,102.71542218510967,70.61181669882619
1.6733961597832234,102.73020107525797,70.5968153215953
1.6738961653358757,102.7449527157698,70.58179074549379
1.674396170888535,102.759673926207,70.56674316707002
1.6748961764411874,102.774361521744,70.55167287825414
1.6753961819938468,102.7890123151652,70.53658026319962
1.675896187546499,102.80362311895108,70.52146579471216
1.6763961930991584,102.81819074743493,70.50633003034064
1.6768961986518107,102.83271201901069,70.49117360820406
1.67739620420447,102.84718375837542,70.47599724262336
1.6778962097571224,102.86160279879064,70.46080171961907
1.6783962153097818,102.87596598434996,70.44558789232389
1.678896220862434,102.89027017224382,70.4303566763485
1.6793962264150935,102.90451223501351,70.41510904512944
1.6798962319677457,102.9186890627882,70.39984602528274
1.6803962375204051,102.93279756549992,70.38456869198299
1.6808962430730574,102.9468346750719,70.36927816438401
1.6813962486257168,102.96079734757755,70.35397560109293
1.681896254178369,102.9746825653669,70.33866219570768
1.6823962597310285,102.9884873391562,70.32333917243295
1.6828962652836807,103.00220871007564,70.30800778179726
1.6833962708363401,103.01584375166742,70.29266929649899
1.6838962763889924,103.02938957182778,70.27732500740655
1.6843962819416518,103.04284331468904,70.26197621972929
1.684896287494304,103.05620216243936,70.24662424936503
1.6853962930469644,103.06946333708132,70.23127041942085
1.6858962985996158,103.08262410213108,70.21591605689646
1.6863963041522751,103.09568176426151,70.200562489517
1.6868963097049274,103.10863367489208,70.185211042703
1.6873963152575868,103.1214772317276,70.16986303666586
1.687896320810239,103.13420988024971,70.154519783614
1.6883963263628985,103.14682911516483,70.13918258505176
1.6888963319155508,103.15933248181274,70.12385272915324
1.6893963374682102,103.17171757753913,70.10853148819832
1.6898963430208624,103.18398205303302,70.09322011606427
1.6903963485735218,103.19612361362994,70.07791984576905
1.6908963541261741,103.20814002058148,70.06263188706198
1.6913963596788335,103.2200290922933,70.04735742405484
1.6918963652314858,103.2317887055332,70.03209761288402
1.6923963707841452,103.24341679661192,70.01685357939215
1.6928963763367975,103.2549113625402,70.0016264168146
1.6933963818894568,103.2662704621656,69.98641718345549
1.6938963874421091,103.27749221729177,69.97122690034182
1.6943963929947685,103.28857481378078,69.9560565488521
1.6948963985474208,103.29951650263732,69.94090706832381
1.6953964041000802,103.31031560107232,69.92577935364959
1.6958964096527325,103.32097049354256,69.91067425287508
1.6963964152053919,103.3314796327626,69.89559256481319
1.6968964207580441,103.34184154068495,69.88053503669315
1.6973964263107044,103.3520548094426,69.86550236186481
1.6978964318633558,103.3621181022496,69.8504951775774
1.6983964374160152,103.37203015425575,69.83551406284927
1.6988964429686684,103.38178977335164,69.82055953644172
1.6993964485213269,103.39139584092209,69.80563205494728
1.6998964540739792,103.40084731254564,69.79073201100124
1.7003964596266394,103.4101432186378,69.7758597316238
1.7008964651792908,103.41928266503828,69.76101547669575
1.7013964707319502,103.42826483354196,69.74619943756369
1.7018964762846025,103.43708898237728,69.73141173576498
1.7023964818372619,103.44575444663352,69.71665242186258
1.7028964873899142,103.45426063863847,69.70192147438506
1.7033964929425736,103.46260704828607,69.68721879887381
1.7038964984952258,103.47079324331132,69.67254422704843
1.7043965040478852,103.47881886950783,69.65789751610939
1.7048965096005375,103.486683650882,69.6432783482038
1.705396515153197,103.4943873897372,69.62868633008158
1.7058965207058492,103.50192996668126,69.6141209929678
1.7063965262585086,103.5093113405524,69.59958179267633
1.7068965318111609,103.51653154825576,69.58506810999195
1.7073965373638202,103.52359070450484,69.57057925134937
1.7078965429164725,103.53048900146077,69.55611444983826
1.708396548469132,103.53722670826208,69.54167286656235
1.7088965540217842,103.54380417043994,69.5272535923775
1.7093965595744436,103.55022180921397,69.51285565002684
1.7098965651270959,103.55648012066686,69.49847799668244
1.7103965706797553,103.56257967479762,69.48411952689575
1.7108965762324084,103.56852111445374,69.46977907595374
1.711396581785067,103.57430515414435,69.45545542363647
1.7118965873377192,103.57993257873456,69.44114729837459
1.7123965928903786,103.5854042420203,69.42685338180847
1.7128965984430309,103.59072106518477,69.41257231375083
1.7133966039956903,103.59588403513646,69.39830269754749
1.7138966095483434,103.60089420273567,69.38404310581441
1.714396615101002,103.60575268091816,69.36979208651108
1.7148966206536542,103.61046064273069,69.35554816929518
1.7153966262063136,103.615019319294,69.34130987209275
1.715896631758966,103.61942999771172,69.32707570780921
1.7163966373116253,103.62369401894452,69.31284419110166
1.7168966428642776,103.62781277566948,69.29861384513264
1.717396648416937,103.63178771014208,69.28438320823349
1.7178966539695892,103.63562031207552,69.27015084041716
1.7183966595222486,103.6393121165494,69.2559153296926
1.718896665074901,103.6428647019574,69.24167529814072
1.7193966706275603,103.6462796880044,69.22742940771235
1.7198966761802126,103.64955873376306,69.21317636570384
1.720396681732872,103.65270353580306,69.19891492985933
1.7208966872855243,103.65571582640656,69.18464391304511
1.7213966928381836,103.65859737188198,69.17036218744433
1.721896698390836,103.66134997098756,69.15606868822866
1.7223967039434953,103.6639754534711,69.14176241667828
1.7228967094961476,103.66647567872944,69.12744244273972
1.723396715048807,103.66885253458524,69.11310790702986
1.7238967206014593,103.67110793617694,69.09875802230552
1.7243967261541187,103.67324382495563,69.084392074425
1.724896731706771,103.6752621677832,69.0700094228273
1.7253967372594303,103.6771649561252,69.0556095005532
1.7258967428120826,103.67895420533534,69.04119181382903
1.726396748364742,103.68063195402556,69.02675594123211
1.7268967539173943,103.68220026351771,69.01230153245871
1.7273967594700537,103.68366121737203,68.99782830671703
1.727896765022706,103.68501692098567,68.98333605077188
1.7283967705753653,103.68626950125532,68.9688246166685
1.7288967761280176,103.68742110629717,68.95429391916412
1.729396781680677,103.68847390521849,68.93974393289257
1.7298967872333293,103.68943008793492,68.92517468928651
1.7303967927859887,103.69029186502846,68.91058627328229
1.730896798338641,103.69106146763878,68.89597881983627
1.7313968038913004,103.6917411473812,68.88135251028399
1.7318968094439526,103.69233317628311,68.86670756857539
1.732396814996612,103.69283984673211,68.85204425741868
1.7328968205492643,103.69326347142804,68.83736287436317
1.7333968261019237,103.69360638333433,68.82266374784552
1.733896831654576,103.69387093562348,68.80794723321968
1.7343968372072354,103.69405950161216,68.79321370879038
1.7348968427598876,103.6941744746813,68.77846357187452
1.735396848312547,103.69421826817376,68.76369723491922
1.7358968538651993,103.69419331526298,68.74891512170767
1.7363968594178587,103.69410206878555,68.73411766368334
1.736896864970511,103.69394700103084,68.71930529642316
1.7373968705231704,103.69373060347984,68.70447845629288
1.7378968760758227,103.69345538648544,68.68963757731908
1.738396881628482,103.6931238788873,68.6747830883097
1.7388968871811343,103.6927386275566,68.6599154102442
1.7393968927337937,103.69230219686808,68.64503495394281
1.739896898286446,103.69181716810084,68.63014211801524
1.7403969038391054,103.6912861387686,68.61523728708487
1.7408969093917577,103.69071172188151,68.60032083028274
1.741396914944417,103.69009654514214,68.58539310000288
1.7418969204970693,103.68944325007826,68.57045443090911
1.7423969260497287,103.68875449111556,68.55550513918388
1.742896931602381,103.6880329345917,68.54054552201282
1.7433969371550404,103.68728125771312,68.5255758573034
1.7438969427076927,103.68650214745456,68.51059640363776
1.744396948260352,103.68569829940286,68.49560740045729
1.7448969538130044,103.68487241654688,68.48060906847115
1.7453969593656637,103.68402720801724,68.4656016102767
1.745896964918316,103.68316538778022,68.45058521117552
1.7463969704709754,103.6822896732905,68.43556004016752
1.7468969760236277,103.68140278410678,68.42052625110645
1.747396981576287,103.6805074404751,68.40548398400188
1.7478969871289394,103.67960636188256,68.39043336645558
1.7483969926815988,103.6787022655844,68.37537451522319
1.748896998234251,103.677797865106,68.36030753789622
1.7493970037869104,103.67689586872032,68.34523253470256
1.7498970093395627,103.67599897790252,68.33014960042313
1.750397014892222,103.67510988576356,68.31505882641679
1.7508970204448744,103.67423127546624,68.29996030274042
1.7513970259975338,103.6733658186288,68.2848541203461
1.751897031550186,103.6725161737204,68.26974037333689
1.7523970371028446,103.67168498445506,68.25461916125967
1.7528970426554977,103.6708748781884,68.23949059141285
1.7533970482081571,103.67008846432525,68.22435478114315
1.7538970537608094,103.6693283327438,68.20921186010435
1.7543970593134688,103.66859705224432,68.19406197244889
1.754897064866121,103.66789716903008,68.17890527892102
1.7553970704187805,103.667231205229,68.16374195881848
1.7558970759714327,103.66660165746356,68.1485722117907
1.7563970815240921,103.66601099547644,68.13339625944668
1.7568970870767444,103.66546166081643,68.11821434675261
1.7573970926294038,103.66495606558816,68.10302674320643
1.757897098182056,103.66449659126792,68.08783374378172
1.7583971037347164,103.66408558758778,68.07263566963289
1.7588971092873678,103.6637253714906,68.05743286855105
1.7593971148400271,103.6634182261602,68.04222571515476
1.7598971203926794,103.66316640013176,68.02701461079674
1.7603971259453388,103.6629721064864,68.01179998316844
1.760897131497991,103.66283752213415,67.99658228558974
1.7613971370506505,103.66276478718623,67.98136199597819
1.7618971426033028,103.66275600441644,67.96613961550109
1.7623971481559622,103.6628132388092,67.95091566692021
1.7628971537086144,103.66293851719128,67.93569069264483
1.7633971592612738,103.66313382794314,67.9204652525085
1.763897164813926,103.66340112078744,67.90523992128408
1.7643971703665855,103.66374230665132,67.89001528594818
1.7648971759192378,103.66415925760062,67.8747919427083
1.7653971814718972,103.66465380684052,67.85957049381138
1.7658971870245495,103.66522774877691,67.84435154416292
1.7663971925772088,103.66588283912908,67.82913569779475
1.7668971981298611,103.66662079508384,67.81392355422466
1.7673972036825205,103.66744329548096,67.79871570475046
1.7678972092351728,103.66835198102098,67.78351272871673
1.7683972147878322,103.66934845448776,67.76831518978781
1.7688972203404845,103.67043428097772,67.7531236322609
1.7693972258931439,103.67161098812684,67.73793857745756
1.7698972314457961,103.6728800663248,67.722760520239
1.7703972369984564,103.67424296890412,67.70758992569773
1.7708972425511078,103.6757011122907,67.69242722608277
1.7713972481037672,103.67725587610218,67.67727281801649
1.7718972536564204,103.67890860318212,67.66212706005342
1.7723972592090789,103.68066059956176,67.64699027061747
1.7728972647617312,103.6825131343446,67.63186272633745
1.7733972703143914,103.68446743951294,67.61674466078593
1.7738972758670428,103.68652470965851,67.60163626361509
1.7743972814197022,103.68868610164031,67.58653768007517
1.7748972869723545,103.69095273417418,67.57144901089826
1.7753972925250139,103.69332568735796,67.55637031253325
1.7758972980776662,103.69580600213428,67.54130159772377
1.7763973036303256,103.6983946796911,67.5262428364268
1.7768973091829778,103.70109268080247,67.51119395706772
1.7773973147356372,103.7039009251105,67.49615484812244
1.7778973202882895,103.70682029035432,67.48112536000849
1.778397325840949,103.70985161155168,67.4661053072582
1.7788973313936012,103.71299568014226,67.45109447093813
1.7793973369462606,103.71625324310436,67.43609260126712
1.7798973424989128,103.71962500205814,67.4210994203771
1.7803973480515722,103.72311161237018,67.40611462515469
1.7808973536042245,103.7267136822748,67.3911378901018
1.781397359156884,103.73043177202509,67.37616887015842
1.7818973647095362,103.73426639308563,67.36120720343875
1.7823973702621956,103.73821800737612,67.34625251384371
1.7828973758148479,103.74228702657068,67.33130441352644
1.7833973813675073,103.74647381145616,67.31636250520036
1.7838973869201604,103.75077867134904,67.30142638428858
1.784397392472819,103.7552018635707,67.28649564091785
1.7848973980254712,103.75974359297888,67.27156986176382
1.7853974035781306,103.7644040115532,67.25664863175828
1.7858974091307829,103.76918321803144,67.24173153567158
1.7863974146834423,103.77408125759366,67.22681815958043
1.7868974202360954,103.7790981215938,67.21190809222597
1.787397425788754,103.78423374733784,67.19700092626196
1.7878974313414062,103.78948801790948,67.18209625939032
1.7883974368940656,103.79486076204516,67.16719369537742
1.788897442446718,103.8003517540588,67.15229284494599
1.7893974479993773,103.80596071381692,67.13739332654245
1.7898974535520296,103.81168730676126,67.12249476698949
1.790397459104689,103.81753114397472,67.10759680204238
1.7908974646573412,103.82349178228466,67.0926990768715
1.7913974702100006,103.82956872439873,67.07780124649292
1.791897475762653,103.83576141906798,67.06290297616796
1.7923974813153123,103.84206926127202,67.04800394179199
1.7928974868679646,103.84849159242098,67.03310383029589
1.793397492420624,103.85502770056787,67.01820234008454
1.7938974979732762,103.86167682062526,67.00329918153817
1.7943975035259356,103.86843813458027,66.98839407760087
1.794897509078588,103.87531077170318,66.97348676447726
1.7953975146312473,103.88229380874516,66.95857699245298
1.7958975201838996,103.88938627012251,66.94366452685063
1.796397525736559,103.89658712808452,66.92874914913286
1.7968975312892113,103.90389530286149,66.91383065816497
1.7973975368418706,103.91130966279115,66.89890887164619
1.797897542394523,103.91882902442312,66.88398362770846
1.7983975479471823,103.92645215260544,66.86905478666648
1.7988975534998346,103.93417776055996,66.85412223288797
1.799397559052494,103.94200450995716,66.83918587674108
1.7998975646051463,103.94993101100268,66.8242456565653
1.8003975701578057,103.95795582254956,66.80930154060508
1.800897575710458,103.96607745225202,66.79435352884144
1.8013975812631173,103.97429435677444,66.77940165465995
1.8018975868157696,103.98260494206885,66.76444598630137
1.802397592368429,103.99100756373096,66.74948662804739
1.8028975979210813,103.99950052744546,66.73452372109989
1.8033976034737407,104.00808208952768,66.71955744411666
1.803897609026393,104.01675045756954,66.70458801337615
1.8043976145790523,104.02550379119154,66.68961568255631
1.8048976201317046,104.03434020290076,66.67464074212893
1.805397625684364,104.04325775905048,66.65966351838753
1.8058976312370163,104.05225448089266,66.64468437214045
1.8063976367896757,104.06132834571424,66.62970369710987
1.806897642342328,104.07047728804542,66.6147219180822
1.8073976478949874,104.07969920092948,66.59973948885438
1.8078976534476396,104.0889919372435,66.58475689001794
1.808397659000299,104.09835331106174,66.56977462661516
1.8088976645529513,104.10778109905468,66.55479322569494
1.8093976701056107,104.11727304191774,66.53981323379249
1.809897675658263,104.12682684582283,66.52483521435941
1.8103976812109224,104.13644018388518,66.50985974517606
1.8108976867635747,104.14611069763674,66.49488741578004
1.811397692316234,104.15583599849842,66.47991882494284
1.8118976978688863,104.16561366924417,66.46495457822185
1.8123977034215457,104.17544126545118,66.44999528561183
1.812897708974198,104.18531631693016,66.43504155931981
1.8133977145268574,104.19523632912951,66.4200940116863
1.8138977200795097,104.20519878450884,66.40515325327351
1.814397725632169,104.21520114387806,66.39021989113235
1.8148977311848213,104.22524084770173,66.37529452724903
1.8153977367374807,104.23531531737171,66.36037775715917
1.815897742290133,104.24542195645172,66.34547016871038
1.8163977478427924,104.25555815189772,66.33057234095517
1.8168977533954447,104.26572127525738,66.31568484316135
1.817397758948104,104.27590868384948,66.30080823393257
1.8178977645007564,104.28611772192416,66.2859430604352
1.8183977700534157,104.29634572180456,66.27108985772735
1.818897775606068,104.30659000501016,66.25624914818566
1.8193977811587274,104.31684788336412,66.24142144102234
1.8198977867113797,104.3271166600858,66.22660723188257
1.820397792264039,104.33739363087103,66.21180700251034
1.8208977978166914,104.3476760849644,66.19702122046536
1.8213978033693508,104.35796130622862,66.18225033886581
1.821897808922003,104.36824657421978,66.1674947961196
1.8223978144746624,104.37852916527892,66.15275501559714
1.8228978200273147,104.38880635365236,66.13803140519397
1.823397825579974,104.39907541265136,66.12332435673332
1.8238978311326264,104.40933361586085,66.10863424516904
1.8243978366852858,104.4195782384022,66.09396142756299
1.824897842237938,104.4298065582538,66.07930624182333
1.8253978477905974,104.44001585762894,66.06466900519847
1.8258978533432497,104.45020342441182,66.05005001252752
1.826397858895909,104.46036655364736,66.03544953425902
1.8268978644485614,104.47050254907953,66.02086781426057
1.8273978700012208,104.48060872472976,66.00630506745307
1.827897875553873,104.49068240650564,65.99176147730883
1.8283978811065325,104.50072093382958,65.97723719325593
1.8288978866591847,104.51072166127636,65.96273232803415
1.8293978922118441,104.5206819602078,65.94824695504998
1.8298978977644964,104.53059922039216,65.93378110578247
1.8303979033171558,104.54047085159502,65.91933476729285
1.830897908869808,104.55029428512978,65.90490787988838
1.8313979144224684,104.5600669753572,65.89050033498187
1.8318979199751197,104.5697864011269,65.876111973177
1.8323979255277791,104.57945006715572,65.861742582599
1.8328979310804314,104.5890555053399,65.84739189748167
1.8333979366330908,104.59860027599952,65.8330595970162
1.833897942185743,104.6080819690546,65.81874530446366
1.8343979477384025,104.61749820513218,65.80444858653206
1.8348979532910548,104.62684663660296,65.79016895302166
1.8353979588437142,104.63612494854648,65.77590585674352
1.8358979643963664,104.64533085964192,65.76165869372046
1.8363979699490258,104.65446212298144,65.7474268036834
1.836897975501678,104.66351652680152,65.73320947087926
1.8373979810543375,104.67249189512911,65.71900592520502
1.8378979866069898,104.68138608834045,65.70481534367359
1.8383979921596492,104.6901970036336,65.69063685220688
1.8388979977123006,104.69892257541768,65.67646952774173
1.8393980032649608,104.70756077562342,65.6623124006281
1.8398980088176131,104.71610961393976,65.648164457298
1.8403980143702725,104.7245671379813,65.6340246431831
1.8408980199229248,104.73293143339096,65.61989186586186
1.8413980254755842,104.7412006238814,65.60576499841875
1.8418980310282365,104.74937287121936,65.59164288299841
1.8423980365808958,104.75744637515584,65.57752433453871
1.8428980421335481,104.76541937330572,65.56340814466901
1.8433980476862084,104.77329014097774,65.54929308576536
1.8438980532388598,104.78105699095542,65.5351779151611
1.8443980587915192,104.78871827322716,65.52106137951756
1.8448980643441724,104.79627237466416,65.5069422193598
1.8453980698968309,104.80371771864571,65.49281917377876
1.8458980754494831,104.81105276463266,65.47869098529364
1.8463980810021434,104.81827600769284,65.46455640485983
1.8468980865547948,104.82538597798296,65.45041419699882
1.8473980921074542,104.83238124019424,65.43626314502
1.8478980976601065,104.83926039296936,65.42210205630107
1.8483981032127659,104.84602206829852,65.4079297675912
1.8488981087654182,104.85266493090388,65.39374515029681
1.8493981143180775,104.85918767762466,65.37954711569918
1.8498981198707298,104.8655890368163,65.3653346200402
1.8503981254233892,104.87186776778285,65.35110666940066
1.8508981309760415,104.87802266025923,65.33686232429207
1.8513981365287009,104.88405253396076,65.32260070389262
1.8518981420813532,104.88995623821047,65.30832098987683
1.8523981476340126,104.89573265165176,65.29402242980835
1.8528981531866648,104.9013806820494,65.27970434007969
1.8533981587393242,104.90689926618074,65.26536610839149
1.8538981642919765,104.91228736981688,65.25100719577021
1.854398169844636,104.9175439877925,65.23662713812796
1.8548981753972882,104.92266814416224,65.22222554737276
1.8553981809499476,104.92765889244043,65.20780211208212
1.8558981865025999,104.93251531591984,65.19335659775638
1.8563981920552592,104.93723652806376,65.17888884667464
1.8568981976079124,104.9418216729648,65.16439877738219
1.857398203160571,104.94626992586194,65.14988638384158
1.8578982087132232,104.95058049370876,65.13535173427921
1.8583982142658826,104.95475261578645,65.12079496975312
1.8588982198185349,104.95878556435662,65.10621630245937
1.8593982253711943,104.96267864535211,65.09161601378867
1.8598982309238474,104.96643119910324,65.07699445213942
1.860398236476506,104.97004260109958,65.06235203048769
1.8608982420291582,104.97351226278911,65.04768922370634
1.8613982475818176,104.97683963241796,65.03300656561781
1.8618982531344699,104.98002419591454,65.01830464576348
1.8623982586871293,104.98306547782232,65.00358410587236
1.8628982642397816,104.98596304228414,64.98884563601459
1.863398269792441,104.98871649408136,64.97408997042685
1.8638982753450932,104.9913254797292,64.95931788300052
1.8643982808977526,104.99378968863024,64.9445301824274
1.864898286450405,104.99610885428623,64.92972770699858
1.8653982920030643,104.99828275556936,64.91491131905416
1.8658982975557166,105.00031121805186,64.90008189908552
1.866398303108376,105.00219411539103,64.88524033950283
1.8668983086610282,105.00393137076362,64.8703875380955
1.8673983142136876,105.00552295833806,64.85552439123073
1.86789831976634,105.00696890477133,64.84065178685071
1.8683983253189993,105.00826929071168,64.82577059734461
1.8688983308716516,105.0094242522864,64.81088167238532
1.869398336424311,105.01043398255128,64.79598583183358
1.8698983419769633,105.01129873287532,64.78108385881703
1.8703983475296226,105.01201881423697,64.76617649309041
1.870898353082275,105.0125945984086,64.75126442477601
1.8713983586349343,105.01302651900797,64.73634828857342
1.8718983641875866,105.0133150723988,64.72142865851723
1.872398369740246,105.0134608184252,64.7065060433501
1.8728983752928983,105.0134643809665,64.69158088256629
1.8733983808455577,105.01332644830308,64.67665354316968
1.87389838639821,105.0130477732847,64.66172431718236
1.8743983919508693,105.012629173295,64.64679341993104
1.8748983975035216,105.01207153000875,64.63186098912962
1.875398403056181,105.01137578894048,64.6169270847628
1.8758984086088333,105.01054295878691,64.60199168976192
1.8763984141614927,105.0095741105689,64.58705471145153
1.876898419714145,105.00847037657977,64.57211598373745
1.8773984252668043,105.00723294914768,64.5571752700035
1.8778984308194566,105.00586307922134,64.54223226668357
1.878398436372116,105.00436207478585,64.52728660747401
1.8788984419247683,105.00273129911989,64.51233786814677
1.8793984474774277,105.00097216890472,64.49738557191502
1.87989845303008,104.99908615219933,64.48242919529467
1.8803984585827394,104.99707476629622,64.46746817439796
1.8808984641353916,104.99493957547492,64.45250191159094
1.881398469688051,104.99268218866926,64.43752978244483
1.8818984752407033,104.99030425706572,64.42255114291048
1.8823984807933627,104.98780747164932,64.40756533664464
1.882898486346015,104.98519356071496,64.39257170241427
1.8833984918986744,104.98246428736228,64.37756958150257
1.8838984974513266,104.9796214469933,64.36255832503647
1.884398503003986,104.97666686483144,64.34753730115413
1.8848985085566383,104.97360239348158,64.33250590193407
1.8853985141092977,104.97042991054748,64.31746355001215
1.88589851966195,104.967151316323,64.30240970482025
1.8863985252146094,104.96376853157098,64.28734386838853
1.8868985307672617,104.96028349540016,64.27226559066602
1.887398536319921,104.95669816324782,64.25717447432956
1.8878985418725733,104.95301450497116,64.2420701790688
1.8883985474252327,104.949234503047,64.22695242534887
1.888898552977885,104.94536015087736,64.21182099766386
1.8893985585305444,104.94139345119562,64.19667574730386
1.8898985640831967,104.93733641456753,64.18151659466226
1.890398569635856,104.93319105798102,64.16634353110953
1.8908985751885083,104.9289594035201,64.15115662045619
1.8913985807411677,104.92464347711862,64.13595600002316
1.89189858629382,104.92024530739069,64.12074188133528
1.8923985918464794,104.91576692453556,64.10551455044799
1.8928985973991317,104.91121035931688,64.09027436791102
1.893398602951791,104.9065776421166,64.07502176836586
1.8938986085044434,104.90187080206664,64.05975725977021
1.8943986140571027,104.8970918662584,64.04448142224503
1.894898619609755,104.89224285903128,64.02919490654399
1.8953986251624144,104.88732580133922,64.01389843215114
1.8958986307150667,104.88234271019292,63.9985927850163
1.896398636267726,104.87729559817495,63.98327881494434
1.8968986418203784,104.87218647302278,63.96795743265941
1.8973986473730378,104.86701733727467,63.952629606567385
1.89789865292569,104.8617901879748,63.93729635923597
1.8983986584783494,104.85650701643485,63.92195876360277
1.8988986640310017,104.85116980805392,63.90661793890828
1.899398669583661,104.84578054220114,63.891275046334144
1.8998986751363134,104.84034119216956,63.87593128431392
1.9003986806889728,104.83485372520884,63.860587883483376
1.900898686241625,104.82932010264236,63.84524610125038
1.9013986917942844,104.82374228006884,63.829907215983184
1.9018986973469367,104.81812220764596,63.81457252083112
1.9023987028995961,104.81246183045114,63.79924331719947
1.9028987084522484,104.80676308891437,63.78392090790368
1.9033987140049078,104.80102791931604,63.768606590032334
1.90389871955756,104.79525825434357,63.753301647551325
1.9043987251102203,104.7894560236978,63.73800734368659
1.9048987306628717,104.7836231547398,63.72272491312876
1.9053987362155311,104.7777615731672,63.70745555410841
1.9058987417681834,104.77187320370732,63.692200420397086
1.9063987473208428,104.76595997081472,63.67696061329308
1.906898752873495,104.76002379935758,63.66173717365665
1.9073987584261545,104.75406661527788,63.64653107406584
1.9078987639788068,104.74809034620708,63.63134321117134
1.9083987695314661,104.742096922018,63.616174398334834
1.9088987750841184,104.73608827529328,63.60102535864012
1.9093987806367778,104.7300663416886,63.585896718370506
1.90989878618943,104.72403306017006,63.5707890010469
1.9103987917420895,104.7179903731048,63.55570262211671
1.9108987972947418,104.7119402261862,63.54063788437668
1.9113988028474012,104.70588456817757,63.52559497420313
1.9118988084000534,104.69982535046016,63.51057395865057
1.9123988139527128,104.6937645263759,63.49557478346766
1.9128988195053651,104.68770405035504,63.48059727206808
1.9133988250580245,104.68164587682438,63.465641125485405
1.9138988306106768,104.67559195889136,63.45070592333107
1.9143988361633362,104.66954424680256,63.43579112576404
1.9148988417159885,104.66350468617937,63.42089607646446
1.9153988472686478,104.65747521603684,63.406020006587866
1.9158988528213001,104.65145776659642,63.39116203965664
1.9163988583739604,104.64545425690702,63.37632119732764
1.9168988639266118,104.63946659229408,63.36149640595589
1.9173988694792712,104.63349666165874,63.34668650386003
1.9178988750319244,104.62754633465086,63.33189024918919
1.9183988805845829,104.62161745873988,63.3171063282914
1.9188988861372351,104.615711856206,63.30233336448804
1.9193988916898954,104.6098313210737,63.287569927161485
1.9198988972425468,104.6039776160097,63.27281454106371
1.9203989027952062,104.5981524692068,63.25806569575197
1.9208989083478585,104.592357571277,63.24332185505641
1.9213989139005179,104.58659457217588,63.22858146648397
1.9218989194531702,104.58086507818028,63.21384297046572
1.9223989250058295,104.57517064894026,63.19910480935866
1.9228989305584818,104.56951279462474,63.184365436120046
1.9233989361111412,104.56389297317828,63.16962332257901
1.9238989416637935,104.55831258770536,63.15487696723744
1.9243989472164529,104.55277298399704,63.14012490253727
1.9248989527691052,104.54727544821388,63.12536570153257
1.9253989583217646,104.54182120474,63.110597983907965
1.9258989638744168,104.53641141421888,63.09582042129357
1.9263989694270762,104.5310471717785,63.08103174184784
1.9268989749797285,104.52572950544648,63.06623073410516
1.927398980532388,104.5204593747516,63.05141625010566
1.9278989860850402,104.51523766950568,63.03658720783265
1.9283989916376996,104.51006520875868,63.021742592989696
1.9288989971903518,104.5049427399181,63.00688146015801
1.9293990027430112,104.4998709380188,62.99200293339236
1.9298990082956644,104.49485040512656,62.977106206331385
1.930399013848323,104.48988166985455,62.96219054191138
1.9308990194009752,104.48496518697236,62.9472552717729
1.9313990249536346,104.48010133708812,62.93229979544486
1.9318990305062869,104.47529042638752,62.91732357937859
1.9323990360589463,104.47053268641498,62.90232615589544
1.9328990416115994,104.46582827388482,62.88730712210085
1.933399047164258,104.461177270513,62.87226613880796
1.9338990527169102,104.45657968286172,62.85720292950393
1.9343990582695696,104.45203544219169,62.842117279384055
1.9348990638222219,104.44754440431684,62.82700903447514
1.9353990693748813,104.44310634945782,62.81187810086763
1.9358990749275335,104.43872098208962,62.796724444073504
1.936399080480193,104.43438793078174,62.78154808852199
1.9368990860328452,104.43010674802916,62.76634911719947
1.9373990915855046,104.42587691007456,62.7511276714322
1.937899097138157,104.42169781672432,62.73588395080262
1.9383991026908163,104.41756879116228,62.720618213182206
1.9388991082434686,104.4134890797662,62.705330774858425
1.939399113796128,104.40945785193423,62.69002201072968
1.9398991193487802,104.40547419992656,62.67469235454037
1.9403991249014396,104.40153713873046,62.659342299125726
1.940899130454092,104.39764560595472,62.64397239663792
1.9413991360067513,104.3937984617598,62.62858325872797
1.9418991415594036,104.3899944888286,62.613175556662085
1.942399147112063,104.38623239238171,62.597750021354784
1.9428991526647152,104.38251080024132,62.58230744330454
1.9433991582173746,104.37882826294484,62.56684867242201
1.943899163770027,104.37518325391176,62.55137461774076
1.9443991693226863,104.3715741696655,62.53588624700062
1.9448991748753386,104.36799933011284,62.52038458609168
1.945399180427998,104.36445697888443,62.50487071834718
1.9458991859806503,104.36094528373822,62.48934578367171
1.9463991915333096,104.35746233703055,62.473810977489
1.946899197085962,104.3540061562579,62.45826754949417
1.9473992026386213,104.35057468467204,62.44271680219637
1.9478992081912736,104.3471657919718,62.42716008924238
1.948399213743933,104.34377727507116,62.4115988135179
1.9488992192965853,104.34040685894306,62.39603442502981
1.9493992248492447,104.33705219753712,62.38046841857786
1.949899230401897,104.33371087476812,62.36490233122866
1.9503992359545563,104.3303804055712,62.34933773960738
1.9508992415072086,104.32705823702054,62.33377625702384
1.951399247059868,104.32374174950677,62.31821953045177
1.9518992526125203,104.32042825796816,62.30266923737972
1.9523992581651797,104.31711501317209,62.28712708255286
1.952899263717832,104.31379920304155,62.27159479462469
1.9533992692704913,104.31047795402272,62.2560741227353
1.9538992748231436,104.30714833249104,62.24056683302909
1.954399280375803,104.3038073461933,62.22507470511975
1.9548992859284553,104.30045194572548,62.20959952850376
1.9553992914811147,104.29707902604684,62.19414309892068
1.955899297033767,104.29368542803074,62.17870721465499
1.9563993025864264,104.29026794005418,62.16329367277302
1.9568993081390786,104.2868232996272,62.14790426528603
1.957399313691738,104.2833481950648,62.13254077523074
1.9578993192443903,104.27983926720182,62.11720497266036
1.9583993247970497,104.27629311115214,62.10189861054237
1.958899330349702,104.27270627811184,62.08662342056245
1.9593993359023614,104.2690752772056,62.07138110883661
1.9598993414550137,104.2653965773746,62.05617335153771
1.960399347007673,104.26166660930409,62.04100179044539
1.9608993525603253,104.2578817673867,62.02586802843139
1.9613993581129847,104.25403841171882,62.01077362489491
1.961899363665637,104.25013287012524,61.99572009116491
1.9623993692182964,104.24616144020806,61.98070888588691
1.9628993747709487,104.24212039141584,61.96574141041107
1.963399380323608,104.23800596712908,61.95081900419625
1.9638993858762603,104.2338143867586,61.93594294024365
1.9643993914289197,104.22954184785344,61.92111442057515
1.964899396981572,104.22518452821323,61.90633457177378
1.9653994025342314,104.22073858800049,61.89160444060977
1.9658994080868837,104.2162001718446,61.87692498978055
1.966399413639543,104.21156541093173,61.86229709379589
1.9668994191921954,104.20683042507116,61.84772153504026
1.9673994247448547,104.20199132473157,61.83319900004612
1.967899430297507,104.19704421303696,61.81873007601703
1.9683994358501664,104.19198518771192,61.804315247646485
1.9688994414028187,104.18681034296368,61.7899548942861
1.969399446955478,104.18151577128768,61.77564928751647
1.9698994525081304,104.17609756518787,61.76139858916258
1.9703994580607898,104.170551818806,61.7472028497734
1.970899463613442,104.16487462946122,61.733062007560704
1.9713994691661014,104.15906209910494,61.718975887773226
1.9718994747187537,104.1531103356982,61.70494420247283
1.972399480271413,104.147015454519,61.690966550678354
1.9728994858240654,104.14077357940646,61.67704241884719
1.9733994913767248,104.13438084394564,61.66317118167319
1.973899496929377,104.1278333925962,61.649352103189926
1.9743995024820364,104.1211273817636,61.635584338177125
1.9748995080346887,104.11425898081364,61.62186693387183
1.975399513587348,104.10722437302806,61.60819883198417
1.9758995191400004,104.1000197565036,61.594578871014605
1.9763995246926598,104.09264134499384,61.58100578886575
1.976899530245312,104.085085368697,61.567478225738085
1.9773995357979723,104.07734807499268,61.553994727291695
1.9778995413506237,104.06942572913306,61.540553748049376
1.9783995469032831,104.06131461489522,61.52715365500987
1.9788995524559354,104.0530110352019,61.51379273143618
1.9793995580085948,104.04451131271964,61.50046918077875
1.979899563561247,104.03581179044292,61.48718113069209
1.9803995691139065,104.02690883227336,61.47392663710497
1.9808995746665587,104.01779882360236,61.460703688304775
1.9813995802192181,104.00847817190588,61.44751020899439
1.9818995857718704,103.99894330736164,61.43434406427493
1.9823995913245298,103.9891906835,61.4212030635035
1.982899596877182,103.97921677789982,61.40808496397317
1.9833996024298415,103.96901809294094,61.39498747436133
1.9838996079824938,103.95859115662437,61.38190825789633
1.9843996135351532,103.94793252346936,61.36884493519811
1.9848996190878054,103.93703877549456,61.35579508676128
1.9853996246404648,103.92590652328676,61.34275625506085
1.985899630193117,103.91453240715772,61.32972594627471
1.9863996357457765,103.90291309838769,61.3167016316291
1.9868996412984288,103.89104530055027,61.30368074838542
1.9873996468510882,103.8789257509118,61.29066070049582
1.9878996524037404,103.86655122189674,61.27763885896341
1.9883996579563998,103.85391852260771,61.26461256195374
1.9888996635090521,103.84102450038544,61.25157911471844
1.9893996690617124,103.82786604239124,61.23853578940563
1.9898996746143638,103.81444007719276,61.225479824838885
1.9903996801670232,103.8007435763335,61.2124084263463
1.9908996857196763,103.78677355586862,61.19931876571579
1.9913996912723348,103.77252707785028,61.18620798134664
1.9918996968249871,103.75800125174791,61.17307317865907
1.9923997023776474,103.74319323579104,61.15991143081322
1.9928997079302988,103.72810023822542,61.14671977977672
1.9933997134829582,103.7127195184764,61.133495237765445
1.9938997190356105,103.69704838821532,61.120234789072086
1.9943997245882699,103.6810842123282,61.106935392285024
1.9948997301409221,103.6648244097866,61.09359398289553
1.9953997356935815,103.6482664544207,61.08020747629037
1.9958997412462338,103.63140787559396,61.06677277113185
1.9963997467988932,103.61424625877714,61.05328675313059
1.9968997523515455,103.59677924601996,61.0397462992196
1.9973997579042049,103.57900453631676,61.0261482821393
1.9978997634568572,103.56091988586516,61.01248957544057
1.9983997690095165,103.54252310821632,60.99876705890596
1.9988997745621688,103.52381207431893,60.98497762438005
1.9993997801148282,103.50478471246046,60.97111818198975
1.9998997856674805,103.48543900811192,60.95718566672703
2.00039979122014,103.4657730036825,60.94317704536245
2.000899796772792,103.4457847981909,60.92908932365791
2.0013998023254516,103.42547254685846,60.9149195538555
2.001899807878104,103.40483446062623,60.90066484242864
2.0023998134307632,103.3838688055976,60.88632235808977
2.0028998189834164,103.36257390240684,60.87188934004664
2.003399824536075,103.34094812551896,60.85736310648774
2.003899830088727,103.31898990246675,60.84274106326194
2.0043998356413866,103.29669771303676,60.828020712704685
2.004899841194039,103.2740700884153,60.813199662556286
2.0053998467466982,103.25110561030816,60.79827563491324
2.0058998522993514,103.22780291004734,60.78324647515052
2.00639985785201,103.2041606676975,60.76811016075621
2.006899863404662,103.18017761117372,60.75286481002914
2.0073998689573216,103.15585251537772,60.73750869060217
2.007899874509974,103.13118420135814,60.72204022776562
2.0083998800626333,103.10617153549836,60.706458012575965
2.0088998856152855,103.08081342873258,60.69076080974112
2.009399891167945,103.05510883579224,60.67494756527422
2.009899896720597,103.0290567544848,60.65901741390326
2.0103999022732566,103.00265622500824,60.64296968621976
2.010899907825909,102.97590632930476,60.62680391555152
2.0113999133785683,102.94880619045551,60.61051984454747
2.0118999189312206,102.92135497211726,60.59411743146916
2.01239992448388,102.89355187800084,60.57759685618845
2.0128999300365322,102.86539615138956,60.56095852589702
2.0133999355891916,102.83688707469418,60.54420308053929
2.013899941141844,102.8080239690414,60.52733139798501
2.0143999466945033,102.77880619388937,60.51034459896323
2.0148999522471556,102.74923314666408,60.4932440517854
2.015399957799815,102.71930426240932,60.47603137688867
2.0158999633524672,102.68901901344364,60.45870845122524
2.0163999689051266,102.65837690902212,60.44127741250708
2.016899974457779,102.62737749500404,60.42374066329873
2.0173999800104383,102.5960203535302,60.40610087494086
2.0178999855630906,102.56430510271409,60.388360991283335
2.01839999111575,102.53223139635318,60.37052423220048
2.0188999966684023,102.49979892366946,60.35259409684605
2.0194000022210616,102.46700740909314,60.33457436658309
2.019900007773714,102.43385661210948,60.31646910750287
2.0204000133263733,102.4003463271912,60.29828267242833
2.0209000188790256,102.36647638384298,60.28001970228628
2.021400024431685,102.33224664678424,60.26168512672778
2.0219000299843373,102.29765701629748,60.24328416387824
2.0224000355369967,102.26270742876628,60.224822319105584
2.022900041089649,102.22739785742684,60.20630538270083
2.0234000466423083,102.19172831335452,60.1877394263724
2.0239000521949606,102.15569884670714,60.16913079845854
2.02440005774762,102.11930954824436,60.15048611776656
2.0249000633002723,102.0825605511429,60.1318122659528
2.0254000688529317,102.04545203312377,60.11311637836658
2.025900074405584,102.00798421890649,60.09440583329112
2.0264000799582433,101.97015738300225,60.07568823952593
2.0269000855108956,101.93197185285446,60.05697142227011
2.027400091063555,101.89342801233242,60.03826340728072
2.0279000966162073,101.85452630557884,60.01957240329712
2.0284001021688667,101.81526724120911,60.00090678274245
2.028900107721519,101.77565139685235,59.98227506074159
2.0294001132741784,101.7356794240178,59.96368587252651
2.0299001188268306,101.6953520532631,59.94514794933112
2.03040012437949,101.65467009963548,59.926670092904686
2.0309001299321423,101.61363446835033,59.90826114879606
2.0314001354848017,101.57224616066956,59.88992997857673
2.031900141037454,101.53050627993872,59.87168543118213
2.0324001465901134,101.4884160377421,59.85353631355339
2.0329001521427656,101.44597676013504,59.8354913607586
2.033400157695425,101.40318989391426,59.817559205768944
2.0339001632480773,101.36005701288636,59.79974834906497
2.0344001688007367,101.31657982409564,59.7820671282487
2.034900174353389,101.27276017397097,59.76452368783974
2.0354001799060484,101.22860005435098,59.747125949438114
2.0359001854587007,101.1841016083458,59.72988158244252
2.03640019101136,101.13926713599196,59.71279797551664
2.0369001965640123,101.09409909965927,59.69588220898856
2.0374002021166717,101.04860012917338,59.67914102835066
2.037900207669324,101.00277302662217,59.66258081900041
2.0384002132219834,100.95662077082282,59.64620758233002
2.0389002187746357,100.91014652143404,59.63002691323814
2.039400224327295,100.86335362270374,59.61404397910749
2.0399002298799473,100.81624560684897,59.598263500270434
2.0404002354326067,100.76882619706576,59.58268973197269
2.040900240985259,100.72109931016908,59.56732644784077
2.0414002465379184,100.67306905886228,59.552176924858045
2.0419002520905707,100.624739753635,59.53724392985809
2.04240025764323,100.57611590428738,59.522529707548046
2.0429002631958824,100.52720222107764,59.50803597007968
2.0434002687485417,100.47800361548924,59.49376388818831
2.043900274301194,100.42852520061284,59.47971408392249
2.0444002798538534,100.3787722911384,59.46588662499104
2.0449002854065057,100.3287504029502,59.45228102076024
2.045400290959165,100.2784652523168,59.43889621994059
2.0459002965118174,100.22792275466746,59.42573061000559
2.0464003020644768,100.17712902294596,59.41278201838291
2.046900307617129,100.12609036553502,59.40004771545321
2.0474003131697884,100.07481328374524,59.38752441938658
2.0479003187224407,100.02330446886248,59.375208302842935
2.0484003242751,99.97157079874982,59.36309500156087
2.0489003298277524,99.91961933399904,59.35117962485605
2.0494003353804118,99.86745731362991,59.33945676804184
2.049900340933064,99.81509215033742,59.32792052677321
2.0504003464857234,99.76253142528944,59.31656451330308
2.0509003520383757,99.70978288247991,59.30538187463328
2.051400357591035,99.65685442264292,59.2943653125394
2.0519003631436874,99.60375409673244,59.28350710544403
2.052400368696347,99.55049009897807,59.27279913210448
2.052900374248999,99.49707075952564,59.26223289706748
2.0534003798016585,99.44350453667876,59.251799557827326
2.0539003853543107,99.3898000087593,59.24148995360952
2.05440039090697,99.33596586560748,59.23129463568576
2.0549003964596224,99.28201089974732,59.22120389911332
2.055400402012282,99.22794399724393,59.211207815777655
2.055900407564934,99.17377412828388,59.20129626860556
2.0564004131175935,99.11951033751244,59.19145898679834
2.0569004186702458,99.0651617341672,59.18168558191324
2.057400424222905,99.0107374820524,59.17196558459523
2.0579004297755574,98.95624678940489,59.16228848173836
2.058400435328217,98.90169889870442,59.15264375384257
2.058900440880869,98.84710307648317,59.143020912324445
2.0594004464335285,98.79246860319066,59.13340953653381
2.0599004519861808,98.73780476317296,59.123799310219184
2.06040045753884,98.6831208348249,59.11418005717957
2.0609004630914924,98.6284260809764,59.10454177583578
2.061400468644152,98.5737297395727,59.094874672457976
2.061900474196804,98.51904101470583,59.08516919279435
2.0624004797494644,98.4643690680518,59.07541605186468
2.062900485302116,98.40972301076135,59.065606261705256
2.063400490854775,98.35511189584685,59.05573115687983
2.0639004964074283,98.30054471110051,59.045782417602666
2.064400501960087,98.24603037257052,59.03575209035692
2.064900507512739,98.1915777186144,59.02563260592533
2.0654005130653994,98.13719550454395,59.01541679477256
2.065900518618051,98.08289239787408,59.005097899725584
2.06640052417071,98.02867697418873,58.99466958589565
2.0669005297233625,97.9745577136386,58.98412594778095
2.067400535276022,97.92054299808268,58.973461513495806
2.067900540828674,97.86664110887916,58.96267124610404
2.0684005463813335,97.81286022531916,58.95175054208914
2.068900551933986,97.75920842368248,58.940695227055485
2.069400557486645,97.7056936768833,58.92950154880245
2.0699005630392975,97.65232385466923,58.91816616794097
2.070400568591957,97.59910672433172,58.90668614623756
2.070900574144609,97.54604995188554,58.895058932877234
2.0714005796972685,97.4931611036747,58.883282348837184
2.071900585249921,97.4404476483624,58.87135456956224
2.07240059080258,97.38791695926118,58.85927410613836
2.0729005963552325,97.33557631695672,58.84703978517212
2.073400601907892,97.28343291217698,58.834650727597904
2.073900607460544,97.23149384885362,58.8221063266441
2.0744006130132044,97.1797661473248,58.80940622519488
2.074900618565856,97.12825674762486,58.79655029278538
2.0754006241185152,97.07697251280982,58.78353860246534
2.0759006296711684,97.02592023226757,58.770371407758205
2.076400635223827,96.97510662496518,58.75704911993172
2.076900640776479,96.9245383425896,58.74357228577766
2.0774006463291386,96.8742219725412,58.72994156608222
2.077900651881791,96.82416404074198,58.71615771496283
2.0784006574344502,96.77437101421668,58.702221560257016
2.0789006629871034,96.7248493034039,58.68813398516197
2.079400668539762,96.6756052641527,58.67389591132293
2.079900674092414,96.62664519936529,58.65950828355149
2.0804006796450736,96.57797536025186,58.64497205632799
2.080900685197726,96.52960194716984,58.63028818221535
2.0814006907503853,96.48153111002652,58.61545760228215
2.0819006963030375,96.43376894823136,58.6004812385998
2.082400701855697,96.3863215101924,58.58535998884268
2.082900707408349,96.33919479235874,58.5700947229856
2.0834007129610086,96.29239473781766,58.55468628206506
2.083900718513661,96.24592723446032,58.53913547894527
2.0844007240663203,96.1997981127356,58.52344310100608
2.0849007296189725,96.15401314301631,58.50760991464671
2.085400735171632,96.10857803260733,58.49163667147897
2.085900740724284,96.06349842242687,58.47552411607049
2.0864007462769436,96.0187798833965,58.45927299508841
2.086900751829596,95.97442791257454,58.442884067684815
2.0874007573822553,95.93044792907293,58.426358116952514
2.0879007629349076,95.88684526979772,58.4096959622732
2.088400768487567,95.84362518505282,58.3928984723843
2.0889007740402192,95.8007928340428,58.375966579003816
2.0894007795928786,95.7583532803092,58.35890129086762
2.089900785145531,95.71631148712902,58.34170370804699
2.0904007906981903,95.67467231290384,58.32437503642508
2.0909007962508426,95.63344050656492,58.30691660222014
2.091400801803502,95.59262070301853,58.2893298664479
2.0919008073561542,95.55221741865628,58.27161643921542
2.0924008129088136,95.51223504695604,58.25377809373212
2.092900818461466,95.47267785420112,58.23581677991703
2.0934008240141253,95.43354997534529,58.21773463747812
2.0939008295667776,95.39485541005148,58.19953400834218
2.094400835119437,95.35659801893112,58.18121744831336
2.0949008406720893,95.31878152001153,58.16278773783911
2.0954008462247486,95.28140948545712,58.144247891768586
2.095900851777401,95.24448533856597,58.125601168008
2.0964008573300603,95.20801235105694,58.10685107500223
2.0969008628827126,95.17199364065912,58.088001377994544
2.097400868435372,95.13643216901076,58.06905610402585
2.0979008739880243,95.1013307398791,58.05001954562806
2.0984008795406837,95.06669199771434,58.03089626314784
2.098900885093336,95.03251842655555,58.01169108562191
2.0994008906459953,94.99881234930491,57.992409110129685
2.0999008961986476,94.9655759273825,57.97305569956691
2.100400901751307,94.93281116076764,57.95363647881092
2.1009009073039593,94.90051988842777,57.93415732927561
2.1014009128566187,94.86870378912732,57.91462438188391
2.101900918409271,94.83736438260534,57.89504400851244
2.1024009239619303,94.8065030311038,57.87542281198228
2.1029009295145826,94.77612094122836,57.85576761468131
2.103400935067242,94.74621916612028,57.83608544591134
2.1039009406198943,94.71679860791684,57.81638352805996
2.1044009461725537,94.68786002047663,57.79666926170231
2.104900951725206,94.65940401234694,57.77695020973454
2.1054009572778654,94.63143104995284,57.757234080630326
2.1059009628305176,94.60394146098976,57.737528710901714
2.106400968383177,94.5769354380028,57.717842046837134
2.1069009739358293,94.55041304213822,57.69818212558437
2.1074009794884887,94.52437420705236,57.67855705564179
2.107900985041141,94.49881874296452,57.65897499681928
2.1084009905938004,94.47374634084046,57.639444139729775
2.1089009961464527,94.44915657669222,57.61997268487164
2.109401001699112,94.42504891598158,57.60056882136404
2.1099010072517643,94.4014227181114,57.58124070540282
2.1104010128044237,94.37827724098796,57.56199643851372
2.110901018357076,94.3556116456359,57.54284404568665
2.1114010239097354,94.33342500084652,57.52379145347668
2.1119010294623877,94.31171628784044,57.50484646815963
2.112401035015047,94.29048440492392,57.48601675403444
2.1129010405676993,94.26972817211708,57.46730981197322
2.1134010461203587,94.24944633572996,57.44873295832453
2.113901051673011,94.22963757286443,57.430293304275
2.1144010572256704,94.21030049582002,57.41199773576443
2.1149010627783227,94.19143365638588,57.39385289403855
2.115401068330982,94.17303555000194,57.37586515691709
2.1159010738836344,94.15510461977208,57.3580406208539
2.1164010794362937,94.1376392603142,57.340385083861165
2.116901084988946,94.12063782143296,57.32290402936036
2.1174010905416054,94.10409861160434,57.305602611014166
2.1179010960942577,94.0880199012618,57.28848563858209
2.118401101646917,94.07239992588104,57.27155756481797
2.1189011071995694,94.05723688886803,57.25482247338894
2.1194011127522288,94.04252896426368,57.23828406775594
2.119901118304881,94.02827429928438,57.22194566092921
2.1204011238575404,94.01447101672004,57.20581016600393
2.1209011294101927,94.0011172172094,57.189880087385646
2.121401134962852,93.98821098140904,57.17415751263135
2.1219011405155044,93.97575037206776,57.15864410485648
2.1224011460681638,93.96373343600956,57.14334109568984
2.122901151620816,93.95215820602314,57.12824927878826
2.1234011571734754,93.94102270265016,57.11336900394478
2.1239011627261277,93.93032493586168,57.09870017183896
2.124401168278787,93.92006290660832,57.08424222949323
2.1249011738314394,93.91023460822623,57.06999416651792
2.125401179384099,93.90083802767629,57.05595451224494
2.125901184936751,93.89187114659408,57.04212133385167
2.1264011904894105,93.8833319421343,57.02849223554982
2.1269011960420627,93.87521838760162,57.01506435887343
2.127401201594722,93.86752845286654,57.0018343840714
2.1279012071473744,93.86026010456528,56.98879853261036
2.128401212700034,93.85341130607738,56.97595257081503
2.128901218252686,93.84698001726728,56.96329181470468
2.1294012238053455,93.84096419397018,56.95081113611755
2.1299012293579977,93.83536178719504,56.93850497024259
2.130401234910657,93.83017074201572,56.9263673246878
2.1309012404633094,93.8253889961231,56.9143917902103
2.131401246015969,93.8210144780129,56.90257155321879
2.131901251568621,93.81704510478802,56.89089941014301
2.1324012571212805,93.81347877955808,56.87936778374913
2.1329012626739328,93.8103133884214,56.86796874146398
2.133401268226592,93.80754679701997,56.85669401575221
2.1339012737792444,93.8051768466641,56.845535026558906
2.134401279331904,93.8032013500356,56.83448290577499
2.134901284884556,93.80161808649396,56.82352852361545
2.1354012904372164,93.8004247970216,56.812662516743
2.1359012959898678,93.79961917885144,56.80187531794186
2.136401301542527,93.799198879821,56.79115718713713
2.1369013070951794,93.79916149249864,56.78049824355404
2.137401312647839,93.79950454812634,56.76988849881185
2.137901318200491,93.80022551042492,56.75931789074404
2.1384013237531514,93.80132176930752,56.74877631773424
2.138901329305803,93.8027906345493,56.73825367334989
2.139401334858462,93.80462932946212,56.72773988104849
2.1399013404111145,93.806834984625,56.71722492872812
2.140401345963774,93.80940463171837,56.70669890289794
2.140901351516426,93.81233519751002,56.69615202225455
2.1414013570690855,93.8156234980368,56.68557467045986
2.141901362621738,93.81926623302428,56.67495742792612
2.142401368174397,93.82325998058452,56.66429110242719
2.1429013737270495,93.82760119222564,56.65356675838068
2.143401379279709,93.83228618819948,56.64277574467738
2.143901384832361,93.83731115320816,56.63190972096589
2.1444013903850205,93.84267213248432,56.6209606823206
2.144901395937673,93.8483650282578,56.60992098223558
2.145401401490332,93.8543855966182,56.59878335389665
2.1459014070429845,93.86072944478276,56.587540929691
2.146401412595644,93.86739202877736,56.57618725891346
2.146901418148296,93.87436865154012,56.56471632362732
2.1474014237009564,93.8816544614556,56.553122552639
2.147901429253608,93.88924445132672,56.541400833553794
2.148401434806267,93.89713345778844,56.529546522892375
2.1489014403589204,93.90531616116344,56.51755545426255
2.149401445911579,93.91378708575728,56.50542394459846
2.149901451464231,93.92254060058598,56.49314879849399
2.1504014570168906,93.93157092052736,56.480727310667945
2.150901462569543,93.94087210788658,56.46815726660351
2.1514014681222022,93.95043807436475,56.455436941407584
2.1519014736748554,93.96026258341853,56.4425650969433
2.152401479227514,93.97033925299468,56.42954097730292
2.152901484780166,93.98066155862227,56.41636430270235
2.1534014903328256,93.99122283683964,56.40303526189052
2.153901495885478,94.00201628893409,56.38955450317694
2.1544015014381372,94.01303498496898,56.37592312418722
2.1549015069907895,94.02427186807172,56.36214266046312
2.155401512543449,94.0357197589556,56.3482150730259
2.155901518096101,94.04737136065005,56.33414273501997
2.1564015236487606,94.05921926341274,56.31992841754786
2.156901529201413,94.0712559498022,56.30557527479624
2.1574015347540723,94.08347379989068,56.2910868285374
2.1579015403067245,94.0958650966028,56.27646695207108
2.158401545859384,94.10842203116962,56.26171985365157
2.158901551412036,94.12113670869172,56.24685005942381
2.1594015569646956,94.13400115380908,56.23186239587528
2.159901562517348,94.14700731647945,56.21676197179639
2.1604015680700073,94.16014707786812,56.201554159727735
2.1609015736226604,94.17341225635592,56.186244576864354
2.161401579175319,94.18679461367113,56.17083906538458
2.1619015847279712,94.20028586115038,56.15534367217893
2.1624015902806306,94.21387766613034,56.13976462796724
2.162901595833283,94.2275616584686,56.12410832580801
2.1634016013859423,94.24132943718776,56.10838129902294
2.1639016069385946,94.25517257723276,56.092590198581945
2.164401612491254,94.26908263632546,56.07674177001458
2.1649016180439062,94.2830511618988,56.06084282992936
2.1654016235965656,94.29706969808936,56.04490024223094
2.165901629149218,94.31112979276848,56.02892089412707
2.1664016347018773,94.32522300459064,56.01291167201545
2.1669016402545296,94.33934091004036,55.99687943733712
2.167401645807189,94.35347511045852,55.980831002480016
2.1679016513598413,94.3676172390297,55.96477310681409
2.1684016569125006,94.38175896771196,55.94871239294203
2.168901662465153,94.3958920140883,55.93265538325787
2.1694016680178123,94.41000814811714,55.9166084569146
2.1699016735704646,94.42409919875917,55.9005778273046
2.170401679123124,94.43815706045852,55.88456952014893
2.1709016846757763,94.4521736994614,55.868589352276686
2.1714016902284357,94.4661411599546,55.85264291116749
2.171901695781088,94.48005157000694,55.83673553533778
2.1724017013337473,94.49389714729178,55.8208722956682
2.1729017068863996,94.5076702045655,55.80505797778713
2.173401712439059,94.52136315487516,55.78929706563052
2.1739017179917113,94.53496851647114,55.77359372628935
2.1744017235443707,94.54847891740576,55.75795179623174
2.174901729097023,94.5618870998052,55.74237476895536
2.1754017346496823,94.57518592380788,55.72686578410284
2.1759017402023346,94.5883683711642,55.71142761806195
2.176401745754994,94.60142754849346,55.69606267607115
2.1769017513076463,94.61435669019347,55.68077298584804
2.1774017568603057,94.62714916100124,55.66556019275117
2.177901762412958,94.63979845820413,55.65042555647477
2.1784017679656174,94.65229821350584,55.63536994925707
2.1789017735182696,94.66464219455548,55.6203938555647
2.179401779070929,94.67682430615112,55.60549737319772
2.1799017846235813,94.68883859113316,55.59068021574913
2.1804017901762407,94.70067923098104,55.575941716350215
2.180901795728893,94.71234054612884,55.56128083263612
2.1814018012815524,94.72381699601036,55.546696152876336
2.1819018068342046,94.73510317884336,55.532185903229575
2.182401812386864,94.7461938311566,55.5177479561012
2.1829018179395163,94.75708382706064,55.503379839599575
2.1834018234921757,94.76776817726024,55.48907874810088
2.183901829044828,94.77824202780396,55.47484155393983
2.1844018345974874,94.78850065856608,55.46066482024682
2.1849018401501397,94.79853948145649,55.44654481495287
2.185401845702799,94.80835403835268,55.43247752598461
2.1859018512554513,94.81793999875038,55.41845867766634
2.1864018568081107,94.82729315713188,55.40448374833221
2.186901862360763,94.83640943005604,55.3905479891271
2.1874018679134224,94.84528485297938,55.37664644395437
2.1879018734660747,94.8539155768198,55.36277397051572
2.188401879018734,94.86229786427516,55.34892526238392
2.1889018845713863,94.8704280859109,55.3350948720458
2.1894018901240457,94.87830271603032,55.32127723484936
2.189901895676698,94.885918328343,55.30746669378338
2.1904019012293574,94.89327159144815,55.293657525011696
2.1909019067820097,94.90035926415098,55.279843964078864
2.191401912334669,94.9071781906313,55.26602023269575
2.1919019178873214,94.913725295488,55.25218056599941
2.1924019234399807,94.9199975786861,55.23831924015943
2.192901928992633,94.92599211043976,55.22443060017952
2.1934019345452924,94.93170602606784,55.21050908772503
2.1939019400979447,94.937136520859,55.19654926880349
2.194401945650604,94.94228084498334,55.18254586113105
2.1949019512032564,94.9471362984834,55.168493761029154
2.1954019567559158,94.95170022637755,55.15438806970175
2.195901962308568,94.95597001390878,55.14022411873934
2.1964019678612274,94.95994308197405,55.12599749468539
2.1969019734138797,94.96361688277332,55.11170406248698
2.197401978966539,94.96698889571856,55.09733998764232
2.1979019845191914,94.97005662364214,55.08290175686146
2.1984019900718508,94.97281758934028,55.06838619707717
2.198901995624503,94.97526933247929,55.053790492674224
2.1994020011771616,94.97740940688782,55.03911220083094
2.1999020067298147,94.9792353782548,55.02434926487878
2.200402012282474,94.98074482225256,55.00950002559021
2.2009020178351264,94.9819353231028,54.994563230309765
2.201402023387786,94.98280447260238,54.979538039850425
2.201902028940438,94.98334986962166,54.96442403309257
2.2024020344930975,94.9835691200838,54.94922120924508
2.2029020400457497,94.98345983742732,54.93392998775626
2.203402045598409,94.98301964354869,54.91855120588585
2.2039020511510614,94.98224617021728,54.90308611397066
2.204402056703721,94.98113706095216,54.887536368433146
2.204902062256373,94.97968997334516,54.87190402259664
2.2054020678090325,94.97790258181524,54.85619151537768
2.2059020733616848,94.97577258077848,54.84040165792327
2.206402078914344,94.97329768821972,54.824537618255306
2.2069020844669964,94.97047564965284,54.808602903979846
2.207402090019656,94.96730424245575,54.79260134312207
2.207902095572308,94.9637812805626,54.77653706316569
2.2084021011249684,94.95990461948804,54.76041446841225
2.2089021066776198,94.95567216164666,54.74423821582352
2.209402112230279,94.95108186192503,54.72801318954608
2.2099021177829314,94.94613173345871,54.71174447433333
2.210402123335591,94.94081985356767,54.69543732807806
2.210902128888243,94.9351443698052,54.67909715366156
2.2114021344409034,94.92910350607748,54.66272947031649
2.211902139993555,94.92269556879276,54.64633988469134
2.212402145546214,94.91591895300238,54.62993406179103
2.2129021510988665,94.90877214849846,54.6135176959541
2.213402156651526,94.90125374583592,54.59709648201783
2.213902162204178,94.89336244224684,54.58067608681945
2.2144021677568375,94.88509704741465,54.56426212118082
2.21490217330949,94.8764564890777,54.54786011252179
2.215402178862149,94.86743981843206,54.53147547824085
2.2159021844148015,94.8580462153052,54.51511349999481
2.216402189967461,94.84827499307448,54.49877929900063
2.216902195520113,94.83812560330516,54.48247781247754
2.2174022010727725,94.82759764008284,54.46621377134663
2.217902206625425,94.816690844016,54.44999167930439
2.218402212178084,94.80540510588509,54.43381579337948
2.2189022177307365,94.79374046991803,54.417690106068704
2.219402223283396,94.78169713667565,54.4016183291325
2.219902228836048,94.7692754655332,54.385603879113006
2.2204022343887084,94.75647597675176,54.36964986461285
2.22090223994136,94.7432993531365,54.35375907534375
2.221402245494019,94.72974644128672,54.33793397293155
2.2219022510466724,94.7158182524417,54.322176683458366
2.222402256599331,94.70151596292636,54.30648899172745
2.222902262151983,94.68684091419814,54.29087233724738
2.2234022677046426,94.67179461249546,54.275327811938126
2.223902273257295,94.65637872808745,54.25985615955904
2.2244022788099542,94.6405950941291,54.24445777684795
2.2249022843626074,94.62444570512751,54.22913271634484
2.225402289915266,94.6079327150294,54.21388069085634
2.225902295467918,94.59105843494363,54.19870107950061
2.2264023010205776,94.57382533051616,54.18359293525428
2.22690230657323,94.55623601897744,54.1685549939119
2.2274023121258892,94.53829326588271,54.15358568436538
2.2279023176785415,94.51999998156408,54.138683140118815
2.228402323231201,94.50135921731216,54.12384521195796
2.228902328783853,94.4823741613062,54.10906948169136
2.2294023343365126,94.4630481343124,54.09435327687101
2.229902339889165,94.44338458517238,54.07969368639435
2.2304023454418243,94.42338708610426,54.06508757688678
2.2309023509944765,94.40305932783838,54.050531609763794
2.231402356547136,94.38240511460944,54.03602225887356
2.231902362099788,94.36142835902749,54.02155582861765
2.2324023676524476,94.34013307685224,54.00712847244063
2.2329023732051,94.31852338169624,53.99273621156924
2.2334023787577593,94.29660347968466,53.9783749538768
2.2339023843104124,94.27437766409534,53.96404051276291
2.234402389863071,94.25185030999675,53.94972862596976
2.234902395415723,94.22902586889276,53.93543497429575
2.2354024009683826,94.20590886337686,53.92115520019466
2.235902406521035,94.18250388179764,53.906884926255856
2.2364024120736943,94.15881557293751,53.89261977355629
2.2369024176263466,94.13484864070888,53.87835537986733
2.237402423179006,94.11060783887372,53.86408741769115
2.2379024287316582,94.08609796579486,53.84981161209123
2.2384024342843176,94.06132385922876,53.83552375826977
2.23890243983697,94.03629039117446,53.82121973883184
2.2394024453896293,94.01100246279366,53.80689554066332
2.2399024509422816,93.98546499942118,53.79254727133937
2.240402456494941,93.9596829456854,53.77817117497267
2.2409024620475932,93.93366126075834,53.76376364741191
2.2414024676002526,93.90740491375377,53.7493212507091
2.241902473152905,93.8809188792885,53.73484072678491
2.2424024787055643,93.8542081332225,53.72031901022291
2.2429024842582166,93.82727764859412,53.70575324011799
2.243402489810876,93.80013239176864,53.69114077089846
2.2439024953635283,93.77277731881529,53.67647918204823
2.2444025009161876,93.7452173721259,53.66176628667618
2.24490250646884,93.71745747727904,53.64700013891185
2.2454025120214993,93.68950254014813,53.63217904013685
2.2459025175741516,93.6613574442492,53.6173015440754
2.246402523126811,93.63302704832503,53.60236646075967
2.2469025286794633,93.60451618416715,53.58737285936482
2.2474025342321227,93.57582965468,53.5723200698945
2.247902539784775,93.54697223219304,53.55720768369281
2.2484025453374343,93.51794865702573,53.54203555276115
2.2489025508900866,93.48876363630892,53.52680378786411
2.249402556442746,93.45942184306486,53.51151275541663
2.2499025619953983,93.429927915546,53.49616307315219
2.2504025675480577,93.4002864568325,53.48075560457299
2.25090257310071,93.3705020346895,53.4652914521823
2.2514025786533693,93.34057918168244,53.44977194950181
2.2519025842060216,93.31052239554757,53.43419865189527
2.252402589758681,93.28033613980472,53.4185733262547
2.2529025953113333,93.2500248445914,53.40289793965147
2.2534026008639927,93.21959290768817,53.38717464709154
2.253902606416645,93.18904469570066,53.37140577853697
2.2544026119693044,93.1583845453625,53.35559382536526
2.2549026175219566,93.12761676492144,53.33974142643929
2.255402623074616,93.0967456355735,53.32385135395646
2.2559026286272683,93.0657754129109,53.30792649923838
2.2564026341799277,93.03471032835046,53.291969858616696
2.25690263973258,93.003554590511,53.275984519566464
2.2574026452852394,92.97231238650812,53.259973647236265
2.2579026508378917,92.94098788313713,53.24394047151145
2.258402656390551,92.90958522792342,53.22788827471452
2.2589026619432033,92.87810855002658,53.21182038000428
2.2594026674958627,92.84656196099404,53.19574014050089
2.259902673048515,92.81494955536252,53.17965092914389
2.2604026786011744,92.78327541110924,53.163556129280096
2.2609026841538267,92.75154358995708,53.14745912596324
2.261402689706486,92.71975813754123,53.131363297932594
2.2619026952591383,92.68792308344965,53.115272010219286
2.2624027008117977,92.65604244115212,53.09918860730744
2.26290270636445,92.6241202078411,53.08311640675336
2.2634027119171094,92.5921603642084,53.06705869314652
2.2639027174697617,92.56016687418636,53.051018712283394
2.264402723022421,92.52814368468285,53.03499966542064
2.2649027285750734,92.49609472533824,53.01900470347616
2.2654027341277327,92.46402390833155,53.00303692105638
2.265902739680385,92.431935128258,52.987099350204005
2.2664027452330444,92.39983226209664,52.97119495378348
2.2669027507856967,92.3677191692802,52.95532661845009
2.267402756338356,92.33559969187168,52.93949714717961
2.2679027618910084,92.30347765484882,52.92370925136072
2.2684027674436678,92.27135686649154,52.90796554246732
2.26890277299632,92.2392411188682,52.8922685233396
2.2694027785489794,92.20713418840973,52.87662057912064
2.2699027841016317,92.17503983655824,52.86102396791628
2.270402789654291,92.14296181047176,52.84548081126546
2.2709027952069434,92.11090384376384,52.82999308452062
2.2714028007596028,92.07886965725652,52.814562607242536
2.271902806312255,92.04686295972525,52.799191033711
2.2724028118649144,92.01488744861732,52.78387984363866
2.2729028174175667,91.9829468107303,52.76863033315577
2.273402822970226,91.95104472283818,52.75344360612191
2.2739028285228784,91.91918485225308,52.738320565827
2.274402834075538,91.88737085730423,52.723261907167725
2.27490283962819,91.8556063877104,52.7082681094129
2.2754028451808495,91.82389508481752,52.69333942969179
2.2759028507335017,91.79224058167344,52.67847589734107
2.276402856286161,91.76064650291404,52.66367730923071
2.2769028618388134,91.72911646444032,52.64894322616807
2.277402867391473,91.6976540728685,52.634272970467904
2.277902872944125,91.66626292473458,52.61966562477458
2.2784028784967845,91.6349466054346,52.60512003222921
2.2789028840494368,91.60370868788044,52.59063479807607
2.279402889602096,91.5725527308533,52.57620829279796
2.2799028951547484,91.5414822770394,52.56183865685082
2.280402900707408,91.51050085074183,52.54752380703262
2.28090290626006,91.47961195526996,52.53326144447897
2.2814029118127204,91.44881907001644,52.519049064243546
2.2819029173653718,91.41812564723466,52.50488396640118
2.282402922918031,91.38753510853374,52.49076326860079
2.2829029284706834,91.35705084110788,52.476683919986485
2.283402934023343,91.32667619372124,52.46264271639218
2.283902939575995,91.29641447247305,52.44863631669294
2.2844029451286554,91.26626893637608,52.4346612601629
2.2849029506813068,91.23624279278734,52.420713984654455
2.285402956233966,91.2063391927366,52.406790845390034
2.2859029617866176,91.17656122619827,52.392888134150965
2.286402967339278,91.1469119173537,52.37900209864462
2.28690297289193,91.11739421989134,52.36512896182835
2.2874029784445895,91.08801101239052,52.35126494097348
2.287902983997242,91.0587650938314,52.337406266273945
2.288402989549901,91.02965917926336,52.32354919884409
2.2889029951025535,91.00069589565555,52.3096900479968
2.289403000655213,90.97187777794444,52.295825187731936
2.289903006207865,90.94320726528746,52.281951072390726
2.2904030117605245,90.91468669752986,52.26806425144537
2.290903017313177,90.8863183118884,52.25416138340495
2.291403022865836,90.85810423985312,52.24023924883092
2.2919030284184885,90.83004650430613,52.226294762469465
2.292403033971148,90.80214701685044,52.21232498452983
2.2929030395238,90.7744075753373,52.19832713116611
2.2934030450764604,90.74682986157477,52.184298584241375
2.293903050629112,90.7194154392006,52.17023690045282
2.294403056181771,90.6921657517093,52.15613981986904
2.2949030617344244,90.6650821206304,52.14200527388897
2.295403067287083,90.63816574386324,52.12783139259994
2.295903072839735,90.61141769417657,52.11361651149612
2.2964030783923945,90.58483891788136,52.099359177514174
2.296903083945047,90.55843023368674,52.08505815434276
2.297403089497706,90.5321923317472,52.07071242696503
2.2979030950503594,90.50612577290904,52.05632120539684
2.298403100603018,90.48023098816314,52.04188392758452
2.29890310615567,90.45450827831296,52.02740026142463
2.2994031117083296,90.42895781386456,52.01287010586634
2.299903117260982,90.40357963514688,51.99829359106158
2.3004031228136412,90.378373652667,51.983671077537
2.3009031283662935,90.35333964770356,51.969003154373695
2.301403133918953,90.32847727313836,51.9542906363908
2.301903139471605,90.30378605452664,51.93953456033154
2.3024031450242646,90.27926539140658,51.92473618004784
2.302903150576917,90.25491455884944,51.90989696067287
2.3034031561295762,90.2307327092533,51.89501857176866
2.3039031616822285,90.20671887438232,51.88010287943776
2.304403167234888,90.18287196765166,51.86515193739388
2.30490317278754,90.159190786657,51.85016797699892
2.3054031783401996,90.13567401594212,51.83515339629285
2.305903183892852,90.11232022999424,51.820110748064295
2.3064031894455113,90.0891278964529,51.805042727026105
2.3069031949981644,90.06609537951692,51.78995215616814
2.307403200550823,90.04322094353282,51.77484197236255
2.307903206103475,90.02050275674793,51.7597152113003
2.3084032116561346,89.99793889520994,51.74457499184388
2.308903217208787,89.97552734679186,51.72942449989026
2.3094032227614463,89.95326601532034,51.71426697185147
2.3099032283140986,89.93115272478023,51.69910567787538
2.310403233866758,89.90918522356732,51.68394390494073
2.3109032394194102,89.88736118875954,51.66878493996292
2.3114032449720696,89.8656782303799,51.65363205303731
2.311903250524722,89.84413389562728,51.6384884809311
2.3124032560773813,89.82272567305532,51.623357410915816
2.3129032616300336,89.80145099668295,51.60824196501753
2.313403267182693,89.78030725002205,51.59314518475202
2.3139032727353452,89.75929177000863,51.578070016409896
2.3144032782880046,89.73840185082383,51.5630192969535
2.314903283840657,89.71763474759219,51.54799574058576
2.3154032893933163,89.69698767994504,51.53300192604715
2.3159032949459686,89.67645783543738,51.51804028469533
2.316403300498628,89.65604237280716,51.50311308941886
2.3169033060512803,89.63573842506678,51.48822244443264
2.3174033116039396,89.6155431024174,51.47337027599912
2.317903317156592,89.59545349497817,51.45855832411236
2.3184033227092513,89.57546667532363,51.4437881351742
2.3189033282619036,89.55557970082462,51.42906105568693
2.319403333814563,89.53578961578688,51.41437822698786
2.3199033393672153,89.51609345338099,51.3997405810546
2.3204033449198747,89.49648823735885,51.385148837403534
2.320903350472527,89.47697098355428,51.37060350109337
2.3214033560251863,89.45753870116698,51.35610486183511
2.3219033615778386,89.43818839383077,51.341652994203415
2.322403367130498,89.41891706046962,51.327247758933325
2.3229033726831503,89.39972169594722,51.31288880527221
2.3234033782358097,89.38059929151984,51.29857557434124
2.323903383788462,89.36154683510333,51.28430730345392
2.3244033893411213,89.34256131136418,51.27008303134184
2.3249033948937736,89.32363970164344,51.255901604247526
2.325403400446433,89.30477898371947,51.241761682853166
2.3259034059990853,89.2859761314152,51.22766175001615
2.3264034115517447,89.2672281140575,51.213600119276336
2.326903417104397,89.24853189579729,51.19957494409076
2.3274034226570564,89.22988443480145,51.18558422774216
2.3279034282097086,89.21128268233018,51.17162583385678
2.328403433762368,89.19272358171682,51.15769749744637
2.3289034393150203,89.17420406727379,51.14379683636254
2.3294034448676797,89.15572106315264,51.12992136302793
2.329903450420332,89.1372714821891,51.11606849629655
2.3304034559729914,89.11885222476405,51.10223557329391
2.3309034615256436,89.10046017771016,51.08841986109286
2.331403467078303,89.08209221329248,51.074618568091566
2.3319034726309553,89.06374518828486,51.06082885498412
2.3324034781836147,89.0454159431575,51.0470478452507
2.332903483736267,89.02710130138121,51.03327263513785
2.3334034892889264,89.00879806884737,51.01950030313111
2.3339034948415787,88.99050303339826,51.0057279189416
2.334403500394238,88.97221296446183,50.991952552034576
2.3349035059468903,88.953924612783,50.97817127973261
2.3354035114995497,88.93563471024353,50.9643811949302
2.335903517052202,88.91733996976079,50.95057941346339
2.3364035226048614,88.89903708525279,50.93676308119086
2.3369035281575137,88.8807227316544,50.9229293808564
2.337403533710173,88.86239356496793,50.90907553881026
2.3379035392628253,88.84404622233205,50.89519883166412
2.3384035448154847,88.82567732209405,50.88129659294745
2.338903550368137,88.80728346387279,50.86736621982398
2.3394035559207964,88.78886122860175,50.85340517991645
2.3399035614734487,88.77040717854486,50.839411018271946
2.340403567026108,88.75191785728254,50.8253813644791
2.3409035725787604,88.73338978966945,50.8113139399271
2.3414035781314197,88.7148194817691,50.79720656517881
2.341903583684072,88.69620342077422,50.78305716741693
2.3424035892367314,88.67753807492242,50.76886378791304
2.3429035947893837,88.65881989341838,50.754624589465166
2.343403600342043,88.64004530637337,50.74033786374987
2.3439036058946954,88.62121072477142,50.7260020385416
2.3444036114473548,88.60231254047011,50.71161568476191
2.344903617000007,88.58334712624061,50.69717752333087
2.3454036225526664,88.56431083585161,50.68268643179857
2.3459036281053187,88.54520000420067,50.66814145073676
2.346403633657978,88.52601094749778,50.65354178986573
2.3469036392106304,88.50673996350807,50.63888683388065
2.3474036447632898,88.48738333186424,50.62417614792592
2.347903650315942,88.46793731446157,50.60940948265181
2.3484036558686014,88.44839815595138,50.594586778777526
2.3489036614212537,88.428762084349,50.57970817107977
2.349403666973913,88.40902531177387,50.56477399172185
2.3499036725265654,88.38918403533926,50.54978477283707
2.350403678079225,88.36923443820747,50.534741248286736
2.350903683631877,88.34917269082447,50.51964435452452
2.3514036891845365,88.32899495234489,50.50449523051252
2.3519036947371887,88.30869737225531,50.48929521664705
2.352403700289848,88.28827609220127,50.47404585266752
2.3529037058425004,88.26772724801918,50.45874887453658
2.35340371139516,88.24704697197281,50.44340621029214
2.353903716947812,88.22623139519153,50.42801997488131
2.3544037225004724,88.20527665030536,50.4125924639967
2.3549037280531238,88.1841788742701,50.397126146944544
2.355403733605783,88.1629342113739,50.3816236585824
2.3559037391584354,88.14153881641374,50.36608779037879
2.356403744711095,88.11998885802629,50.35052148066592
2.356903750263747,88.09828052215343,50.33492780417653
2.3574037558164074,88.07641001562106,50.31930996096527
2.3579037613690588,88.05437356980944,50.303671264814255
2.358403766921718,88.03216744439628,50.28801513121185
2.3589037724743704,88.00978793115564,50.2723450649826
2.35940377802703,87.98723135779814,50.25666464763431
2.359903783579682,87.96449409184137,50.2409775244751
2.3604037891323415,87.94157254450253,50.22528739153424
2.360903794684994,87.91846317461018,50.20959798230189
2.361403800237653,87.89516249253379,50.19391305429114
2.3619038057903055,87.87166706413085,50.17823637542176
2.362403811342965,87.8479735147113,50.162571710224654
2.362903816895617,87.82407853301959,50.14692280586471
2.3634038224482765,87.79997887523453,50.13129337797892
2.363903828000929,87.7756713689852,50.11568709633649
2.364403833553588,87.7511529173762,50.10010757035245
2.3649038391062405,87.72642050300738,50.0845583345223
2.3654038446589,87.70147119196776,50.06904283387596
2.365903850211552,87.67630213777889,50.0535644095652
2.3664038557642124,87.65091058526401,50.03812628469953
2.366903861316864,87.62529387431994,50.02273155053841
2.367403866869523,87.5994494435707,50.00738315313913
2.3679038724221764,87.57337483388433,49.992083880550666
2.368403877974835,87.5470676917345,49.97683635063683
2.368903883527487,87.52052577239164,49.96164299960671
2.3694038890801465,87.49374694292699,49.94650607132725
2.369903894632799,87.46672918501511,49.931427607489255
2.370403900185458,87.43947059752021,49.91640943869609
2.3709039057381114,87.41196939885259,49.90145317654074
2.37140391129077,87.38422392908231,49.88656020673285
2.371903916843422,87.35623265179794,49.871731683333536
2.3724039223960816,87.32799415569937,49.85696852415224
2.372903927948734,87.29950715591404,49.84227140735496
2.3734039335013932,87.27077049502844,49.82764076932537
2.3739039390540455,87.2417831438281,49.81307680380911
2.374403944606705,87.21254420174121,49.798579462365694
2.374903950159357,87.18305289698205,49.7841484561483
2.3754039557120166,87.15330858639116,49.76978325902381
2.375903961264669,87.12331075497357,49.7554831120286
2.3764039668173282,87.09305901514162,49.74124702912869
2.3769039723699805,87.06255310567441,49.72707380422587
2.37740397792264,87.03179289041104,49.71296201932938
2.377903983475292,87.00077835669615,49.69891005380269
2.3784039890279516,86.9695096135978,49.68491609459018
2.378903994580604,86.93798688991778,49.670978147327446
2.3794040001332633,86.90621053201488,49.657094048236345
2.3799040056859164,86.87418100146326,49.6432614766982
2.380404011238575,86.84189887256996,49.62947796838921
2.380904016791227,86.8093648297775,49.61574092885357
2.3814040223438866,86.77657966497853,49.60204764738492
2.381904027896539,86.74354427476953,49.588395311085975
2.3824040334491983,86.71025965766943,49.57478101898021
2.3829040390018505,86.67672691132886,49.5612017960533
2.38340404455451,86.64294722975474,49.54765460710527
2.383904050107162,86.60892190057261,49.53413637030253
2.3844040556598216,86.5746523023463,49.520643970338384
2.384904061212474,86.54013990196746,49.50717427113932
2.3854040667651333,86.50538625212252,49.493724128080345
2.3859040723177856,86.47039298884094,49.48029039968988
2.386404077870445,86.43516182912707,49.46686995883314
2.3869040834230972,86.399694568676,49.453459703370754
2.3874040889757566,86.36399307967326,49.44005656629443
2.387904094528409,86.32805930867714,49.42665752534376
2.3884041000810683,86.29189527458398,49.41325961210215
2.3889041056337206,86.25550306667947,49.399859920558825
2.38940411118638,86.21888484278023,49.38645561511346
2.3899041167390322,86.18204282747243,49.37304393799188
2.3904041222916916,86.14497931045481,49.359622216038986
2.390904127844344,86.10769664499244,49.34618786685506
2.3914041333970033,86.07019724648717,49.33273840424884
2.3919041389496556,86.03248359116728,49.31927144299355
2.392404144502315,85.99455821489602,49.30578470288988
2.3929041500549673,85.95642371209416,49.292276012156606
2.3934041556076266,85.91808273477054,49.27874331017958
2.393904161160279,85.8795379916527,49.26518464965605
2.3944041667129383,85.84079224740954,49.25159819817444
2.3949041722655906,85.80184832195741,49.23798223926988
2.39540417781825,85.7627090898431,49.22433517298892
2.3959041833709023,85.7233774796985,49.2106555159864
2.3964041889235617,85.68385647376513,49.196941901166895
2.396904194476214,85.6441491074867,49.18319307687717
2.3974042000288733,85.60425846916829,49.16940790565784
2.3979042055815256,85.56418769969889,49.15558536257113
2.398404211134185,85.52393999233156,49.14172453313256
2.3989042166868373,85.48351859251348,49.127824610883295
2.3994042222394967,85.4429267977583,49.1138848946422
2.399904227792149,85.40216795755269,49.09990478547574
2.4004042333448083,85.36124547329025,49.08588378342165
2.4009042388974606,85.32016279822534,49.07182148400032
2.40140424445012,85.27892343744149,49.05771757454403
2.4019042500027723,85.23753094782862,49.04357183036869
2.4024042555554317,85.1959889380665,49.029384110805296
2.402904261108084,85.15430106861214,49.01515435510159
2.4034042666607434,85.11247105168975,49.00088257820103
2.4039042722133956,85.07050265128242,48.986568866405975
2.404404277766055,85.0283996831236,48.97221337293479
2.4049042833187073,84.98616601468584,48.95781631338562
2.4054042888713667,84.94380556516414,48.94337796112276
2.405904294424019,84.90132230544977,48.9288986426053
2.4064042999766784,84.85872025808942,48.91437873268438
2.4069043055293307,84.81600349722329,48.89981864990365
2.40740431108199,84.77317614849267,48.885218851846176
2.4079043166346423,84.73024238890766,48.8705798305775
2.4084043221873017,84.68720644666334,48.8559021082427
2.408904327739954,84.6440726008907,48.84118623288445
2.4094043332926134,84.60084518132686,48.8264327745588
2.4099043388452657,84.55752856788797,48.81164232183227
2.410404344397925,84.5141271901276,48.79681547874314
2.4109043499505773,84.4706455265657,48.78195286230279
2.4114043555032367,84.42708810387596,48.7670551005986
2.411904361055889,84.38345949592255,48.75212283154188
2.4124043666085484,84.33976432264367,48.73715670227936
2.4129043721612007,84.29600724878303,48.72215736926083
2.41340437771386,84.25219298247775,48.70712549892832
2.4139043832665124,84.20832627371507,48.69206176896788
2.4144043888191717,84.16441191267359,48.67696687004885
2.414904394371824,84.12045472796719,48.66184150796683
2.4154043999244834,84.07645958480985,48.64668640610449
2.4159044054771357,84.03243138311862,48.63150230812835
2.416404411029795,83.98837505556926,48.61628998085321
2.4169044165824474,83.9442955656152,48.60105021722583
2.4174044221351068,83.90019790547748,48.58578383939164
2.417904427687759,83.85608709411355,48.57049170180967
2.4184044332404184,83.81196817517532,48.555174694366414
2.4189044387930707,83.76784621497022,48.53983374542524
2.41940444434573,83.72372630044012,48.52446982474065
2.4199044498983824,83.67961353717254,48.50908394616893
2.4204044554510418,83.6355130474573,48.49367717011532
2.420904461003694,83.5914299684007,48.47825060565859
2.4214044665563534,83.54736945011138,48.46280541228846
2.4219044721090057,83.50333665397326,48.44734280118148
2.422404477661665,83.45933675102224,48.43186403593754
2.4229044832143174,83.41537492044172,48.4163704327034
2.423404488766977,83.37145634819137,48.400863359618256
2.423904494319629,83.32758622577913,48.38534423553087
2.4244044998722885,83.28376974918328,48.36981452795949
2.4249045054249407,83.24001211792596,48.35427575028768
2.4254045109776,83.19631853429692,48.3387294582046
2.4259045165302524,83.1526942027244,48.3231772454053
2.426404522082912,83.10914432928867,48.3076207385752
2.426904527635564,83.06567412137079,48.292061591695614
2.4274045331882244,83.02228878742599,48.276501479724686
2.4279045387408758,82.97899353686688,48.26094209172514
2.428404544293535,82.93579358003873,48.245385123529005
2.4289045498461874,82.89269412826604,48.2298322700408
2.429404555398847,82.84970039394908,48.21428521728576
2.429904560951499,82.80681759068946,48.19874563430632
2.4304045665041594,82.76405093342471,48.18321516500626
2.4309045720568108,82.72140563855314,48.167695420035656
2.43140457760947,82.67888692403164,48.15218796880352
2.4319045831621224,82.63650000943124,48.13669433169504
2.432404588714782,82.59425011593738,48.12121597255832
2.432904594267434,82.5521424662848,48.10575429151211
2.4334045998200935,82.51018228461938,48.09031061811582
2.4339046053727458,82.4683747962804,48.074886204935126
2.434404610925405,82.42672522749858,48.05948222152924
2.4349046164780574,82.38523880500642,48.04409974887851
2.435404622030717,82.34392075555962,48.0287397742616
2.435904627583369,82.30277630537012,48.01340318658198
2.4364046331360285,82.26181067945356,47.99809077213318
2.436904638688681,82.22102910089582,47.98280321078308
2.43740464424134,82.18043679004413,47.96754107255151
2.4379046497939925,82.14003896362865,47.95230481455712
2.438404655346652,82.09984083381856,47.9370947783154
2.438904660899304,82.05984760721543,47.92191118737642
2.4394046664519644,82.02006448378589,47.90675414529568
2.439904672004616,81.98049665573453,47.89162363393595
2.440404677557275,81.94114930631665,47.87651951210394
2.4409046831099284,81.90202760858901,47.86144151453341
2.441404688662587,81.86313672409543,47.84638925123356
2.441904694215239,81.82448180148226,47.83136220722653
2.4424046997678985,81.78606797503905,47.8163597427024
2.442904705320551,81.74790036315807,47.80138109362292
2.44340471087321,81.70998406670613,47.786425372809774
2.4439047164258634,81.67232416730054,47.77149157155751
2.444404721978522,81.63492572548172,47.75657856181263
2.444904727531174,81.59779377877408,47.74168509895911
2.4454047330838335,81.56093333962909,47.72680982524598
2.445904738636486,81.52434939324422,47.711951273886655
2.446404744189145,81.48804689525471,47.697107873850015
2.4469047497417975,81.4520307692967,47.6822779553507
2.447404755294457,81.41630590444414,47.66745975603153
2.447904760847109,81.38087715252279,47.6526514278214
2.4484047663997686,81.34574932530651,47.63785104444783
2.448904771952421,81.31092719160056,47.62305660958273
2.4494047775050802,81.276415474218,47.60826606559324
2.4499047830577325,81.24221884685733,47.59347730286082
2.450404788610392,81.20834193089152,47.57868816962026
2.450904794163044,81.17478929208114,47.56389648226043
2.4514047997157036,81.14156543722507,47.54910003602093
2.451904805268356,81.108674810765,47.53429661600812
2.4524048108210152,81.07612179136169,47.51948400844449
2.4529048163736684,81.04391068846303,47.504660012055496
2.453404821926327,81.01204573888445,47.48982244949501
2.453904827478979,80.98053110342059,47.47496917871754
2.4544048330316386,80.94937086350494,47.46009810421779
2.454904838584291,80.9185690179312,47.44520718807205
2.4554048441369503,80.88812947964777,47.43029446072636
2.4559048496896025,80.85805607263583,47.415358031480594
2.456404855242262,80.82835252888158,47.40039609861992
2.456904860794914,80.79902248545218,47.38540695914605
2.4574048663475736,80.7700694816847,47.37038901806402
2.457904871900226,80.74149695649713,47.35534079718289
2.4584048774528853,80.71330824582955,47.34026094338893
2.4589048830055376,80.68550658022612,47.325148236342855
2.459404888558197,80.65809508256939,47.310001595541664
2.4599048941108492,80.6310767659823,47.29482008667462
2.4604048996635086,80.60445453191288,47.279602927196
2.460904905216161,80.57823116841914,47.26434949103376
2.4614049107688203,80.55240934866998,47.24905931235328
2.4619049163214726,80.52699162967842,47.23373208829891
2.462404921874132,80.50198045127992,47.21836768064908
2.4629049274267842,80.47737813536487,47.20296611634176
2.4634049329794436,80.45318688536909,47.18752758685038
2.463904938532096,80.42940878602217,47.17205244641083
2.4644049440847553,80.40604580334968,47.15654120911934
2.4649049496374076,80.38309978492114,47.14099454494017
2.465404955190067,80.36057246033255,47.12541327467677
2.4659049607427193,80.33846544191108,47.1097983639696
2.4664049662953786,80.31678022562791,47.09415091638536
2.466904971848031,80.29551819220632,47.07847216566351
2.4674049774006903,80.27468060841089,47.06276346718707
2.4679049829533426,80.25426862850316,47.04702628875158
2.468404988506002,80.23428329584624,47.03126220071528
2.4689049940586543,80.2147255446397,47.01547286562442
2.4694049996113137,80.19559620176261,46.99966002741901
2.469905005163966,80.17689598870258,46.98382550033165
2.4704050107166253,80.1586255235462,46.967971157596295
2.4709050162692776,80.14078532300798,46.952098920082506
2.471405021821937,80.12337580447455,46.93621074496697
2.4719050273745893,80.10639728804226,46.92030861455199
2.4724050329272487,80.08984999852609,46.90439452533751
2.472905038479901,80.07373406741976,46.88847047744818
2.4734050440325603,80.0580495347879,46.8725384645082
2.4739050495852126,80.04279635107336,46.85660046404735
2.474405055137872,80.02797437880538,46.8406584285115
2.4749050606905243,80.01358339419491,46.82471427694168
2.4754050662431837,79.99962308860631,46.80876988737885
2.475905071795836,79.98609306989457,46.79282709004629
2.4764050773484954,79.97299286359876,46.77688766135613
2.4769050829011476,79.96032191398417,46.76095331877906
2.477405088453807,79.9480795849268,46.745025716607245
2.4779050940064593,79.93626516063752,46.72910644262565
2.4784050995591187,79.924877846226,46.71319701569132
2.478905105111771,79.91391676810846,46.69729888420177
2.4794051106644304,79.90338097426663,46.68141342541563
2.4799051162170827,79.89326943436885,46.665541945572826
2.480405121769742,79.88358103976655,46.64968568075028
2.4809051273223943,79.87431460338014,46.63384579838296
2.4814051328750537,79.86546885948948,46.61802339937677
2.481905138427706,79.85704246344444,46.60221952073587
2.4824051439803654,79.84903399131278,46.5864351386214
2.4829051495330177,79.84144193948269,46.57067117175284
2.483405155085677,79.8342647242389,46.55492848506253
2.4839051606383293,79.82750068132809,46.53920789352135
2.4844051661909887,79.82114806552765,46.5235101660692
2.484905171743641,79.81520505022692,46.507836029602174
2.4854051772963004,79.80966972702844,46.49218617298058
2.4859051828489527,79.80454010537514,46.4765612510253
2.486405188401612,79.79981411221036,46.46096188847068
2.4869051939542643,79.7954895916771,46.4453886838381
2.4874051995069237,79.79156430486542,46.42984221318808
2.487905205059576,79.7880359296183,46.41432303369727
2.4884052106122354,79.78490206040836,46.39883168699869
2.4889052161648877,79.78216020829774,46.38336870222199
2.489405221717547,79.77980780099217,46.36793459868038
2.4899052272701994,79.77784218299664,46.352529888163616
2.4904052328228587,79.77626061587826,46.33715507680984
2.490905238375511,79.77506027863916,46.32181066653898
2.4914052439281704,79.77423826820117,46.30649715603869
2.4919052494808227,79.77379160000208,46.291215041301314
2.492405255033482,79.77371720870202,46.27596481571814
2.4929052605861344,79.77401194899733,46.26074696974118
2.4934052661387938,79.77467259653912,46.24556199012534
2.493905271691446,79.77569584895365,46.23041035876331
2.4944052772441054,79.77707832696066,46.21529255112854
2.4949052827967577,79.77881657558669,46.20020903434323
2.495405288349417,79.780907065468,46.1851602648906
2.4959052939020694,79.7833461942387,46.1701466859964
2.4964052994547288,79.78613028799661,46.15516872471126
2.496905305007381,79.78925560283895,46.14022678873296
2.4974053105600396,79.79271832645793,46.12532126301461
2.4979053161126927,79.79651457978605,46.11045250620826
2.498405321665352,79.80064041868046,46.09562084699404
2.4989053272180044,79.80509183563582,46.080826580345615
2.499405332770664,79.80986476151492,46.06606996378317
2.499905338323316,79.81495506728582,46.051351213667445
2.5004053438759763,79.82035856575403,46.036670501590734
2.5009053494286277,79.82607101327828,46.02202795091832
2.501405354981287,79.83208811145943,46.007423633532
2.5019053605339394,79.83840550879219,45.99285756682484
2.502405366086599,79.84501880226952,45.97832971099348
2.502905371639251,79.85192353893176,45.96383996666984
2.5034053771919114,79.859115217353,45.949388172923776
2.5039053827445628,79.86658928906108,45.93497410565493
2.504405388297222,79.8743411598899,45.920597476379086
2.5049053938498744,79.88236619126386,45.90625793140626
2.505405399402534,79.89065970141586,45.89195505140515
2.505905404955186,79.899216966538,45.87768835135205
2.5064054105078455,79.9080332218649,45.86345728086837
2.5069054160604978,79.91710366268646,45.84926122495556
2.507405421613157,79.92642344528876,45.8350995051362
2.5079054271658094,79.93598768782226,45.8209713810018
2.508405432718469,79.94579147109972,45.80687605215349
2.508905438271121,79.95582983932933,45.79281266050806
2.5094054438237805,79.96609780079041,45.77878029292971
2.509905449376433,79.97659032846165,45.76477798413785
2.510405454929092,79.98730236061198,45.75080471983661
2.5109054604817445,79.99822880136512,45.73685944001205
2.511405466034404,80.00936452124668,45.722941042349234
2.511905471587056,80.02070435772204,45.70904838572801
2.5124054771397164,80.03224311573145,45.69518029376168
2.512905482692368,80.04397556822857,45.681335558347214
2.513405488245027,80.05589645672751,45.667512943199895
2.5139054937976804,80.06800049186248,45.65371118734838
2.514405499350339,80.08028235396417,45.63992900856941
2.514905504902991,80.09273669365626,45.62616510674168
2.5154055104556505,80.1053581324765,45.61241816709578
2.515905516008303,80.11814126352688,45.598686863335246
2.516405521560962,80.13108065215832,45.58496986059956
2.5169055271136154,80.14417083669606,45.57126581823691
2.517405532666274,80.15740632921182,45.55757339235322
2.517905538218926,80.17078161634893,45.54389123810616
2.5184055437715855,80.18429116020465,45.530218011719256
2.518905549324238,80.19792939927278,45.51655237219997
2.519405554876897,80.21169074944773,45.502892982752826
2.5199055604295495,80.22556960508992,45.48923851188563
2.520405565982209,80.23956034015191,45.47558763421138
2.520905571534861,80.25365730936358,45.46193903095103
2.5214055770875206,80.2678548494745,45.44829139014321
2.521905582640173,80.28214728055298,45.43464340656446
2.5224055881928322,80.29652890733917,45.42099378136622
2.5229055937454845,80.31099402064967,45.40734122144471
2.523405599298144,80.32553689882586,45.39368443857596
2.523905604850796,80.34015180921577,45.38002214836679
2.5244056104034556,80.35483300967533,45.36635306908967
2.524905615956108,80.36957475007246,45.352675920482895
2.5254056215087672,80.38437127377517,45.33898942260659
2.5259056270614204,80.39921681910559,45.32529229484453
2.526405632614079,80.41410562074233,45.311583255135744
2.526905638166731,80.42903191105735,45.29786101950572
2.5274056437193906,80.44398992137648,45.28412430194814
2.527905649272043,80.45897388315699,45.270371814689256
2.5284056548247023,80.47397802907854,45.25660226885197
2.5289056603773545,80.48899659404601,45.242814375526
2.529405665930014,80.50402381610411,45.229006847243184
2.529905671482666,80.51905393726537,45.21517839984833
2.5304056770353256,80.53408120425452,45.20132775475064
2.530905682587978,80.549099869173,45.187453641534645
2.5314056881406373,80.56410419008799,45.17355480090808
2.5319056936932895,80.57908843155138,45.15962998795975
2.532405699245949,80.59404686505408,45.145677975697424
2.532905704798601,80.60897376942313,45.13169755882821
2.5334057103512606,80.62386343117053,45.11768755773569
2.533905715903913,80.63871014480438,45.10364682260099
2.5344057214565723,80.65350821311357,45.08957423760776
2.5349057270092246,80.66825194743865,45.07546872517007
2.535405732561884,80.68293566794001,45.061329250124174
2.5359057381145362,80.69755370387367,45.047154823833736
2.5364057436671956,80.71210039388224,45.03294450816624
2.536905749219848,80.72657008630785,45.01869741930925
2.5374057547725073,80.7409571395313,45.00441273140069
2.5379057603251596,80.75525592234187,44.990089679952135
2.538405765877819,80.7694608143407,44.97572756504775
2.5389057714304712,80.7835662063799,44.96132575430779
2.5394057769831306,80.79756650103685,44.94688368561687
2.539905782535783,80.81145611312141,44.93240086962993
2.5404057880884423,80.82522947021006,44.91787689208096
2.5409057936410946,80.83888101320156,44.90331141592311
2.541405799193754,80.85240519688817,44.88870418332732
2.5419058047464063,80.86579649053898,44.874055017557495
2.5424058102990656,80.87904937849305,44.85936382473015
2.542905815851718,80.8921583607642,44.844630595451065
2.5434058214043773,80.90511795366066,44.82985540630935
2.5439058269570296,80.91792269042571,44.81503842119972
2.544405832509689,80.93056712190563,44.80017989243932
2.5449058380623413,80.943045817252,44.78528016164282
2.5454058436150007,80.95535336466558,44.77033966031934
2.545905849167653,80.96748437218837,44.7553589101568
2.5464058547203123,80.9794334685498,44.740338522963086
2.5469058602729646,80.99119530407114,44.72527920024176
2.547405865825624,81.00276455163099,44.71018173238959
2.5479058713782763,81.0141359076909,44.695046997516215
2.5484058769309357,81.02530409337916,44.6798759598982
2.548905882483588,81.0362638556283,44.66466966808602
2.5494058880362473,81.04700996836256,44.6494292526846
2.5499058935888996,81.05753723373093,44.63415592382604
2.550405899141559,81.06784048338235,44.61885096835303
2.5509059046942113,81.07791457977848,44.60351574673366
2.5514059102468707,81.08775441753916,44.58815168973205
2.551905915799523,81.0973549248153,44.57276029486121
2.5524059213521824,81.10671106468355,44.55734312264431
2.5529059269048346,81.11581783655897,44.54190179270435
2.553405932457494,81.12467027762257,44.526437979696624
2.5539059380101463,81.13326346426206,44.51095340909296
2.5544059435628057,81.1415925135246,44.49544985282185
2.554905949115458,81.14965258458236,44.47992912476134
2.5554059546681174,81.15743888021274,44.464393076074174
2.5559059602207697,81.16494664829668,44.4488435903692
2.556405965773429,81.17217118333768,44.433282578674365
2.5569059713260813,81.17910782800287,44.41771197421447
2.5574059768787407,81.18575197468599,44.40213372699512
2.557905982431393,81.1920990670903,44.38654979820102
2.5584059879840524,81.19814460182951,44.37096215442055
2.5589059935367047,81.20388413004258,44.35537276171438
2.559405999089364,81.20931325901792,44.33978357955435
2.5599060046420163,81.2144276538195,44.32419655466582
2.5604060101946757,81.21922303890857,44.30861361480984
2.560906015747328,81.22369519975307,44.29303666254064
2.5614060212999874,81.22783998441885,44.27746756897274
2.5619060268526397,81.23165330513525,44.26190816759208
2.562406032405299,81.23513113982837,44.246360248146544
2.5629060379579514,81.2382695336151,44.23082555065172
2.5634060435106107,81.24106460025014,44.21530575954967
2.563906049063263,81.24351252351948,44.19980249805673
2.5644060546159224,81.2456095585726,44.184317322736746
2.5649060601685747,81.24735203318758,44.16885171833299
2.565406065721234,81.2487363489629,44.15340709288914
2.5659060712738864,81.24975898243054,44.137984773186815
2.5664060768265458,81.25041648608577,44.122586000525146
2.566906082379198,81.2507054893287,44.10721192686739
2.5674060879318574,81.25062269931298,44.09186361137843
2.5679060934845097,81.2501649016981,44.07654201737337
2.568406099037169,81.2493289613022,44.06124800969225
2.5689061045898214,81.2481118226537,44.04598235251187
2.5694061101424808,81.24651051043988,44.03074570760445
2.569906115695133,81.24452212985008,44.01553863305567
2.5704061212477924,81.24214386681119,44.0003615824571
2.5709061268004447,81.23937298811197,43.98521490458863
2.571406132353104,81.23620684141486,43.970098843601264
2.5719061379057564,81.23264285515509,43.95501353970175
2.572406143458416,81.2286785383291,43.93995903032992
2.572906149011068,81.2243114801762,43.92493525180949
2.5734061545637283,81.21953934976004,43.90994204144248
2.5739061601163797,81.21435989545759,43.89497914000725
2.574406165669039,81.20877094436585,43.88004619461239
2.5749061712216914,81.20277040163603,43.86514276185599
2.575406176774351,81.19635624974558,43.85026831124107
2.575906182327003,81.18952654771682,43.83542222880236
2.5764061878796634,81.18227943029035,43.820603820906655
2.5769061934323148,81.17461310705946,43.80581231819244
2.577406198984974,81.1665258615727,43.791046879618165
2.5779062045376264,81.15801605041,43.77630659658955
2.578406210090286,81.1490821022382,43.76159049713944
2.578906215642938,81.1397225168505,43.74689755013648
2.5794062211955975,81.12993586419435,43.732226669502
2.5799062267482498,81.11972078339222,43.71757671841453
2.580406232300909,81.10907598175838,43.70294651348347
2.5809062378535614,81.0980002338153,43.688334828877856
2.581406243406221,81.08649238031107,43.673740400403446
2.581906248958873,81.0745513272382,43.65916192952574
2.5824062545115325,81.06217604485377,43.64459808734063
2.582906260064185,81.04936556670101,43.630047518495104
2.583406265616844,81.0361189886312,43.61550884506083
2.5839062711694956,81.02243546782648,43.6009806703609
2.584406276722156,81.00831422182378,43.58646158274932
2.584906282274808,80.99375452753972,43.5719501593435
2.5854062878274684,80.97875572029659,43.55744496971232
2.58590629338012,80.96331719284865,43.54294457952173
2.586406298932779,80.94743839441006,43.528447554134615
2.5869063044854324,80.931118829686,43.51395246215567
2.587406310038091,80.91435805791019,43.49945787890816
2.587906315590743,80.89715569189161,43.48496238982693
2.5884063211434025,80.87951139707386,43.470464593752624
2.588906326696055,80.8614248906101,43.45596310611303
2.589406332248714,80.84289594045602,43.44145656197904
2.5899063378013674,80.82392436448333,43.426943618983245
2.590406343354026,80.80451002961573,43.41242296009412
2.590906348906678,80.78465285098703,43.39789329624488
2.5914063544593375,80.76435279112027,43.38335336882645
2.59190636001199,80.74360985912382,43.368801952063805
2.592406365564649,80.72242410989898,43.35423785530534
2.5929063711173015,80.70079564335191,43.3396599252617
2.593406376669961,80.67872460360284,43.32506704823071
2.593906382222613,80.65621117818702,43.31045815233763
2.5944063877752725,80.6332555972439,43.29583220980828
2.594906393327925,80.6098581326934,43.28118823928317
2.595406398880584,80.58601909739767,43.266525308180434
2.5959064044332365,80.56173884430645,43.25184253511836
2.596406409985896,80.53701776558407,43.23713909240914
2.596906415538548,80.51185629171718,43.22241420862802
2.5974064210912076,80.48625489060501,43.20766717125102
2.59790642664386,80.46021406663561,43.1928973293428
2.5984064321965192,80.43373435975444,43.17810409626584
2.5989064377491724,80.40681634453189,43.16328695237471
2.599406443301831,80.37946062923828,43.14844544765749
2.599906448854483,80.35166785493257,43.13357920428854
2.6004064544071426,80.32343869457188,43.1186879190616
2.600906459959795,80.29477385214688,43.10377136567509
2.6014064655124542,80.26567406184842,43.08882939684543
2.6019064710651065,80.23614008726938,43.07386194622735
2.602406476617766,80.20617272064516,43.05886903012485
2.602906482170418,80.17577278213619,43.043850748975714
2.6034064877230776,80.14494111915673,43.02880728858993
2.60390649327573,80.11367860575444,43.01373892111727
2.6044064988283893,80.0819861420468,42.99864600571681
2.6049065043810415,80.04986465371965,42.98352898889961
2.605406509933701,80.01731509159418,42.96838840451366
2.605906515486353,79.98433843126966,42.95322487333479
2.6064065210390126,79.95093567284945,42.938039102224295
2.606906526591665,79.91710784075796,42.92283188281644
2.6074065321443243,79.88285598365388,42.90760408970739
2.6079065376969766,79.84818117444367,42.89235667812659
2.608406543249636,79.81308451039698,42.87709068108107
2.6089065488022882,79.77756711336497,42.8618072059691
2.6094065543549476,79.74163013010049,42.846507430668
2.6099065599076,79.70527473267705,42.83119259911256
2.6104065654602593,79.66850211900021,42.8158640163947
2.6109065710129116,79.63131351340296,42.80052304342972
2.611406576565571,79.59371016731426,42.78517109124347
2.6119065821182232,79.55569335998933,42.76980961493753
2.6124065876708826,79.51726439929152,42.754440107387225
2.612906593223535,79.47842462251546,42.73906409272129
2.6134065987761943,79.43917539724428,42.723683119625136
2.6139066043288466,79.39951812223312,42.70829875450316
2.614406609881506,79.3594542283131,42.69291257453314
2.6149066154341583,79.31898517930956,42.677526160643296
2.6154066209868176,79.27811247296906,42.66214109044171
2.61590662653947,79.23683764188908,42.64675893112772
2.6164066320921293,79.19516225444426,42.63138123241959
2.6169066376447816,79.15308791570111,42.61600951953707
2.617406643197441,79.11061626831426,42.6006452862795
2.6179066487500933,79.06774899339585,42.58528998823648
2.6184066543027527,79.02448781135276,42.56994503616552
2.618906659855405,78.9808344826845,42.55461178956794
2.6194066654080643,78.93679080873717,42.539291550492806
2.6199066709607166,78.89235863240738,42.52398555759582
2.620406676513376,78.84753983879222,42.50869498047727
2.6209066820660283,78.80233635578085,42.49342091432096
2.6214066876186877,78.75675015458398,42.47816437485487
2.62190669317134,78.71078325019722,42.46292629365318
2.6224066987239993,78.66443770179517,42.447707513798775
2.6229067042766516,78.61771561305241,42.43250878592524
2.623406709829311,78.57061913238783,42.417330764658274
2.6239067153819633,78.52315045312845,42.4021740054752
2.6244067209346227,78.4753118135898,42.38703896200131
2.624906726487275,78.42710549706942,42.37192598375886
2.6254067320399344,78.3785338317513,42.35683531438242
2.6259067375925866,78.3295991905188,42.3417670903124
2.626406743145246,78.28030399067445,42.32672133997869
2.6269067486978983,78.23065069356286,42.31169798349109
2.6274067542505577,78.18064180409235,42.29669683286281
2.62790675980321,78.13027987014785,42.2817175928043
2.6284067653558694,78.07956748188664,42.26675986213225
2.6289067709085217,78.028507270908,42.25182313584011
2.629406776461181,77.97710190928882,42.23690680787142
2.6299067820138333,77.9253541084796,42.22201017462599
2.6304067875664927,77.8732666180583,42.20713243921338
2.630906793119145,77.82084222434273,42.192272716450205
2.6314067986718044,77.76808374886633,42.17743003857804
2.6319068042244567,77.71499404672537,42.16260336166246
2.632406809777116,77.66157600480801,42.14779157261938
2.6329068153297683,77.6078325399182,42.13299349680453
2.6334068208824277,77.55376659680896,42.11820790609168
2.63390682643508,77.49938114614181,42.10343352735384
2.6344068319877394,77.44467918239197,42.08866905125109
2.6349068375403917,77.38966372171893,42.073913141220885
2.635406843093051,77.33433779982406,42.05916444256293
2.6359068486457033,77.27870446981555,42.04442159151553
2.6364068541983627,77.222766800098,42.02968322423307
2.636906859751015,77.16652787230116,42.01494798559223
2.6374068653036744,77.10999077925875,42.00021453777045
2.6379068708563267,77.05315862304597,41.98548156855327
2.638406876408986,76.99603451308273,41.97074779933384
2.6389068819616384,76.93862156430973,41.956011992768026
2.6394068875142978,76.88092289544596,41.94127296004234
2.63990689306695,76.82294162733672,41.9265295677064
2.6404068986196094,76.76468088140213,41.91178074402097
2.6409069041722617,76.7061437781939,41.89702548477911
2.641406909724921,76.64733343606737,41.88226285856615
2.6419069152775734,76.58825296997344,41.867492011434
2.6424069208302328,76.52890549037437,41.8527121709692
2.642906926382885,76.46929410228685,41.83792264973681
2.6434069319355444,76.40942190445578,41.82312284808148
2.6439069374881967,76.34929198866236,41.80831225626949
2.644406943040856,76.28890743916763,41.79349045596189
2.6449069485935084,76.22827133229147,41.77865712102056
2.6454069541461678,76.1673867361234,41.76381201766547
2.64590695969882,76.10625671035824,41.74895500401786
2.6464069652514803,76.04488430624694,41.734086029078455
2.6469069708041317,75.983272566652,41.719205131195736
2.647406976356791,75.92142452619669,41.70431243607764
2.6479069819094434,75.85934321149927,41.689408154392765
2.648406987462103,75.79703164148528,41.67449257899649
2.648906993014755,75.73449282777158,41.65956608181304
2.6494069985674154,75.67172977511648,41.64462911040371
2.6499070041200667,75.60874548192879,41.62968218425698
2.650407009672726,75.54554294082828,41.61472589083854
2.6509070152253784,75.48212513925031,41.59976088143832
2.651407020778038,75.4184950600887,41.58478786684606
2.65190702633069,75.35465568237116,41.569807612882784
2.6524070318833495,75.29060998196184,41.55482093581641
2.6529070374360018,75.22636093228486,41.53982869769239
2.653407042988661,75.16191150506192,41.524831801616926
2.6539070485413134,75.09726467105526,41.50983118703354
2.654407054093973,75.03242340080814,41.4948278250361
2.654907059646625,74.96739066537445,41.4798227137608
2.6554070651992845,74.90216943702944,41.46481687389733
2.6559070707519368,74.83676268995544,41.44981134435146
2.656407076304596,74.77117340089897,41.43480717807768
2.6569070818572484,74.70540454979833,41.41980543808479
2.657407087409908,74.6394591203844,41.40480719360298
2.65790709296256,74.57334010075826,41.38981351639117
2.6584070985152204,74.50705048395102,41.374825477157486
2.658907104067872,74.44059326847196,41.3598441420617
2.659407109620531,74.37397145885085,41.34487056926902
2.6599071151731843,74.3071880661796,41.32990580552634
2.660407120725843,74.24024610865914,41.31495088273434
2.660907126278495,74.17314861215519,41.30000681449067
2.6614071318311545,74.10589861076846,41.28507459258101
2.661907137383807,74.03849914742217,41.270155183398
2.662407142936466,73.97095327447006,41.255249524273765
2.6629071484891194,73.90326405432567,41.240358519720246
2.663407154041778,73.83543456011121,41.22548303758606
2.66390715959443,73.7674678763214,41.21062390515259
2.6644071651470895,73.69936709949476,41.19578190520812
2.664907170699742,73.63113533888225,41.18095777215113
2.665407176252401,73.56277571710166,41.16615218818205
2.6659071818050535,73.49429137076599,41.15136577964482
2.666407187357713,73.42568545107366,41.136599113578725
2.666907192910365,73.35696112434941,41.12185269453873
2.6674071984630245,73.28812157252504,41.10712696174028
2.667907204015677,73.21916999354957,41.092422286581225
2.668407209568336,73.15010960171993,41.077738970587774
2.6689072151209885,73.080943627924,41.06307724382489
2.669407220673648,73.01167531978967,41.048437263804615
2.6699072262263,72.94230794173455,41.03381911491975
2.6704072317789604,72.87284477491274,41.01922280842139
2.670907237331612,72.803289117057,41.00464828294807
2.6714072428842712,72.73364428221804,40.99009540559912
2.6719072484369244,72.66391360040492,40.97556397352794
2.672407253989583,72.59410041713537,40.96105371601435
2.672907259542235,72.52420809290564,40.946564296961554
2.6734072650948946,72.45424000259304,40.93209531775212
2.673907270647547,72.38419953480516,40.91764632038832
2.6744072762002062,72.31409009119143,40.90321679083775
2.6749072817528585,72.24391508573129,40.8888061625065
2.675407287305518,72.17367794401359,40.87441381976802
2.67590729285817,72.10338210251815,40.86003910148649
2.6764072984108296,72.0330310079086,40.84568130448872
2.676907303963482,71.96262811634233,40.831339686953086
2.6774073095161413,71.89217689280059,40.81701347169944
2.6779073150687935,71.82168081043939,40.802701849376575
2.678407320621453,71.75114334995963,40.78840398155253
2.678907326174105,71.68056799899556,40.77411900371382
2.6794073317267646,71.60995825152106,40.759846028173484
2.679907337279417,71.53931760727627,40.74558414687654
2.6804073428320763,71.46864957121798,40.73133243408196
2.6809073483847286,71.39795765299915,40.71708994889437
2.681407353937388,71.32724536648263,40.70285573761781
2.68190735949004,71.25651622929311,40.68862883590943
2.6824073650426996,71.18577376241068,40.67440827071576
2.682907370595352,71.11502148980783,40.66019306198049
2.6834073761480113,71.04426293813076,40.6459822241188
2.6839073817006636,70.97350163642469,40.63177476725953
2.684407387253323,70.90274111590081,40.61756969826537
2.6849073928059752,70.83198490974151,40.603366021549135
2.6854073983586346,70.76123655293873,40.58916273971106
2.685907403911287,70.69049958216046,40.574958854023095
2.6864074094639463,70.61977753564031,40.56075336478472
2.6869074150165986,70.54907395308581,40.54654527157362
2.687407420569258,70.47839237559998,40.53233357341794
2.6879074261219102,70.4077363456101,40.51811726892102
2.6884074316745696,70.33710940679673,40.50389535637515
2.688907437227222,70.26651510401496,40.489666833903726
2.6894074427798813,70.19595698320002,40.47543069967431
2.6899074483325336,70.12543859124773,40.4611859522297
2.690407453885193,70.05496347586026,40.44693159098753
2.6909074594378453,69.98453518534717,40.432666616959736
2.6914074649905046,69.91415726837205,40.418390033741545
2.691907470543157,69.84383327363642,40.40410084881432
2.6924074760958163,69.77356674949345,40.38979807519911
2.6929074816484686,69.70336124348684,40.37548073348663
2.693407487201128,69.63322030181259,40.36114785425498
2.6939074927537803,69.56314746870376,40.34679848087413
2.6944074983064397,69.49314628574021,40.33243167268687
2.694907503859092,69.42322029108668,40.31804650854927
2.6954075094117513,69.35337301866363,40.30364209070751
2.6959075149644036,69.28360799725635,40.28921754898207
2.696407520517063,69.21392874956929,40.27477204522344
2.6969075260697153,69.1443387912341,40.26030477799455
2.6974075316223747,69.07484162978216,40.24581498742454
2.697907537175027,69.005440763594,40.23130196016928
2.6984075427276863,68.93613968083919,40.21676503440732
2.6989075482803386,68.86694185842012,40.20220360480097
2.699407553832998,68.79785076093238,40.187617127356575
2.6999075593856503,68.72886983965316,40.17300512412423
2.7004075649383097,68.66000253156852,40.15836718768023
2.700907570490962,68.59125225845017,40.14370298533554
2.7014075760436214,68.52262242599241,40.12901226301523
2.7019075815962736,68.45411642301887,40.1142948487576
2.702407587148933,68.38573762076749,40.099550655789216
2.7029075927015853,68.31748937226007,40.08477968514141
2.7034075982542447,68.2493750117608,40.06998202778493
2.703907603806897,68.18139785432666,40.05515786626775
2.7044076093595564,68.1135611954507,40.04030747584829
2.7049076149122087,68.04586831079934,40.02543122512077
2.705407620464868,67.97832245604314,40.01052957613065
2.7059076260175203,67.91092686678229,39.99560308397666
2.7064076315701797,67.84368475856726,39.98065239589383
2.706907637122832,67.77659932701573,39.96567824981344
2.7074076426754914,67.70967374802531,39.9506814723996
2.7079076482281437,67.64291117808133,39.93566297656669
2.708407653780803,67.57631475465752,39.920623758487366
2.7089076593334553,67.50988759670706,39.90556489410567
2.7094076648861147,67.44363280523956,39.89048753517565
2.709907670438767,67.37755346397951,39.87539290484898
2.7104076759914264,67.31165264010136,39.86028229283703
2.7109076815440787,67.24593338503536,39.84515705017624
2.711407687096738,67.18039873533773,39.83001858363019
2.7119076926493904,67.11505171361739,39.81486834976957
2.7124076982020497,67.04989532950917,39.79970784878015
2.712907703754702,66.98493258068366,39.78453861805228
2.7134077093073614,66.92016645388279,39.76936222560697
2.7139077148600137,66.85559992597125,39.75418026340997
2.714407720412673,66.79123596499436,39.73899434062385
2.7149077259653254,66.72707753123282,39.72380607684673
2.7154077315179848,66.66312757824556,39.70861709538545
2.715907737070637,66.59938905389197,39.69342901660656
2.7164077426232964,66.53586490132682,39.6782434514008
2.7169077481759487,66.47255805996323,39.66306199478719
2.717407753728608,66.40947146639908,39.64788621967752
2.7179077592812604,66.34660805530424,39.63271767081898
2.7184077648339198,66.28397076026505,39.61755785893078
2.718907770386572,66.22156251458422,39.60240825504653
2.7194077759392314,66.1593862520351,39.58727028506739
2.7199077814918837,66.09744490757056,39.57214532452467
2.720407787044543,66.03574141798784,39.55703469354532
2.7209077925971954,65.97427872255128,39.5419396520107
2.721407798149855,65.91305976357525,39.52686139489696
2.721907803702507,65.85208748696886,39.51180104778818
2.7224078092551673,65.79136484274328,39.496759662558944
2.7229078148078187,65.73089478548073,39.48173821323148
2.723407820360478,65.67068027476286,39.46673759201912
2.7239078259131304,65.61072427555585,39.4517586055713
2.72440783146579,65.55102975854886,39.436801971437134
2.724907837018442,65.49159970044239,39.42186831476582
2.7254078425711015,65.43243708418288,39.406958165265664
2.7259078481237538,65.37354489913824,39.39207195444715
2.726407853676413,65.31492614120927,39.37721001317834
2.7269078592290654,65.25658381287087,39.36237256958525
2.727407864781725,65.19852092313576,39.34755974733547
2.727907870334377,65.1407404874325,39.3327715643488
2.7284078758870365,65.08324552738908,39.31800793198205
2.7289078814396888,65.02603907051329,39.30326865473377
2.729407886992348,64.96912414976177,39.288553430512536
2.7299078925450004,64.91250380299056,39.27386185150793
2.73040789809766,64.85618107228065,39.259193405698085
2.730907903650312,64.80015900313397,39.24454747901908
2.7314079092029724,64.74444064353777,39.22992335820899
2.731907914755624,64.68902904289735,39.21532023432607
2.732407920308283,64.63392725083955,39.200737206930114
2.7329079258609363,64.57913831588989,39.18617328891318
2.733407931413595,64.5246652840255,39.171627411968586
2.733907936966247,64.47051119710655,39.15709843268687
2.7344079425189065,64.41667909118905,39.14258513926069
2.734907948071559,64.36317199472614,39.12808625876768
2.735407953624218,64.30999292666553,39.11360046498703
2.7359079591768714,64.25714489445457,39.09912638669324
2.73640796472953,64.20463089196524,39.08466261636231
2.736907970282182,64.15245389735298,39.07020771921901
2.7374079758348415,64.10061687086333,39.05576024255223
2.737907981387494,64.0491227526007,39.04131872522299
2.738407986940153,63.9979744602745,39.026881707286535
2.7389079924928055,63.94717488693911,39.012447739643406
2.739407998045465,63.89672689874441,38.99801539363014
2.739908003598117,63.846633332714944,38.983583270457686
2.7404080091507765,63.79689699457437,38.9691500104078
2.740908014703429,63.74752065663164,38.95471430170348
2.741408020256088,63.69850705574302,38.94027488897824
2.7419080258087405,63.64985889136321,38.9258305812764
2.7424080313614,63.60157882369717,38.91138025952115
2.742908036914052,63.55366947196484,38.8969228833892
2.7434080424667124,63.50613341278952,38.88245749753345
2.743908048019364,63.45897317872043,38.86798323710062
2.744408053572023,63.4121912568977,38.853499332497904
2.7449080591246764,63.36579008786716,38.83900511337264
2.745408064677335,63.3197720645502,38.824500011775726
2.745908070229987,63.27413953137353,38.80998356448434
2.7464080757826466,63.228894783563,38.79545541446204
2.746908081335299,63.18404006660444,38.78091531144
2.7474080868879582,63.13957757587304,38.76636311161231
2.7479080924406105,63.09550945643001,38.7517987764514
2.74840809799327,63.05183780298323,38.737222370661385
2.748908103545922,63.00856466000708,38.7226340592951
2.7494081090985816,62.965692022016,38.70803410406357
2.749908114651234,62.92322183398591,38.69342285886947
2.7504081202038932,62.88115599191647,38.67880076460088
2.7509081257565455,62.83949634352595,38.66416834322982
2.751408131309205,62.79824468906863,38.649526191268805
2.751908136861857,62.75740278226216,38.63487497265254
2.7524081424145166,62.71697233130927,38.620215411127546
2.752908147967169,62.67695499999516,38.60554828224774
2.7534081535198283,62.63735240884081,38.59087440508252
2.7539081590724805,62.59816613629194,38.57619463374405
2.75440816462514,62.55939771992415,38.561509848837375
2.754908170177792,62.5210486576464,38.54682094893025
2.7554081757304516,62.483120408885554,38.5321288421324
2.755908181283104,62.44561439573775,38.51743443786228
2.7564081868357633,62.40853200407443,38.50273863886669
2.7569081923884156,62.371874584593,38.488042333547
2.757408197941075,62.33564345380341,38.4733463886389
2.7579082034937272,62.29983989494242,38.45865164229125
2.7584082090463866,62.2644651588068,38.44395889759189
2.758908214599039,62.22952046449589,38.42926891659171
2.7594082201516983,62.19500700005421,38.4145824148778
2.7599082257043506,62.16092592300603,38.39990005674049
2.76040823125701,62.12727836077574,38.38522245096809
2.7609082368096622,62.094065410990126,38.37055014729072
2.7614082423623216,62.06128814166151,38.355883633481824
2.761908247914974,62.02894759125236,38.34122333311382
2.7624082534676333,61.997044768624605,38.3265696039536
2.7629082590202856,61.96558065287836,38.31192273697391
2.763408264572945,61.93455619308624,38.297282955949726
2.7639082701255973,61.903972307930346,38.28265041760256
2.7644082756782566,61.87382988525045,38.26802521224997
2.764908281230909,61.8441297815127,38.25340736491209
2.7654082867835683,61.81487282120828,38.238796836825045
2.7659082923362206,61.78605979619184,38.22419352731245
2.76640829788888,61.75769146496855,38.20959727596731
2.7669083034415323,61.729768551939074,38.19500786509707
2.7674083089941917,61.70229174661194,38.18042502238279
2.767908314546844,61.675261702792426,38.16584842370429
2.7684083200995033,61.64867903775642,38.15127769608738
2.7689083256521556,61.62254433141591,38.136712420739215
2.769408331204815,61.59685812548035,38.122152136149495
2.7699083367574673,61.57162092261663,38.10759634124456
2.7704083423101267,61.54683318560873,38.09304449858833
2.770908347862779,61.52249533651804,38.07849603762597
2.7714083534154383,61.49860775584432,38.06395035797185
2.7719083589680906,61.47517078168579,38.04940683274884
2.77240836452075,61.45218470889586,38.03486481199509
2.7729083700734023,61.42964978823216,38.0203236261596
2.7734083756260617,61.40756622549438,38.00578258970856
2.773908381178714,61.38593418064711,37.99124100486043
2.7744083867313734,61.36475376692602,37.97669816546086
2.7749083922840256,61.34402504992653,37.96215336100279
2.775408397836685,61.3237480466756,37.9476058807882
2.7759084033893373,61.30392272468927,37.9330550182197
2.7764084089419967,61.28454900101951,37.918500075200825
2.776908414494649,61.2656267412967,37.90394036661549
2.7774084200473084,61.24715575877433,37.88937522484946
2.7779084255999607,61.22913581338384,37.874804004313305
2.77840843115262,61.211566610807154,37.8602260859267
2.7789084367052723,61.194447801574526,37.84564088152503
2.7794084422579317,61.17777898019592,37.83104783814339
2.779908447810584,61.16155968433681,37.81644644212116
2.7804084533632434,61.14578939405163,37.80183622295657
2.7809084589158957,61.13046753108935,37.787216756834695
2.781408464468555,61.11559345828413,37.77258766975885
2.7819084700212073,61.101166479041865,37.75794864022944
2.7824084755738667,61.08718583692964,37.7432994014322
2.782908481126519,61.07365071537246,37.72863974291154
2.7834084866791784,61.06056023745972,37.71396951171671
2.7839084922318307,61.04791346586173,37.69928861301851
2.78440849778449,61.035709402855055,37.68459701020184
2.7849085033371423,61.02394699045482,37.66989472444514
2.7854085088898017,61.01262511065027,37.65518183380506
2.785908514442454,61.0017425857387,37.64045847183285
2.7864085199951134,60.99129817875036,37.625724825760926
2.7869085255477657,60.98129059395511,37.61098113430985
2.787408531100425,60.97171847743927,37.59622768517505
2.7879085366530774,60.962580417740206,37.581464812260776
2.7884085422057368,60.953874946525815,37.56669289272988
2.788908547758389,60.94560053930603,37.55191234393658
2.7894085533110484,60.93775561616569,37.5371236203008
2.7899085588637007,60.93033854251026,37.52232721016728
2.79040856441636,60.9233476298201,37.507523632675486
2.7909085699690124,60.916781136410975,37.49271343464926
2.7914085755216718,60.91063726820218,37.47789718750123
2.791908581074324,60.90491417949544,37.46307548413449
2.7924085866269834,60.8996099737696,37.448248935814505
2.7929085921796357,60.89472270449706,37.43341816897967
2.793408597732295,60.89025037598733,37.4185838219608
2.7939086032849474,60.88619094426232,37.40374654158626
2.7944086088376068,60.88254231796555,37.38890697965964
2.794908614390259,60.87930235930578,37.37406578930778
2.7954086199429184,60.87646888503327,37.35922362120806
2.7959086254955707,60.87403966744581,37.34438111971021
2.79640863104823,60.87201243542016,37.32953891887499
2.7969086366008824,60.87038487546436,37.31469763845563
2.797408642153542,60.8691546327849,37.29985787985137
2.797908647706194,60.86831931236334,37.285020222063295
2.7984086532588535,60.86787648003606,37.27018521768626
2.7989086588115057,60.86782366356956,37.25535338897599
2.799408664364165,60.868158353722976,37.24052522403693
2.7999086699168174,60.868878005288536,37.22570117317959
2.800408675469477,60.86998003810074,37.21088164549586
2.800908681022129,60.871461838005565,37.19606700570077
2.8014086865747885,60.87332075778079,37.18125757128574
2.8019086921274408,60.87555411800064,37.16645361002222
2.8024086976801,60.87815920784016,37.15165533783785
2.8029087032327524,60.8811332858189,37.13686291706831
2.803408708785412,60.88447358048713,37.12207645506781
2.803908714338064,60.88817729106013,37.10729600314807
2.8044087198907244,60.89224158800741,37.09252155580876
2.8049087254433758,60.89666361360398,37.07775305022085
2.805408730996035,60.90144048245087,37.062990365924776
2.8059087365486874,60.90656928197164,37.0482333247067
2.806408742101347,60.912047072891625,37.03348169061495
2.806908747653999,60.91787088970733,37.018735170079
2.8074087532066585,60.92403774115152,37.00399341209797
2.807908758759311,60.93054461065845,36.98925600847628
2.80840876431197,60.93738845683134,36.97452249409416
2.8089087698646233,60.9445662139128,36.95979234720773
2.809408775417282,60.952074792259225,36.94506498977312
2.809908780969934,60.9599110788197,36.93033978779096
2.8104087865225935,60.96807193762027,36.91561605166639
2.810908792075246,60.97655421025404,36.90089303658087
2.811408797627905,60.98535471637801,36.88616994287007
2.8119088031805575,60.994470254217056,36.87144591640495
2.812408808733217,61.00389760107439,36.85672004897879
2.812908814285869,61.01363351384569,36.84199137871404
2.8134088198385285,61.023674729532175,36.8272588905151
2.813908825391181,61.03401796574576,36.81252151660044
2.81440883094384,61.04465992119908,36.79777813715489
2.8149088364964925,61.05559727617125,36.78302758114735
2.815408842049152,61.06682669294017,36.768268627365416
2.815908847601804,61.07834481617056,36.753500005721904
2.8164088531544644,61.09014827324702,36.73872039889136
2.816908858707116,61.10223367454145,36.72392844433314
2.817408864259775,61.114597613604616,36.70912273675526
2.8179088698124284,61.127236667272015,36.694301831070064
2.818408875365087,61.1401473956756,36.67946424588841
2.818908880917739,61.15332634215388,36.66460846759144
2.8194088864703986,61.166770033054576,36.64973295500978
2.819908892023051,61.18047497742641,36.63483614472946
2.8204088975757102,61.194437666598304,36.61991645703216
2.8209089031283625,61.20865457364704,36.60497230246479
2.821408908681022,61.22312215275644,36.59000208902066
2.821908914233674,61.237836838473214,36.5750042299036
2.8224089197863336,61.25279504486694,36.55997715183541
2.822908925338986,61.26799316460366,36.54491930385485
2.8234089308916452,61.28342756794514,36.52982916654197
2.8239089364442975,61.29909460168895,36.51470526158555
2.824408941996957,61.31499058806752,36.49954616159612
2.824908947549609,61.3311118236257,36.484350500057445
2.8254089531022686,61.347454578097256,36.46911698130644
2.825908958654921,61.36401509329907,36.45384439043811
2.8264089642075803,61.38078958206053,36.43853160304094
2.8269089697602325,61.397774227203584,36.42317759467859
2.827408975312892,61.4149651805872,36.40778145004074
2.827908980865544,61.43235856222918,36.39234237169333
2.8284089864182036,61.449950459517545,36.376859688360895
2.828908991970856,61.46773692652341,36.36133286267412
2.8294089975235153,61.48571398342804,36.34576149831331
2.8299090030761684,61.50387761607718,36.33014534647607
2.830409008628827,61.52222377567495,36.314484311599
2.830909014181479,61.54074837862977,36.29877845626631
2.8314090197341386,61.55944730656329,36.28302800524317
2.831909025286791,61.57831640649212,36.26723334857904
2.8324090308394503,61.59735149119042,36.251395043735855
2.8329090363921026,61.61654833973872,36.23551381670933
2.833409041944762,61.63590269826141,36.219590562128005
2.8339090474974142,61.65541028085224,36.20362634233203
2.8344090530500736,61.6750667706838,36.18762238544973
2.834909058602726,61.69486782129451,36.171580082506935
2.8354090641553853,61.71480905804249,36.15550098362222
2.8359090697080376,61.73488607971284,36.13938679335911
2.836409075260697,61.75509446026222,36.1232393653212
2.8369090808133492,61.77542975068392,36.10706069607818
2.8374090863660086,61.79588748097797,36.090852918504055
2.837909091918661,61.81646316221363,36.07461829459491
2.8384090974713203,61.83715228867355,36.05835920782202
2.8389091030239726,61.85795034007079,36.04207815506555
2.839409108576632,61.878852783831576,36.02577773816759
2.8399091141292843,61.89985507743661,36.00946065513986
2.8404091196819437,61.920952670814735,35.993129691059835
2.840909125234596,61.942141008782485,35.97678770868632
2.8414091307872553,61.96341553352438,35.96043763882409
2.8419091363399076,61.98477168710795,35.944082470466554
2.842409141892567,62.00620491402745,35.92772524074843
2.8429091474452193,62.02771066376916,35.911369024745824
2.8434091529978787,62.04928439339006,35.895016925167255
2.843909158550531,62.07092157010037,35.87867206198469
2.8444091641031903,62.09261767384047,35.86233756205702
2.8449091696558426,62.11436819984154,35.846016548801515
2.845409175208502,62.13616866115949,35.829712131969245
2.8459091807611543,62.15801459117231,35.813427397577016
2.8464091863138137,62.17990154603299,35.797165398039
2.846909191866466,62.20182510707198,35.78092914252696
2.8474091974191253,62.22378088314704,35.76472158757467
2.8479092029717776,62.245764512938415,35.748545627933424
2.848409208524437,62.267771667189066,35.73240408768238
2.8489092140770893,62.289798050888415,35.7162997115998
2.8494092196297487,62.31183940539766,35.7002351568063
2.849909225182401,62.33389151051344,35.684212984697425
2.8504092307350604,62.35595018646558,35.668235653187025
2.8509092362877126,62.37801129584467,35.65230550928639
2.851409241840372,62.40007074545395,35.6364247820472
2.8519092473930243,62.42212448808016,35.62059557589778
2.8524092529456837,62.44416852417764,35.60481986440321
2.852909258498336,62.46619890346059,35.58909948447774
2.8534092640509954,62.48821172639848,35.573436131075695
2.8539092696036477,62.51020314561045,35.5578313523839
2.854409275156307,62.53216936715505,35.5422865455356
2.8549092807089593,62.554106651711216,35.526802952867754
2.8554092862616187,62.5760113156458,35.51138165874757
2.855909291814271,62.59787973196196,35.49602358699873
2.8564092973669304,62.61970833112338,35.48072949895547
2.8569093029195827,62.64149360175119,35.46549999216154
2.857409308472242,62.66323209119323,35.450335499716246
2.8579093140248943,62.68492040596749,35.43523629025651
2.8584093195775537,62.706555212083416,35.42020246855677
2.858909325130206,62.72813323524494,35.40523397672433
2.8594093306828654,62.74965126094006,35.39033059596504
2.8599093362355177,62.77110613442226,35.37549194888999
2.860409341788177,62.79249476058967,35.3607175023312
2.8609093473408294,62.81381410376832,35.34600657063184
2.8614093528934887,62.83506118740556,35.3313583193778
2.861909358446141,62.85623309367913,35.31677176954031
2.8624093639988004,62.87732696302682,35.30224580200354
2.8629093695514527,62.898339993600686,35.28777916245413
2.863409375104112,62.91926944064997,35.27337046661144
2.8639093806567644,62.94011261583597,35.2590182057791
2.8644093862094238,62.96086688648249,35.24472075269944
2.864909391762076,62.98152967476544,35.23047636769
2.8654093973147354,63.00209845684663,35.21628320503517
2.8659094028673877,63.0225707619573,35.2021393196018
2.866409408420047,63.04294417143734,35.1880426736477
2.8669094139726994,63.06321631773452,35.17399114379781
2.8674094195253588,63.08338488336732,35.15998252816884
2.867909425078011,63.10344759985507,35.14601455362167
2.8684094306306704,63.12340224662026,35.13208488311599
2.8689094361833227,63.143246649867976,35.11819112313796
2.869409441735982,63.16297868144856,35.10433083116935
2.8699094472886344,63.18259625770837,35.09050152317023
2.870409452841294,63.20209733833246,35.07670068105456
2.870909458393946,63.2214799251812,35.06292576014742
2.8714094639466055,63.240742061121736,35.04917419661885
2.8719094694992577,63.25988182885526,35.03544341488856
2.872409475051917,63.278897349742,35.02173083499203
2.8729094806045694,63.29778678262611,35.00803387989488
2.873409486157229,63.31654832266372,34.99434998273814
2.873909491709881,63.33518020015762,34.98067659399483
2.8744094972625405,63.35368067940277,34.96701118851594
2.8749095028151928,63.37204805754609,34.953351272445474
2.875409508367852,63.39028066346448,34.939694389984766
2.8759095139205044,63.40837685666361,34.92603812999005
2.876409519473164,63.42633502620009,34.91238013239038
2.876909525025816,63.44415358962876,34.89871809441591
2.8774095305784764,63.46183099197687,34.88504977662696
2.8779095361311278,63.47936570474688,34.87137300873479
2.878409541683787,63.496756224950026,34.85768569520121
2.8789095472364394,63.51400107417352,34.84398582060206
2.879409552789099,63.53109879768442,34.83027145473871
2.879909558341751,63.54804796357275,34.81654075748229
2.8804095638944105,63.56484716193643,34.80279198333686
2.880909569447063,63.58149500411033,34.789023485709706
2.881409574999722,63.59799012194123,34.77523372087845
2.8819095805523753,63.61433116711018,34.761421251646155
2.882409586105034,63.630516810504695,34.747584750672985
2.882909591657686,63.64654574164344,34.7337230034683
2.8834095972103455,63.662416668157775,34.719834911020385
2.883909602762998,63.67812831533469,34.70591949203795
2.884409608315657,63.69367942572592,34.691975884778245
2.8849096138683095,63.70906875882646,34.67800334844355
2.885409619420969,63.72429509082443,34.664001264135365
2.885909624973621,63.73935721442272,34.64996913536437
2.8864096305262805,63.754253938731175,34.635906588122666
2.886909636078933,63.76898408922675,34.62181337053303
2.887409641631592,63.78354650777735,34.607689352097154
2.8879096471842445,63.79794005272513,34.5935345225686
2.888409652736904,63.81216359902442,34.57934899047399
2.888909658289556,63.82621603843143,34.565132981301375
2.8894096638422164,63.840096279743136,34.55088683536738
2.889909669394868,63.85380324908469,34.536611005369195
2.890409674947527,63.8673358902448,34.522306053623026
2.8909096805001804,63.88069316505964,34.50797264898681
2.891409686052839,63.89387405384641,34.49361156346163
2.891909691605491,63.90687755588786,34.47922366846399
2.8924096971581514,63.91970268996966,34.46480993075933
2.892909702710803,63.93234849497267,34.45037140804577
2.893409708263462,63.9448140305218,34.43590924417856
2.8939097138161145,63.95709837769206,34.42142466403277
2.894409719368774,63.96920063976973,34.40691896801553
2.894909724921426,63.98111994306392,34.39239352625302
2.8954097304740856,63.99285543776276,34.377849772486385
2.895909736026738,64.00440629882743,34.36328919771226
2.8964097415793972,64.01577172691829,34.348713343599826
2.8969097471320495,64.02695094934859,34.33412379571118
2.897409752684709,64.03794322106103,34.319522176549924
2.897909758237361,64.04874782562264,34.3049101384637
2.8984097637900206,64.05936407623294,34.29028935643012
2.898909769342673,64.06979131673927,34.27566152075805
2.8994097748953322,64.0800289226544,34.261028329733875
2.8999097804479845,64.09007630217212,34.246391482235865
2.900409786000644,64.09993289717862,34.23175267032934
2.900909791553296,64.10959818425931,34.21711357184694
2.9014097971059556,64.11907167570081,34.20247584295413
2.901909802658608,64.12835292048835,34.187841110700504
2.9024098082112673,64.13744150529784,34.17321096556165
2.9029098137639204,64.14633705548049,34.15858695398376
2.903409819316579,64.15503923603598,34.14397057095464
2.903909824869231,64.16354775256745,34.12936325263817
2.9044098304218906,64.17186235220987,34.114766369120744
2.904909835974543,64.1799828245219,34.10018121732327
2.9054098415272023,64.18790900233158,34.085609014135926
2.9059098470798546,64.19564076252465,34.071050889835746
2.906409852632514,64.20317802676362,34.05650788185507
2.9069098581851662,64.21052076212442,34.04198092897485
2.9074098637378256,64.21766898163679,34.027470866019925
2.907909869290478,64.22462274471549,34.0129784191294
2.9084098748431373,64.23138215747073,33.99850420166683
2.9089098803957896,64.23794737288902,33.984048710821185
2.909409885948449,64.24431859087768,33.96961232493679
2.9099098915011012,64.25049605816905,33.955195301596774
2.9104098970537606,64.25648006808238,33.940797776472095
2.910909902606413,64.26227096014398,33.92641976293453
2.9114099081590723,64.26786911956759,33.912061152425096
2.9119099137117246,64.27327497659721,33.89772171556649
2.912409919264384,64.27848900571392,33.88340110401262
2.9129099248170363,64.283511724708,33.869098853031446
2.9134099303696956,64.28834369361687,33.85481438481686
2.913909935922348,64.29298551353128,33.84054701252033
2.9144099414750073,64.29743782527352,33.826295944982576
2.9149099470276596,64.3017013079531,33.812060292135584
2.915409952580319,64.30577667740764,33.797839071034886
2.9159099581329713,64.30966468453846,33.783631212470524
2.9164099636856307,64.3133661135526,33.769435568094764
2.916909969238283,64.3168817801241,33.7552509179942
2.9174099747909423,64.32021252948996,33.7410759786254
2.9179099803435946,64.32335923449675,33.72690941102536
2.918409985896254,64.32632279361502,33.712749829203304
2.9189099914489063,64.32910412893828,33.698595808621945
2.9194099970015657,64.33170418418199,33.684445894685496
2.919910002554218,64.33412392269499,33.670298611163304
2.9204100081068773,64.33636432549616,33.6561524684831
2.9209100136595296,64.33842638934759,33.64200597182982
2.921410019212189,64.34031112487564,33.62785762898754
2.9219100247648413,64.3420195547504,33.61370595786903
2.9224100303175007,64.34355271193152,33.59954949368695
2.922910035870153,64.34491163798725,33.5853867957326
2.9234100414228124,64.34609738149067,33.57121645373705
2.9239100469754646,64.34711099649681,33.55703709379732
2.924410052528124,64.34795354110298,33.542847383854536
2.9249100580807763,64.34862607609386,33.52864603871586
2.9254100636334357,64.34912966367197,33.51443182461685
2.925910069186088,64.34946536627353,33.50020356332668
2.9264100747387474,64.34963424546787,33.48596013580388
2.9269100802913997,64.34963736093928,33.471700485411205
2.927410085844059,64.34947576954974,33.45742362069937
2.9279100913967113,64.34915052448056,33.4431286177679
2.9284100969493707,64.34866267445184,33.42881462221314
2.928910102502023,64.3480132630171,33.414480850677435
2.9294101080546824,64.34720332792931,33.40012659201973
2.9299101136073347,64.34623390057405,33.38575120813323
2.930410119159994,64.34510600546466,33.371354134437865
2.9309101247126463,64.34382065979469,33.35693488007506
2.9314101302653057,64.34237887304272,33.34249302783229
2.931910135817958,64.34078164662478,33.3280282338248
2.9324101413706174,64.33902997358983,33.31354022695892
2.9329101469232697,64.3371248383549,33.2990288081984
2.933410152475929,64.33506721647655,33.28449384965121
2.9339101580285813,64.33285807445634,33.26993529349119
2.9344101635812407,64.33049836957875,33.255353150722655
2.934910169133893,64.32798904978166,33.240747499789265
2.9354101746865524,64.32533105355998,33.22611848502366
2.9359101802392047,64.3225253099038,33.21146631493004
2.936410185791864,64.31957273827337,33.196791260288805
2.9369101913445164,64.31647424861279,33.18209365207193
2.9374101968971758,64.31323074140374,33.16737387916322
2.937910202449828,64.30984310775851,33.15263238588669
2.9384102080024874,64.3063122295509,33.13786966935349
2.9389102135551397,64.30263897958172,33.123086276643235
2.939410219107799,64.29882422177654,33.108282801835415
2.9399102246604514,64.29486881141335,33.093459882903474
2.9404102302131108,64.29077359537926,33.07861819847663
2.940910235765763,64.28653941245676,33.06375846446713
2.9414102413184224,64.28216709364098,33.0488814305544
2.9419102468710747,64.27765746249034,33.03398787651554
2.942410252423734,64.27301133551133,33.01907860839563
2.9429102579763864,64.26822952257783,33.00415445451709
2.943410263529046,64.26331282738408,32.9892162613329
2.943910269081698,64.25826204793002,32.97426488913244
2.9444102746343566,64.25307797703616,32.959301207614104
2.9449102801870097,64.24776140288444,32.9443260913458
2.945410285739669,64.24231310957977,32.92934041514323
2.9459102912923214,64.23673387772551,32.9143450494028
2.946410296844981,64.2310244850063,32.89934085542801
2.946910302397633,64.22518570677184,32.88432868078269
2.9474103079502925,64.21921831661756,32.869309354696995
2.9479103135029447,64.21312308695818,32.85428368354633
2.948410319055604,64.20690078959147,32.83925244642063
2.9489103246082564,64.2005521962492,32.824216390799435
2.949410330160916,64.19407807913224,32.80917622835014
2.949910335713568,64.18747921142581,32.79413263087311
2.9504103412662284,64.18075636778826,32.77908622643102
2.9509103468188798,64.17391032480411,32.76403759571316
2.951410352371539,64.16694186139074,32.74898726869576
2.9519103579241914,64.15985175914733,32.73393572166131
2.952410363476851,64.15264080263577,32.71888337463457
2.952910369029503,64.14530977958562,32.703830589282305
2.9534103745821625,64.13785948101666,32.68877766730979
2.9539103801348148,64.1302907012762,32.673724849374054
2.954410385687474,64.12260423798895,32.6586723145232
2.9549103912401264,64.11480089192005,32.64362018016253
2.955410396792786,64.10688146675241,32.62856850253847
2.955910402345438,64.09884676878217,32.613517277721925
2.9564104078980975,64.09069760653715,32.59846644306293
2.95691041345075,64.08243479032426,32.58341587908383
2.957410419003409,64.07405913171225,32.56836541177671
2.9579104245560615,64.06557144295552,32.553314815272216
2.958410430108721,64.05697253636522,32.538263814845536
2.958910435661373,64.04826322363434,32.52321209022236
2.9594104412140325,64.03944431512363,32.50815927914704
2.959910446766685,64.030516619115,32.49310498117596
2.960410452319344,64.02148094103802,32.47804876166394
2.9609104578719965,64.01233808267517,32.462990155912564
2.961410463424656,64.00308884135178,32.44792867344776
2.961910468977308,63.99373400911678,32.432863802391566
2.9624104745299684,63.98427437192092,32.417795013890085
2.96291048008262,63.97471070879922,32.40272176656137
2.963410485635279,63.96504379106349,32.3876435109287
2.9639104911879324,63.9552743815109,32.372559693806124
2.964410496740591,63.94540323365517,32.35746976259978
2.964910502293243,63.93543109098734,32.34237316948385
2.9654105078459034,63.92535868627441,32.3272693754064
2.965910513398555,63.91518674090224,32.31215785388693
2.966410518951214,63.904915964267616,32.297038094579406
2.9669105245038665,63.89454705322082,32.28190960659093
2.967410530056526,63.88408069155895,32.26677192155576
2.967910535609178,63.87351754956889,32.251624596468446
2.9684105411618376,63.86285828361847,32.23646721628485
2.96891054671449,63.85210353579282,32.22129939630729
2.9694105522671492,63.8412539335708,32.20612078438154
2.9699105578198015,63.83031008953515,32.19093106294014
2.970410563372461,63.81927260110996,32.17572995092809
2.970910568925113,63.80814205031949,32.16051720564367
2.9714105744777726,63.79691900356337,32.14529262452197
2.971910580030425,63.785604011404345,32.13005604688128
2.9724105855830842,63.77419760836688,32.11480735564257
2.9729105911357365,63.762700312746304,32.09954647902224
2.973410596688396,63.75111262642946,32.0842733921927
2.973910602241048,63.739435034728174,32.06898811890328
2.9744106077937076,63.72766800622664,32.05369073305381
2.97491061334636,63.715811992644376,32.03838136021159
2.9754106188990193,63.70386742871693,32.02306017905826
2.9759106244516724,63.69183473209785,32.00772742274724
2.976410630004331,63.67971430328587,31.99238338014841
2.976910635556983,63.66750652558165,31.97702839695512
2.9774106411096426,63.655211765078406,31.961662876628395
2.977910646662295,63.64283037069088,31.94628728115235
2.9784106522149543,63.630362674227165,31.930902131575124
2.9789106577676074,63.6178089905073,31.915508008312443
2.979410663320266,63.60516961753187,31.90010555119464
2.9799106688729182,63.59244483670402,31.88469545923732
2.9804106744255776,63.57963491310861,31.869278490113032
2.98091067997823,63.56674009585359,31.85385545929593
2.9814106855308893,63.55376061847844,31.83842723884972
2.9819106910835416,63.54069669943479,31.822994755830933
2.982410696636201,63.52754854264233,31.80755899028722
2.9829107021888532,63.51431633812231,31.79212097283731
2.9834107077415126,63.50100026270913,31.776681781829023
2.983910713294165,63.48760048083887,31.76124254008137
2.9844107188468243,63.47411714541078,31.745804411230395
2.9849107243994766,63.46055039871605,31.730368595710612
2.985410729952136,63.44690037342651,31.714936326413564
2.9859107355047882,63.43316719363452,31.69950886406967
2.9864107410574476,63.41935097593596,31.684087492400167
2.9869107466101,63.40545183054838,31.668673513081245
2.9874107521627593,63.3914698624576,31.653268240558617
2.9879107577154116,63.37740517258669,31.637872996745102
2.988410763268071,63.36325785898224,31.622489105629285
2.9889107688207233,63.34902801801327,31.60711788782173
2.9894107743733827,63.33471574557704,31.59176065506867
2.989910779926035,63.3203211383059,31.576418704767107
2.9904107854786943,63.30584429476915,31.56109331451381
2.9909107910313466,63.29128531666552,31.545785736712705
2.991410796584006,63.27664431000316,31.53049719325693
2.9919108021366583,63.26192138626534,31.515228870295505
2.9924108076893177,63.247116663560845,31.49998191309102
2.99291081324197,63.23223026775743,31.48475742097422
2.9934108187946293,63.21726233359729,31.469556442403288
2.9939108243472816,63.20221300579122,31.454379970144306
2.994410829899941,63.18708244008647,31.439228936601737
2.9949108354525933,63.17187080430079,31.42410420933929
2.9954108410052527,63.15657827931477,31.409006586837137
2.995910846557905,63.141205060013775,31.393936794532763
2.9964108521105643,63.12575135617183,31.37889548118824
2.9969108576632166,63.11021739327138,31.363883215618515
2.997410863215876,63.09460341325482,31.348900483803845
2.9979108687685283,63.07890967520555,31.33394768639674
2.9984108743211877,63.06313645595925,31.31902513662133
2.99891087987384,63.047284050647406,31.30413305855205
2.9994108854264994,63.03135277317739,31.28927158574666
2.9999108909791516,63.0153429566557,31.27444076019698
3.000410896531811,62.99925495376255,31.259640531549167
3.0009109020844633,62.98308913708761,31.24487075653865
3.0014109076371227,62.96684589943526,31.23013119859065
3.001910913189775,62.95052565410521,31.215421527553215
3.0024109187424344,62.93412883515005,31.20074131955297
3.0029109242950867,62.91765589760792,31.186090056982664
3.003410929847746,62.90110731770751,31.171467128636905
3.0039109354003983,62.884483593042944,31.156871830007677
3.0044109409530577,62.86778524271871,31.14230336373913
3.00491094650571,62.85101280746647,31.127760840230977
3.0054109520583694,62.83416684973606,31.113243278374483
3.0059109576110217,62.81724795376337,31.09874960640751
3.006410963163681,62.80025672561723,31.084278662874524
3.0069109687163333,62.78319379322731,31.06982919767968
3.0074109742689927,62.76605980639479,31.05539987322271
3.007910979821645,62.74885543678555,31.04098926561716
3.0084109853743044,62.731581377904426,31.026595865999223
3.0089109909269567,62.71423834504799,31.012218081941484
3.009410996479616,62.6968270752321,30.99785423899036
3.0099110020322684,62.679348327089286,30.983502582356596
3.0104110075849277,62.66180288072775,30.969161278802744
3.01091101313758,62.644191537542895,30.95482841878044
3.0114110186902394,62.62651511997237,30.94050201886631
3.0119110242428917,62.60877447118712,30.926180024539818
3.012411029795551,62.59097045471217,30.91186031333845
3.0129110353482034,62.573103953972186,30.89754069841676
3.0134110409008628,62.555175871759324,30.88321893252369
3.013911046453515,62.53718712962306,30.868892712399813
3.0144110520061744,62.51913866718292,30.85455968358848
3.0149110575588267,62.50103144136577,30.84021744565061
3.015411063111486,62.48286642556997,30.82586355777181
3.0159110686641384,62.46464460875757,30.81149554475144
3.0164110742167978,62.44636699447745,30.797110903359965
3.01691107976945,62.428034599822894,30.782707109042946
3.0174110853221094,62.409648454328405,30.76828162294373
3.0179110908747617,62.39120959880989,30.753831899221996
3.018411096427421,62.37271908414938,30.739355392661
3.0189111019800734,62.35417797002352,30.72484956656652
3.019411107532733,62.335587323575055,30.710311900963404
3.019911113085385,62.3169482180264,30.69573990109356
3.0204111186380445,62.29826173123437,30.681131106221287
3.0209111241906967,62.27952894418475,30.666483098751826
3.021411129743356,62.260750939427545,30.65179351366018
3.0219111352960084,62.24192879945701,30.637060048206024
3.022411140848668,62.22306360504538,30.62228047188262
3.02291114640132,62.20415643354312,30.607452636528933
3.0234111519539804,62.18520835715843,30.59257448653072
3.0239111575066318,62.16622044122698,30.57764406904785
3.024411163059291,62.14719374248039,30.56265954421974
3.0249111686119434,62.12812930732086,30.547619195306368
3.025411174164603,62.10902817011037,30.532521438716174
3.025911179717255,62.08989135148526,30.517364833859403
3.0264111852699145,62.070719856709616,30.502148092750147
3.0269111908225668,62.05151467408321,30.486870089266333
3.027411196375226,62.03227677342116,30.47152986796867
3.0279112019278784,62.01300710462293,30.4561266523794
3.028411207480538,61.99370659634701,30.44065985262516
3.02891121303319,61.97437615480784,30.42512907234905
3.0294112185858495,61.95501666271214,30.40953411479288
3.029911224138502,61.93562897835246,30.393874987947516
3.030411229691161,61.91621393487616,30.378151908666013
3.0309112352438135,61.89677233974788,30.362365305634995
3.031411240796473,61.87730497442208,30.3465158211079
3.031911246349125,61.85781259423832,30.33060431132708
3.0324112519017845,61.8382959285466,30.314631845590128
3.032911257454437,61.81875568106571,30.29859970394241
3.033411263007096,61.799192530474514,30.282509373495017
3.0339112685597485,61.77960713123142,30.266362543392347
3.034411274112408,61.76000011461263,30.250161098483066
3.03491127966506,61.74037208995465,30.233907111773448
3.0354112852177204,61.72072364608519,30.217602835754438
3.035911290770372,61.70105535292529,30.20125069269791
3.036411296323031,61.68136776324593,30.18485326401648
3.0369113018756844,61.66166141456322,30.16841327877711
3.037411307428343,61.6419368311569,30.15193360145402
3.037911312980995,61.62219452619727,30.135417219006055
3.0384113185336554,61.6024350039644,30.11886722736901
3.038911324086307,61.58265876214269,30.102286817459277
3.039411329638966,61.56286629417319,30.085679260788893
3.0399113351916185,61.54305809164476,30.069047894799937
3.040411340744278,61.52323464670352,30.052396108036035
3.04091134629693,61.50339645445799,30.0357273252786
3.0414113518495896,61.48354401535767,30.01904499277805
3.041911357402242,61.4636778375223,30.00235256370772
3.042411362954901,61.443798439000446,29.98565348396521
3.0429113685075535,61.42390634993528,29.96895117844825
3.043411374060213,61.40400211461529,29.95224903793263
3.043911379612865,61.3840862933891,29.9355504066734
3.0444113851655246,61.36415946442619,29.918858570834644
3.044911390718177,61.34422222530869,29.90217674783466
3.0454113962708362,61.324275194442606,29.885508076673705
3.0459114018234885,61.30431901228039,29.86885560929312
3.046411407376148,61.2843543423494,29.852222302998317
3.0469114129288,61.2643818720839,29.83561101396124
3.0474114184814596,61.24440231346145,29.819024491798785
3.047911424034112,61.224416403449176,29.80246537519703
3.0484114295867712,61.2044249042702,29.785936188525085
3.0489114351394244,61.18442860350275,29.769439339367352
3.049411440692083,61.16442831402463,29.752977116902983
3.049911446244735,61.14442487381468,29.73655169106746
3.0504114517973946,61.12441914562133,29.72016511243946
3.050911457350047,61.104412016507496,29.703819312802096
3.0514114629027063,61.08440439727973,29.687516106332723
3.0519114684553594,61.06439722181069,29.671257191372437
3.052411474008018,61.044391446264086,29.655044152722127
3.05291147956067,61.02438804823209,29.63887846440923
3.0534114851133296,61.00438802579517,29.622761492870268
3.053911490665982,60.98439239651475,29.606694500488587
3.0544114962186413,60.9644021963716,29.5906786494152
3.0549115017712936,60.94441847866423,29.574715005591045
3.055411507323953,60.924442312881126,29.558804542892236
3.0559115128766052,60.90447478355743,29.54294814733672
3.0564115184292646,60.88451698912258,29.527146621318067
3.056911523981917,60.86457004074127,29.5114006878506
3.0574115295345763,60.844635061150896,29.49571099481112
3.0579115350872286,60.82471318350131,29.480078119142007
3.058411540639888,60.80480555020854,29.464502570950728
3.0589115461925402,60.78491331183752,29.44898479741866
3.0594115517451996,60.76503762603097,29.43352518642177
3.059911557297852,60.745179656501776,29.41812406976308
3.0604115628505113,60.72534057210606,29.402781725918715
3.0609115684031636,60.70552154601185,29.387498382211348
3.061411573955823,60.6857237549744,29.37227421634769
3.0619115795084753,60.6659483787237,29.35710935728858
3.0624115850611346,60.64619659946461,29.34200388544797
3.062911590613787,60.62646960148789,29.326957832233248
3.0634115961664463,60.60676857088961,29.31197117893932
3.0639116017190986,60.58709469539972,29.297043854994328
3.064411607271758,60.56744916432312,29.282175735536228
3.0649116128244103,60.54783316859839,29.267366638291502
3.0654116183770697,60.52824790097588,29.25261631974695
3.065911623929722,60.508694556309074,29.23792447064831
3.0664116294823813,60.48917433194424,29.223290710914725
3.0669116350350336,60.469688428184455,29.20871458410599
3.067411640587693,60.450238048798525,29.194195551614243
3.0679116461403453,60.430824401541045,29.179732986775846
3.0684116516930047,60.41144869864664,29.165326169117836
3.068911657245657,60.39211215725927,29.150974278966004
3.0694116627983163,60.37281599975943,29.136676392631387
3.0699116683509686,60.35356145395945,29.12243147834897
3.070411673903628,60.334349753147286,29.10823839308341
3.0709116794562803,60.31518213596715,29.094095880271936
3.0714116850089397,60.2960598461289,29.08000256855226
3.071911690561592,60.276984131940985,29.065956971508054
3.0724116961142514,60.2579562456652,29.051957488444643
3.0729117016669036,60.23897744269427,29.03800240618968
3.073411707219563,60.22004898055452,29.02408990190979
3.0739117127722153,60.2011721177344,29.01021804693896
3.0744117183248747,60.18234811233812,28.99638481162623
3.074911723877527,60.16357822056281,28.98258807121391
3.0754117294301864,60.14486369500008,28.96882561274259
3.0759117349828387,60.12620578277097,28.955095142933203
3.076411740535498,60.10760572351323,28.94139429693915
3.0769117460881503,60.08906474724717,28.92772064781819
3.0774117516408097,60.07058407214867,28.914071716559064
3.077911757193462,60.05216490225794,28.90044498250103
3.0784117627461214,60.0338084251508,28.88683789399072
3.0789117682987737,60.015515809598526,28.873247879127945
3.079411773851433,59.99728820324079,28.859672356459683
3.0799117794040853,59.979126730293984,28.84610874549305
3.0804117849567447,59.96103248931486,28.832554476914083
3.080911790509397,59.9430065510354,28.819007002420307
3.0814117960620564,59.92504995628119,28.805463804096505
3.0819118016147087,59.90716371398298,28.791922403279344
3.082411807167368,59.88934879928871,28.77838036886885
3.0829118127200204,59.87160615178125,28.76483532505664
3.0834118182726797,59.85393667380497,28.751284958455315
3.083911823825332,59.83634122890097,28.73772702462816
3.0844118293779914,59.8188206403502,28.724159354027123
3.0849118349306437,59.80137568982186,28.710579857352272
3.085411840483303,59.78400711612558,28.696986530344745
3.0859118460359554,59.76671561406489,28.68337745802654
3.0864118515886148,59.7495018333897,28.669750818401923
3.086911857141267,59.73236637784411,28.656104885642705
3.0874118626939264,59.71530980430442,28.64243803278771
3.0879118682465787,59.69833262200147,28.62874873399194
3.088411873799238,59.68143529182076,28.61503556636343
3.0889118793518904,59.66461822567377,28.60129721142752
3.0894118849045498,59.64788178593356,28.58753245625938
3.089911890457202,59.63122628492857,28.57374019432156
3.0904118960098614,59.61465198448865,28.559919426041205
3.0909119015625137,59.59815909553743,28.546069259163275
3.091411907115173,59.58174777772342,28.5321889089241
3.0919119126678254,59.56541813908162,28.518277698095304
3.092411918220485,59.54917023571716,28.50433505694629
3.092911923773137,59.53300407150462,28.49036052316559
3.0934119293257965,59.51691959779829,28.47635374176941
3.0939119348784487,59.50091671315158,28.46231446500711
3.094411940431108,59.48499526304769,28.448242552254055
3.0949119459837604,59.46915503964613,28.43413796986636
3.09541195153642,59.45339578155147,28.42000079095997
3.095911957089072,59.437717173613095,28.405831195065943
3.0964119626417324,59.422118846766026,28.39162946760227
3.0969119681943837,59.40660037792432,28.377395999098223
3.097411973747043,59.39116128993774,28.363131284106927
3.0979119792996954,59.375801051623,28.34883591974392
3.098411984852355,59.36051907788004,28.33451060378856
3.098911990405007,59.345314729904246,28.320156132287764
3.0994119959576665,59.33018731550276,28.30577339661264
3.0999120015103188,59.31513608952028,28.29136337993924
3.100412007062978,59.30016025437453,28.276927153150524
3.1009120126156304,59.285258960697846,28.26246587018187
3.10141201816829,59.27043130807826,28.24798076284833
3.101912023720942,59.25567634589357,28.23347313519254
3.1024120292736015,59.24099307423349,28.218944357380902
3.1029120348262538,59.22638044490751,28.204395859164197
3.103412040378913,59.21183736253604,28.189829122914677
3.1039120459315646,59.19736268572192,28.17524567625873
3.104412051484225,59.18295522829688,28.160647084336773
3.104912057036877,59.16861376063456,28.146034941738748
3.1054120625895365,59.15433701101952,28.13141086417841
3.105912068142189,59.14012366705912,28.11677647998185
3.106412073694848,59.125972377124285,28.102133421474136
3.1069120792475005,59.11188175180358,28.08748331635469
3.10741208480016,59.09785036535532,28.072827779150387
3.107912090352812,59.08387675714566,28.058168402820087
3.1084120959054724,59.06995943306353,28.04350675056168
3.108912101458124,59.05609686690799,28.02884434785
3.109412107010783,59.04228750174458,28.014182674725888
3.1099121125634364,59.02852975122773,27.99952315835506
3.110412118116095,59.01482200088496,27.9848671658814
3.110912123668747,59.00116260935744,27.97021599760833
3.1114121292214074,58.98754990958969,27.95557088055061
3.111912134774059,58.97398220996048,27.940932962404204
3.112412140326718,58.96045779534598,27.926303305987503
3.1129121458793705,58.94697492810551,27.911682884211032
3.11341215143203,58.93353184897953,27.89707257563764
3.113912156984682,58.92012677788968,27.882473160693067
3.1144121625373415,58.906757914632,27.867885318580647
3.114912168089994,58.89342343945625,27.853309624942423
3.115412173642653,58.88012151352604,27.83874655029761
3.1159121791953055,58.86685027925901,27.824196459266176
3.116412184747965,58.85360786054999,27.80965961055955
3.116912190300617,58.840392362884,27.795136157699844
3.1174121958532766,58.82720187334672,27.78062615042414
3.117912201405929,58.81403446053859,27.76612953673772
3.1184122069585882,58.800888174396846,27.75164616559273
3.1189122125112405,58.78776104592835,27.737175790174845
3.1194122180639,58.7746510868575,27.722718071775304
3.119912223616552,58.761556289195866,27.708272584208743
3.1204122291692116,58.7484746247434,27.69383881871903
3.120912234721864,58.73540404453303,27.679416189306323
3.1214122402745232,58.72234247822996,27.66500403840631
3.1219122458271764,58.70928783349794,27.650601642852365
3.122412251379835,58.69623799534416,27.63620822005072
3.122912256932487,58.68319082545419,27.62182293430257
3.1234122624851466,58.670144161526935,27.607444903213988
3.123912268037799,58.65709581661906,27.593073204137525
3.1244122735904583,58.64404357850813,27.578706880591355
3.1249122791431114,58.63098520908417,27.56434494859872
3.12541228469577,58.61791844377884,27.54998640289243
3.125912290248422,58.60484099104146,27.53563022293
3.1264122958010816,58.59175053186994,27.52127537867121
3.126912301353734,58.578644719403336,27.50692083607848
3.1274123069063933,58.56552117858032,27.492565562312635
3.1279123124590456,58.55237750586625,27.478208530608924
3.128412318011705,58.53921126904883,27.46384872483065
3.1289123235643572,58.52602000710088,27.44948514370968
3.1294123291170166,58.512801230107065,27.435116804790223
3.129912334669669,58.49955241925103,27.420742748096217
3.1304123402223283,58.48627102685976,27.40636203953977
3.1309123457749806,58.47295447650252,27.391973774084647
3.13141235132764,58.45960016314288,27.37757707867389
3.1319123568802922,58.446205453341776,27.363171114930992
3.1324123624329516,58.43276768550928,27.34875508164761
3.132912367985604,58.41928417020165,27.3343282170776
3.1334123735382633,58.40575219045942,27.31988980106009
3.1339123790909156,58.39216900218311,27.30543915699096
3.134412384643575,58.3785318345447,27.29097565365231
3.1349123901962272,58.36483789043469,27.27649870690068
3.1354123957488866,58.3510843469443,27.2620077812129
3.135912401301539,58.33726835588303,27.24750239109025
3.1364124068541983,58.32338704433029,27.232982102324627
3.1369124124068506,58.30943751522072,27.218446533128457
3.13741241795951,58.29541684796396,27.203895355122786
3.1379124235121623,58.281322099101416,27.1893282941665
3.1384124290648217,58.26715030300456,27.1747451309987
3.138912434617474,58.25289847262032,27.160145701659985
3.1394124401701333,58.23856360026975,27.145529897654495
3.1399124457227856,58.22414265850629,27.130897665813706
3.140412451275445,58.20963260103999,27.116249007822475
3.1409124568280973,58.19503036373295,27.10158397937444
3.1414124623807567,58.18033286566951,27.08690268893501
3.141912467933409,58.16553701030068,27.07220529611129
3.1424124734860683,58.15063968665922,27.057492009649025
3.1429124790387206,58.13563777063905,27.0427630850927
3.14341248459138,58.12052812633071,27.028018822153868
3.1439124901440323,58.10530760740509,27.013259561833365
3.1444124956966917,58.089973058537495,26.99848568334083
3.144912501249344,58.07452131686527,26.983697600851716
3.1454125068020033,58.05894921347219,26.96889576013737
3.1459125123546556,58.043253574894194,26.954080635100297
3.146412517907315,58.0274312246418,26.93925272423982
3.1469125234599673,58.01147898473487,26.92441254707117
3.1474125290126267,57.99539367724563,26.909560640521647
3.147912534565279,57.979172125844485,26.89469755533314
3.1484125401179384,57.9628111573426,26.87982385250487
3.1489125456705906,57.94630760322445,26.864940099815517
3.14941255122325,57.92965830116315,26.850046868465117
3.1499125567759023,57.91286009651178,26.835144729874894
3.1504125623285617,57.895909843765246,26.82023425267623
3.150912567881214,57.87880440798858,26.80531599990998
3.1514125734338734,57.86154066620946,26.79039052644933
3.1519125789865257,57.8441155087734,26.7754583766522
3.152412584539185,57.82652584066084,26.76052008224734
3.1529125900918373,57.80876858276467,26.745576160459763
3.1534125956444967,57.79084067312641,26.73062711238616
3.153912601197149,57.77273906812735,26.71567342163847
3.1544126067498084,57.75446074363098,26.700715553277448
3.1549126123024607,57.73600269607256,26.68575395305785
3.15541261785512,57.717361943493344,26.670789046999545
3.1559126234077723,57.69853552651805,26.65582124128987
3.1564126289604317,57.67952050927681,26.640850922509543
3.156912634513084,57.66031398027546,26.62587845815761
3.1574126400657434,57.64091305322046,26.61090419743526
3.1579126456183957,57.621314867808,26.595928472231265
3.158412651171055,57.601516590488366,26.580951598241924
3.1589126567237074,57.58151541521727,26.5659738761528
3.1594126622763667,57.56130856420626,26.55099559280957
3.159912667829019,57.54089328868316,26.5360170223109
3.1604126733816784,57.5202668696717,26.521038426966527
3.1609126789343307,57.49942661879756,26.506060058075903
3.16141268448699,57.47836987912589,26.49108215649484
3.1619126900396424,57.45709402603374,26.476104952968427
3.1624126955923018,57.43559646811846,26.46112866821956
3.162912701144954,57.41387464814191,26.446153512794893
3.1634127066976134,57.39192604400668,26.431179686685567
3.1639127122502657,57.36974816975861,26.416207378756937
3.164412717802925,57.34733857660655,26.401236766037343
3.1649127233555774,57.324694853949424,26.386268012923864
3.1654127289082368,57.301814630400415,26.37130127036272
3.165912734460889,57.2786955747988,26.35633667505964
3.1664127400135484,57.2553353972005,26.34137434877087
3.1669127455662007,57.231731849838695,26.326414397724637
3.16741275111886,57.20788272804663,26.31145691221828
3.1679127566715124,57.18378587113563,26.296501966430935
3.168412762224172,57.15943916322264,26.281549618484007
3.168912767776824,57.134840534002535,26.266599910775756
3.1694127733294843,57.10998795946111,26.2516528706132
3.1699127788821357,57.084879462525066,26.236708511162647
3.170412784434795,57.05951311364535,26.221766832737543
3.1709127899874474,57.033887031311885,26.20682782443521
3.171412795540107,57.00799938249946,26.19189146612229
3.171912801092759,56.98184838304719,26.17695773075259
3.1724128066454185,56.95543229797666,26.16202658698603
3.1729128121980708,56.92874944175553,26.147098002067253
3.17341281775073,56.9017981785136,26.13217194492053
3.1739128233033824,56.8745769222184,26.117248389417757
3.174412828856042,56.84708413681696,26.10232731777819
3.174912834408694,56.819318336350754,26.08740872405697
3.1754128399613535,56.79127808505149,26.07249261767612
3.1759128455140058,56.76296199742526,26.05757902694964
3.176412851066665,56.734368738333146,26.04266800255577
3.1769128566193174,56.70549702307471,26.027759620914
3.177412862171977,56.67634561748161,26.0128539874238
3.177912867724629,56.64691333802916,25.997951239515917
3.1784128732772885,56.61719905197515,25.983051549459702
3.178912878829941,56.587201677536086,25.96815512686348
3.1794128843826,56.55692018411105,25.953262220806465
3.1799128899352525,56.52635359256232,25.938373121544785
3.180412895487912,56.49550097556154,25.92348816173812
3.180912901040564,56.46436145801,25.90860771714378
3.1814129065932244,56.43293421754131,25.89373220672711
3.181912912145876,56.40121848511348,25.87886209214446
3.182412917698535,56.36921354569487,25.86399787657011
3.1829129232511884,56.33691873904504,25.84914010285911
3.183412928803847,56.30433346058816,25.834289351058217
3.183912934356499,56.27145716237366,25.81944623529453
3.1844129399091594,56.23828935411671,25.80461140008522
3.184912945461811,56.20482960430931,25.789785516120872
3.18541295101447,56.17107754139142,25.77496927558477
3.1859129565671225,56.13703285496989,25.76016338707923
3.186412962119782,56.10269529707189,25.745368570238355
3.186912967672434,56.06806468341826,25.73058555011147
3.1874129732250935,56.0331408947028,25.715815051401123
3.187912978777746,55.99792387786422,25.70105779263376
3.188412984330405,55.96241364733848,25.686314480335312
3.1889129898830575,55.92661028628016,25.671585803280024
3.189412995435717,55.89051394774088,25.65687242688188
3.189913000988369,55.85412485579336,25.642174987798143
3.1904130065410286,55.81744330658924,25.62749408881463
3.190913012093681,55.78046966933947,25.612830294079444
3.1914130176463402,55.74320438720707,25.598184124746822
3.1919130231989925,55.70564797810309,25.58355605508561
3.192413028751652,55.66780103537842,25.568946509096108
3.192913034304304,55.629664228406,25.554355857668327
3.1934130398569636,55.59123830304991,25.53978441630321
3.193913045409616,55.552524082019104,25.52523244340917
3.1944130509622752,55.51352246510558,25.51070013917712
3.1949130565149284,55.47423442930816,25.49618764502628
3.195413062067587,55.43466102884453,25.481695043604844
3.195913067620239,55.394803395055845,25.4672223593212
3.1964130731728986,55.3546627362088,25.452769559375557
3.196913078725551,55.314240337202094,25.43833655525144
3.1974130842782102,55.273537559185726,25.4239232046163
3.1979130898308634,55.23255583910316,25.40952931357145
3.198413095383522,55.19129668916657,25.39515463918985
3.198913100936174,55.14976169627536,25.380798892281504
3.1994131064888336,55.10795252138728,25.36646174033045
3.199913112041486,55.06587089885109,25.35214281054941
3.2004131175941453,55.02351863570912,25.337841693003316
3.2009131231467975,54.98089761097678,25.32355794375715
3.201413128699457,54.9380097749067,25.309291088005292
3.201913134252109,54.89485714824392,25.29504062314105
3.2024131398047686,54.85144182147893,25.280806021726548
3.202913145357421,54.8077659541056,25.266586734322715
3.2034131509100803,54.76383177389022,25.25238219213865
3.2039131564627326,54.71964157615837,25.23819180946343
3.204413162015392,54.67519772310423,25.22401498585039
3.2049131675680442,54.630502643126405,25.209851108031287
3.2054131731207036,54.58555883019288,25.195699551543385
3.205913178673356,54.540368843236806,25.18155968206017
3.2064131842260153,54.49493530558356,25.167430856423607
3.2069131897786676,54.44926090440792,25.15331242338408
3.207413195331327,54.40334839021944,25.13920372406108
3.2079132008839792,54.35720057637287,25.125104092143417
3.2084132064366386,54.3108203385997,25.111012853853325
3.208913211989291,54.26421061455633,25.09692932770152
3.2094132175419503,54.21737440338418,25.08285282406294
3.2099132230946026,54.17031476527619,25.068782644606387
3.210413228647262,54.12303482104343,25.054718081616443
3.2109132341999143,54.07553775167505,25.04065841725108
3.2114132397525736,54.027826797883904,25.02660292277966
3.211913245305226,53.9799052596309,25.01255085784595
3.2124132508578853,53.931776495621264,24.998501469797617
3.2129132564105376,53.88344392276647,24.984453993120358
3.213413261963197,53.834911015606615,24.970407649010824
3.2139132675158493,53.78618130568783,24.95636164512078
3.2144132730685087,53.7372583808901,24.94231517550277
3.214913278621161,53.68814588470112,24.928267420784493
3.2154132841738203,53.6388475154332,24.914217548592248
3.2159132897264726,53.58936702538142,24.9001647142338
3.216413295279132,53.53970821992337,24.88610806164296
3.2169133008317843,53.48987495656027,24.872046724586085
3.2174133063844437,53.439871143900376,24.85797982812835
3.217913311937096,53.38970074058588,24.843906490354016
3.2184133174897553,53.33936775416596,24.829825824324445
3.2189133230424076,53.288876239921,24.815736940248144
3.219413328595067,53.238230299643135,24.801638947830256
3.2199133341477193,53.18743408037936,24.787530958768187
3.2204133397003787,53.13649177314218,24.773412089363035
3.220913345253031,53.08540761159264,24.759281463219736
3.2214133508056904,53.03418587069977,24.74513821401355
3.2219133563583426,52.98283086537986,24.730981488303584
3.222413361911002,52.93134694911929,24.716810448372694
3.2229133674636543,52.87973851258501,24.70262427507012
3.2234133730163137,52.82800998222737,24.688422170630812
3.223913378568966,52.77616581887908,24.67420336144933
3.2244133841216254,52.72421051635341,24.65996710079203
3.2249133896742777,52.67214860004388,24.645712671434723
3.225413395226937,52.6199846255282,24.631439388212087
3.2259134007795893,52.567723177179005,24.617146600463343
3.2264134063322487,52.51536886678507,24.602833694355496
3.226913411884901,52.46292633218604,24.58850009506517
3.2274134174375604,52.41040023592473,24.57414526879876
3.2279134229902127,52.35779526391998,24.55976872463262
3.228413428542872,52.30511612416327,24.54537001615597
3.2289134340955243,52.252367545442105,24.53094874290028
3.2294134396481837,52.199554276092826,24.51650455154106
3.229913445200836,52.1466810827844,24.50203713686321
3.2304134507534954,52.0937527493338,24.48754624248876
3.2309134563061477,52.04077407555198,24.47303166137492
3.231413461858807,51.9877498761181,24.458493236097425
3.2319134674114594,51.93468497947876,24.44393085894177
3.2324134729641187,51.88158422676751,24.429344471831897
3.232913478516771,51.82845247073986,24.41473406612772
3.2334134840694304,51.77529457471982,24.40009968231665
3.2339134896220827,51.72211541155566,24.38544140961575
3.234413495174742,51.66891986258359,24.37075938549445
3.2349135007273944,51.61571281659851,24.35605379512384
3.2354135062800538,51.56249916883171,24.341324870756694
3.235913511832706,51.509283819935845,24.32657289103716
3.2364135173853654,51.4560716749785,24.311798180233893
3.2369135229380177,51.40286764244688,24.297001107384745
3.237413528490677,51.34967663326589,24.282182085339016
3.2379135340433294,51.296503559832765,24.267341569681903
3.2384135395959888,51.243353335071305,24.25248005752306
3.238913545148641,51.19023087150991,24.237598086126567
3.2394135507013004,51.13714108038782,24.22269623135708
3.2399135562539527,51.08408887079388,24.20777510591776
3.240413561806612,51.03107914884082,24.19283535736315
3.2409135673592644,50.97811681687736,24.17787766587541
3.241413572911924,50.9252067727401,24.16290274179427
3.241913578464576,50.872353909047376,24.14791132288707
3.2424135840172355,50.81956311253895,24.13290417133939
3.2429135895698877,50.76683926346583,24.117882070440672
3.243413595122547,50.71418723503453,24.10284582094097
3.2439136006751994,50.66161189290845,24.08779623706282
3.244413606227859,50.60911809476789,24.072734142162744
3.244913611780511,50.55671068992708,24.0576603640513
3.2454136173331696,50.50439451900522,24.04257572999427
3.2459136228858227,50.45217441364485,24.027481061435
3.246413628438482,50.400055196269086,24.012377168492947
3.2469136339911344,50.34804167986754,23.9972648443013
3.247413639543794,50.29613866780025,23.98214485925041
3.247913645096446,50.244350953608496,23.9670179552074
3.2484136506491055,50.1926833208198,23.951884839790598
3.2489136562017578,50.141140542732415,23.936746180790948
3.249413661754417,50.08972738216297,23.92160260084215
3.2499136673070694,50.03844859114016,23.906454672445463
3.250413672859729,49.98730891052848,23.89130291344992
3.250913678412381,49.93631306956783,23.87614778307639
3.2514136839650396,49.88546578531727,23.860989678559875
3.2519136895176928,49.83477176199361,23.84582893246913
3.252413695070352,49.78423569019797,23.8306658107484
3.2529137006230044,49.733862246025936,23.815500511510592
3.253413706175664,49.68365609005933,23.800333164596864
3.253913711728316,49.633621866240105,23.78516383190197
3.2544137172809746,49.58376420062933,23.769992508450517
3.254913722833628,49.53408770005625,23.75481912419535
3.255413728386287,49.484596950664965,23.739643546495188
3.2559137339389395,49.435296516368346,23.724465583216272
3.256413739491599,49.38619093721943,23.709284986395687
3.256913745044251,49.33728472771115,23.694101456404734
3.2574137505969105,49.28858237501298,23.678914646560315
3.257913756149563,49.24008833715168,23.663724168144128
3.258413761702222,49.19180704114082,23.64852959580212
3.2589137672548736,49.14374288106319,23.63333047330173
3.259413772807534,49.09590021611071,23.618126319620018
3.259913778360186,49.04828336858857,23.602916635325045
3.2604137839128446,49.00089662189243,23.58770090919694
3.260913789465498,48.953744218469446,23.572478625025013
3.261413795018157,48.90683035777475,23.557249268512063
3.2619138005708095,48.86015919423474,23.54201233421739
3.262413806123469,48.81373483522831,23.52676733247216
3.262913811676121,48.76756133909692,23.51151379620231
3.2634138172287805,48.721642713194136,23.49625128759463
3.263913822781433,48.67598291198486,23.48097940454484
3.264413828334092,48.63058583520423,23.46569778682876
3.2649138338867436,48.58545532608501,23.450406121941867
3.265413839439404,48.54059516966213,23.435104150556825
3.265913844992056,48.49600909116201,23.419791671552503
3.2664138505447156,48.451700754483085,23.40446854657513
3.266913856097368,48.40767376077328,23.38913470409952
3.2674138616500272,48.3639316471077,23.37379014296843
3.2679138672026786,48.32047788526873,23.35843493539906
3.268413872755339,48.277315880628585,23.34306922945646
3.268913878307991,48.23444897113325,23.327693251001293
3.2694138838606506,48.19188042638603,23.31230730512277
3.269913889413303,48.14961344682909,23.29691177706829
3.2704138949659622,48.10765116302167,23.281507132677035
3.2709139005186145,48.06599663501498,23.26609391831965
3.271413906071274,48.02465285182413,23.250672760340635
3.271913911623926,47.98362273099832,23.23524436399772
3.2724139171765856,47.94290911828986,23.219809511894525
3.272913922729238,47.90251478742201,23.20436906190706
3.2734139282818973,47.86244243995427,23.188923944612316
3.2739139338345487,47.82269470524291,23.173475160234105
3.274413939387209,47.78327414049288,23.15802377512817
3.274913944939861,47.744183230897605,23.14257091783068
3.2754139504925206,47.70542438986218,23.127117774695392
3.275913956045173,47.66699995930584,23.111665585147637
3.2764139615978323,47.62891221003772,23.09621563658976
3.2769139671504828,47.59116334219961,23.080769258999524
3.277413972703144,47.55375548576812,23.06532781926589
3.2779139782557962,47.5166907011093,23.04989271530704
3.2784139838084556,47.47997097957835,23.034465370015795
3.278913989361108,47.44359824415667,23.019047225079817
3.2794139949137673,47.40757435011807,23.0036397347282
3.2799140004664196,47.37190108571533,22.98824435945828
3.280414006019079,47.33658017287856,22.97286255979704
3.2809140115717312,47.301613267916686,22.95749579014881
3.2814140171243906,47.26700196221535,22.942145492774088
3.281914022677043,47.232747782924974,22.926813091935077
3.2824140282297023,47.19885219363516,22.911499988235164
3.2829140337823546,47.16531659503177,22.8962075531728
3.283414039335014,47.13214232553446,22.880937123926017
3.2839140448876663,47.09933066191301,22.865689998377007
3.2844140504403256,47.06688281988269,22.85046743037607
3.284914055992978,47.0347999546804,22.835270625235168
3.2854140615456373,47.00308316162345,22.820100735439283
3.2859140670982896,46.97173347665192,22.80495885657052
3.286414072650949,46.94075187685447,22.78984602344616
3.2869140782036013,46.910139280976935,22.77476320647409
3.2874140837562607,46.87989654991377,22.759711308227185
3.287914089308913,46.85002448718191,22.744691160237466
3.2884140948615723,46.82052383937672,22.729703520013743
3.2889141004142246,46.79139529660892,22.714749068288725
3.289414105966884,46.76263949292134,22.69982840650381
3.2899141115195363,46.73425700668428,22.6849420545377
3.2904141170721957,46.706248360968914,22.670090448683908
3.290914122624848,46.678614023897936,22.655273939880885
3.2914141281775073,46.6513544089736,22.640492792194152
3.2919141337301596,46.62446987538395,22.625747181545837
3.292414139282819,46.59796072828834,22.61103719468339
3.2929141448354713,46.571827219083495,22.59636282838092
3.2934141503881307,46.54606954565041,22.581723988870166
3.293914155940783,46.52068785258134,22.56712049150501
3.2944141614934424,46.49568223138556,22.552552060668447
3.2949141670460946,46.471052720671885,22.538018329933
3.295414172598754,46.44679930630633,22.523518842484464
3.2959141781514063,46.422921921543896,22.50905305181503
3.2964141837040657,46.3994204471344,22.494620322684824
3.296914189256718,46.37629471140339,22.48021993234597
3.2974141948093774,46.35354449030941,22.465851072019987
3.2979142003620296,46.33116950747864,22.45151284862102
3.298414205914689,46.30916943421718,22.437204286723755
3.2989142114673413,46.28754388950023,22.42292433077867
3.2994142170200007,46.26629243993736,22.408671847578773
3.299914222572653,46.24541459971434,22.39444562897563
3.3004142281253124,46.224909830512416,22.380244394835813
3.3009142336779647,46.20477754140699,22.36606679622641
3.301414239230624,46.185017088747486,22.35191141881674
3.3019142447832763,46.16562777601988,22.33777678648656
3.3024142503359357,46.14660885369268,22.323661365133887
3.302914255888588,46.12795951904659,22.30956356668113
3.3034142614412474,46.10967891598699,22.29548175328263
3.3039142669938997,46.09176613483869,22.281414241735675
3.304414272546559,46.07422021212323,22.26735930809403
3.3049142780992113,46.05704013031968,22.253315192473607
3.3054142836518707,46.04022481761207,22.239280104032645
3.305914289204523,46.02377314762676,22.225252226102057
3.3064142947571824,46.00768393916367,22.211229721442606
3.3069143003098347,45.99195595592354,22.19721073761136
3.307414305862494,45.9765879062329,22.18319341242818
3.3079143114151464,45.96157844276688,22.16917587953772
3.3084143169678057,45.94692616227069,22.15515627406178
3.308914322520458,45.93262960528066,22.14113273833469
3.3094143280731174,45.91868725584606,22.12710342771105
3.3099143336257697,45.90509754125462,22.113066516428788
3.310414339178429,45.89185883176502,22.099020203503173
3.3109143447310814,45.87896944035137,22.08496271862049
3.3114143502837408,45.86642762246456,22.070892327998365
3.311914355836393,45.85423157581521,22.05680734018243
3.3124143613890524,45.842379440182384,22.04270611175039
3.3129143669417047,45.83086929725295,22.028587052892675
3.313414372494364,45.81969917049676,22.01444863283497
3.3139143780470164,45.80886702508358,22.000289385063667
3.3144143835996758,45.79837076784803,21.986107912313077
3.314914389152328,45.78820824730937,21.97190289127101
3.3154143947049874,45.778377253752566,21.957673076959765
3.3159144002576397,45.76887551937698,21.94341730674964
3.316414405810299,45.75970071851961,21.929134503962644
3.3169144113629514,45.75085046795919,21.914823681022497
3.317414416915611,45.74232232730815,21.900483942105296
3.317914422468263,45.73411379949947,21.88611448524581
3.3184144280209216,45.72622233137403,21.871714603861435
3.3189144335735747,45.71864531437218,21.857283687667604
3.319414439126234,45.71138008533103,21.84282122297409
3.3199144446788864,45.70442392738616,21.82832679236705
3.320414450231546,45.69777407097428,21.813800073795942
3.320914455784198,45.69142769493159,21.79924083909596
3.3214144613368575,45.68538192768168,21.78464895198148
3.3219144668895098,45.6796338485057,21.77002436555433
3.322414472442169,45.67418048888632,21.75536711937697
3.3229144779948214,45.66901883391626,21.74067733616546
3.323414483547481,45.664145823762254,21.725955218158106
3.323914489100133,45.65955835517477,21.71120104321677
3.3244144946527916,45.65525328303398,21.69641516071927
3.3249145002054448,45.65122742192217,21.68159798730116
3.325414505758104,45.64747754771346,21.666750002502724
3.3259145113107564,45.64400039917229,21.65187174437247
3.326414516863416,45.6407926795528,21.636963805074814
3.326914522416068,45.637851058191885,21.622026826544516
3.3274145279687266,45.635172172089945,21.60706149622513
3.32791453352138,45.63275262747344,21.59206854292478
3.328414539074039,45.63058900133456,21.57704873281881
3.3289145446266915,45.62867784294343,21.562002865625047
3.329414550179351,45.62701567532921,21.546931770974325
3.329914555732003,45.62559899672692,21.53183630499369
3.3304145612846625,45.62442428198833,21.516717347111467
3.330914566837315,45.62348798395681,21.501575797084143
3.331414572389974,45.62278653480757,21.4864125722342
3.3319145779426256,45.622316347356005,21.47122860488082
3.332414583495286,45.62207381633735,21.456024839941943
3.332914589047938,45.622055319660944,21.440802232686195
3.3334145946005966,45.62225721964175,21.42556174661651
3.33391460015325,45.62267586421096,21.41030435147134
3.334414605705909,45.62330758810782,21.39503102133129
3.3349146112585615,45.62414871405414,21.379742732819
3.335414616811221,45.62519555391314,21.364440463379907
3.335914622363873,45.62644440983455,21.349125189632943
3.3364146279165308,45.6278915753869,21.33379788578128
3.336914633469185,45.6295333366782,21.31845952207645
3.337414639021844,45.63136597346569,21.30311106332884
3.3379146445744956,45.63338576025572,21.287753467456625
3.338414650127156,45.635588967395336,21.27238768406302
3.338914655679808,45.6379718621572,21.257014653029373
3.3394146612324676,45.64053070981991,21.24163530310957
3.33991466678512,45.64326177474624,21.22625055051023
3.3404146723377792,45.64616132146084,21.2108612974437
3.3409146778904306,45.64922561572846,21.195468430647797
3.341414683443091,45.65245092563192,21.18007281987444
3.341914688995743,45.65583352264805,21.16467531635712
3.3424146945484026,45.65936968271996,21.149276751267763
3.342914700101055,45.663055687323634,21.133877934172176
3.3434147056537142,45.66688782452785,21.11847965149134
3.3439147112063665,45.67086239004583,21.10308266497556
3.344414716759026,45.674975688277655,21.08768771019787
3.344914722311678,45.67922403334261,21.072295495069696
3.3454147278643376,45.683603750101696,21.05690669837722
3.34591473341699,45.68811117517042,21.04152196833573
3.3464147389696492,45.692742657921976,21.026141921160985
3.3469147445223006,45.69749456148027,21.01076713965942
3.347414750074961,45.702363263701855,20.99539817184221
3.347914755627613,45.70734515814566,20.980035529569705
3.3484147611802726,45.71243665502861,20.9646796872358
3.348914766732925,45.71763418216543,20.949331080504024
3.3494147722855843,45.72293418588961,20.933990105111462
3.3499147778382365,45.72833313195267,20.91865711575936
3.350414783390896,45.73382750639785,20.903332425111813
3.350914788943548,45.73941381640545,20.88801630292184
3.3514147944962076,45.74508859110664,20.87270897530142
3.35191480004886,45.75084838236411,20.85741062414651
3.3524148056015193,45.75668976551795,20.84212138672693
3.3529148111541716,45.76260934009509,20.826841355448508
3.353414816706831,45.76860373048142,20.811570577795493
3.3539148222594832,45.77466958655431,20.79630905646451
3.3544148278121426,45.78080358427246,20.78105674970949
3.354914833364795,45.7870024262184,20.765813571927296
3.3554148389174543,45.7932628420874,20.750579394521296
3.3559148444701066,45.79958158911716,20.735354047078943
3.356414850022766,45.80595545245401,20.72013731889
3.3569148555754182,45.81238124545298,20.704928960820467
3.3574148611280776,45.81885580991138,20.689728687545653
3.35791486668073,45.82537601623636,20.674536180137707
3.3584148722333893,45.83193876354829,20.65935108899653
3.3589148777860416,45.8385409797228,20.644173037105773
3.359414883338701,45.84517962137559,20.62900162358672
3.3599148888913533,45.85185167379585,20.613836427514684
3.3604148944440126,45.858554150834536,20.59867701195616
3.360914899996665,45.8652840947546,20.583522928182543
3.3614149055493243,45.87203857605003,20.568373720016226
3.3619149111019766,45.87881469324079,20.55322892826436
3.362414916654636,45.88560957265012,20.538088095198617
3.3629149222072883,45.89242036816989,20.522950769044414
3.3634149277599477,45.89924426101858,20.507816508450475
3.3639149333126,45.90607845949585,20.49268488691293
3.3644149388652593,45.9129201987373,20.477555497130524
3.3649149444179116,45.91976674047346,20.462427955265
3.365414949970571,45.92661537279753,20.447301905078064
3.3659149555232233,45.933463409946405,20.432177021913414
3.3664149610758827,45.94030819210095,20.417053016489263
3.366914966628535,45.94714708521072,20.401929638464225
3.3674149721811943,45.953977480849424,20.386806679737944
3.3679149777338466,45.96079679610707,20.371683977448527
3.368414983286506,45.96760247352411,20.356561416630957
3.3689149888391583,45.97439198107246,20.341438932505863
3.3694149943918177,45.98116281218729,20.32631651237348
3.36991499994447,45.98791248585269,20.31119419709161
3.3704150054971294,45.99463854674366,20.29607208212174
3.3709150110497816,46.00133856542656,20.28095031812865
3.371415016602441,46.00801013862011,20.26582911112078
3.3719150221550933,46.014650889518,20.250708722121857
3.3724150277077527,46.02125846817378,20.2355894663705
3.372915033260405,46.02783055194699,20.220471712052813
3.3734150388130644,46.03436484600823,20.20535587858214
3.3739150443657167,46.040859083899534,20.190242434448777
3.374415049918376,46.047311028145096,20.17513189466925
3.3749150554710283,46.05371847090697,20.16002481787065
3.3754150610236877,46.06007923467924,20.144921803049016
3.37591506657634,46.066391173014296,20.129823486042483
3.3764150721289994,46.07265217127518,20.114730535757445
3.3769150776816517,46.07886014740896,20.09964365017936
3.377415083234311,46.08501305273736,20.0845635521916
3.3779150887869633,46.09110887276232,20.06949098521736
3.3784150943396227,46.097145627985,20.054426708693228
3.378915099892275,46.103121374738016,20.03937149337743
3.3794151054449344,46.1090342060304,20.024326116493427
3.3799151109975867,46.11488225240533,20.009291356710836
3.380415116550246,46.12066368280902,19.99426798897302
3.3809151221028984,46.12637670546804,19.979256779188148
3.3814151276555577,46.13201956877162,19.96425847880685
3.38191513320821,46.137590562154855,19.949273819311728
3.3824151387608694,46.1430880169786,19.934303506646543
3.3829151443135217,46.14851030740029,19.919348215621294
3.383415149866181,46.153855851228016,19.904408584342196
3.3839151554188334,46.15912311074801,19.889485208730772
3.3844151609714928,46.16431059351343,19.874578637208582
3.384915166524145,46.16941685308215,19.85968936562729
3.3854151720768044,46.17444048969122,19.844817832522462
3.3859151776294567,46.1793801508576,19.82996441475937
3.386415183182116,46.18423453189611,19.81512942362789
3.3869151887347684,46.18900237634816,19.800313101430334
3.3874151942874278,46.19368247631614,19.78551561859402
3.38791519984008,46.19827367270081,19.7707370713284
3.3884152053927394,46.202774855340174,19.755977479836204
3.3889152109453917,46.2071849630503,19.74123678707797
3.389415216498051,46.21150298356873,19.72651485808608
3.3899152220507034,46.21572795340141,19.71181147982413
3.390415227603363,46.21985895757362,19.69712636158978
3.390915233156015,46.22389512928548,19.682459135958467
3.3914152387086736,46.22783564947284,19.66780936026342
3.3919152442613267,46.23167974627496,19.653176518605733
3.392415249813986,46.23542669441069,19.63856002438401
3.3929152553666384,46.23907581446598,19.623959223325528
3.393415260919298,46.242626472097285,19.60937339699421
3.39391526647195,46.2460780771554,19.594801766743487
3.3944152720246095,46.2494300827364,19.580243498076054
3.3949152775772617,46.2526819841664,19.565697705367057
3.395415283129921,46.255833317927774,19.55116345690328
3.3959152886825734,46.25888366053413,19.536639780193767
3.396415294235233,46.26183262736065,19.52212566750893
3.396915299787885,46.264679871437096,19.50762008160464
3.3974153053405436,46.26742508221108,19.493121961582005
3.3979153108931968,46.2700679842909,19.47863022882494
3.398415316445856,46.27260833617767,19.46414379295489
3.3989153219985084,46.27504592899625,19.44966155774155
3.399415327551168,46.27738058523352,19.435182426916956
3.39991533310382,46.27961215749053,19.420705309851385
3.4004153386564786,46.28174052725265,19.40622912706576
3.4009153442091318,46.28376560367952,19.39175281556865
3.401415349761791,46.2856873224155,19.377275334016304
3.4019153553144434,46.28750564442019,19.36279566769716
3.402415360867103,46.28922055481941,19.348312833341268
3.402915366419755,46.290832061776754,19.33382588375227
3.4034153719724145,46.29234019538721,19.319333912255946
3.403915377525067,46.29374500659408,19.304836056956034
3.404415383077726,46.29504656613129,19.290331504785925
3.4049153886303776,46.29624496349409,19.27581949533784
3.405415394183038,46.297340305941646,19.261299324447748
3.40591539973569,46.298332717535885,19.246770347508573
3.4064154052883486,46.29922233822101,19.23223198248468
3.406915410841002,46.30000932294813,19.217683712599936
3.407415416393661,46.3006938408492,19.203125088673037
3.4079154219463135,46.3012760744644,19.18855573107425
3.408415427498973,46.30175621902741,19.17397533127655
3.408915433051625,46.30213448181257,19.15938365297465
3.4094154386042845,46.302411081548,19.144780532748143
3.409915444156937,46.30258624789679,19.130165880254708
3.410415449709596,46.30266022100695,19.115539677950807
3.4109154552622476,46.30263325112832,19.100901980350383
3.411415460814908,46.30250559829347,19.086252912843264
3.41191546636756,46.30227753205769,19.07159267010367
3.4124154719202195,46.30194933129242,19.05692151412714
3.412915477472872,46.30152128402569,19.04223977193776
3.413415483025531,46.30099368732313,19.027547833006665
3.4139154885781826,46.30036684720344,19.012846146424398
3.414415494130843,46.29964107858176,18.998135217868366
3.414915499683495,46.2988167052347,18.98341560640702
3.4154155052361546,46.29789405978134,18.96868792117877
3.415915510788807,46.29687348367516,18.95395281797866
3.4164155163414662,46.29575532720274,18.939210995781508
3.4169155218941185,46.294539949485184,18.924463193227936
3.417415527446778,46.29322771847807,18.90971018510139
3.41791553299943,46.29181901096538,18.8949527788282
3.4184155385520896,46.29031421254221,18.88019181103364
3.418915544104742,46.28871371758161,18.865428144186595
3.4194155496574012,46.2870179291814,18.850662663360357
3.4199155552100526,46.28522725908805,18.83589627313036
3.420415560762713,46.28334212759581,18.82112989462153
3.420915566315365,46.28136296342097,18.80636446270671
3.4214155718680246,46.2792902035534,18.791600923346024
3.421915577420677,46.277124293089095,18.77684023104277
3.4224155829733363,46.27486568504956,18.762083346379868
3.4229155885259868,46.2725148401949,18.74733123359528
3.423415594078648,46.27007222683764,18.732584858150773
3.4239155996313,46.26753832066397,18.71784518425345
3.4244156051839596,46.26491360456756,18.703113172297705
3.424915610736612,46.26219856849893,18.688389776209803
3.4254156162892713,46.25939370933138,18.67367594068897
3.4259156218419236,46.25649953074336,18.658972598347688
3.426415627394583,46.25351654311652,18.64428066675748
3.4269156329472352,46.25044526344821,18.629601045408137
3.4274156384998946,46.24728621527767,18.6149346125881
3.427915644052547,46.24403992862444,18.600282222194195
3.4284156496052063,46.24070693993848,18.585644700478568
3.4289156551578586,46.23728779206062,18.571022842739367
3.429415660710518,46.233783034192754,18.556417409962577
3.4299156662631702,46.230193221875886,18.54182912542701
3.4304156718158296,46.22651891697354,18.527258671290653
3.430915677368482,46.222760687657,18.512706685181698
3.4314156829211413,46.2189191083888,18.49817375681845
3.4319156884737936,46.214994759901394,18.48366042467941
3.432415694026453,46.21098822916824,18.46916717274325
3.4329156995791053,46.20690010936425,18.454694427318103
3.4334157051317646,46.2027309998123,18.440242553984177
3.433915710684417,46.19848150591155,18.42581185467749
3.4344157162370763,46.19415223904363,18.41140256494191
3.4349157217897286,46.18974381645333,18.397014851372248
3.435415727342388,46.18525686110083,18.382648809269117
3.4359157328950403,46.18069200148224,18.368304460527767
3.4364157384476997,46.17604987141434,18.35398175178814
3.436915744000352,46.17133110978001,18.3396805528714
3.4374157495530113,46.16653636023162,18.32540065552004
3.4379157551056636,46.1616662708519,18.311141772448025
3.438415760658323,46.15672149377256,18.29690353669936
3.4389157662109753,46.15170268475141,18.28268550131125
3.4394157717636347,46.14661050270881,18.268487139278903
3.439915777316287,46.14144560922351,18.25430784382148
3.4404157828689463,46.136208667988,18.240146928950157
3.4409157884215986,46.13090034422386,18.226003630337303
3.441415793974258,46.12552130405718,18.21187710648536
3.4419157995269103,46.12007221385466,18.19776644019487
3.4424158050795697,46.11455373951961,18.18367064033582
3.442915810632222,46.10896654574712,18.16958864392957
3.4434158161848814,46.10331129523726,18.15551931854918
3.4439158217375336,46.09758864786588,18.141461465042383
3.444415827290193,46.09179925981323,18.127413820576063
3.4449158328428453,46.08594378265203,18.11337506199409
3.4454158383955047,46.08002286239714,18.09934380947439
3.445915843948157,46.0740371385193,18.085318630469917
3.4464158495008164,46.067987242924914,18.07129804392325
3.4469158550534686,46.06187379890218,18.0572805247521
3.447415860606128,46.05569742003331,18.043264508609354
3.4479158661587803,46.04945870907207,18.029248396923336
3.4484158717114397,46.04315825678579,18.015230562223223
3.448915877264092,46.0367966407625,18.00120935374936
3.4494158828167514,46.03037442418406,17.987183103340215
3.4499158883694037,46.02389215456831,17.973150131579402
3.450415893922063,46.0173503624836,17.959108754180534
3.4509158994747153,46.01074956023997,17.94505728858401
3.4514159050273747,46.00409024056127,17.930994060737177
3.451915910580027,45.99737287524377,17.91691741202345
3.4524159161326864,45.990597913807136,17.902825706302835
3.4529159216853387,45.98376578214415,17.888717337021916
3.453415927237998,45.976876881176494,17.87459073434769
3.4539159327906503,45.96993158552424,17.860444372274173
3.4544159383433097,45.96293024219794,17.846276775646132
3.454915943895962,45.95587316932254,17.832086527038314
3.4554159494486214,45.94876065490317,17.81787227342656
3.4559159550012737,45.94159295564239,17.80363273258787
3.456415960553933,45.93437029581808,17.789366699169094
3.4569159661065854,45.92709286623087,17.775073050368334
3.4574159716592447,45.91976082322826,17.760750751179074
3.457915977211897,45.91237428781214,17.74639885915647
3.4584159827645564,45.90493334483374,17.732016528676766
3.4589159883172087,45.89743804227884,17.717603014673486
3.459415993869868,45.889888390644245,17.7031576758405
3.4599159994225204,45.88228436240673,17.688679977297156
3.4604160049751798,45.87462589158368,17.67416949271683
3.460916010527832,45.86691287338452,17.659625905927214
3.4614160160804914,45.85914516395057,17.64504901199581
3.4619160216331437,45.85132258018172,17.630438717810634
3.462416027185803,45.8434448996498,17.61579504215692
3.4629160327384554,45.8355118606005,17.601118115276947
3.4634160382911148,45.82752316204713,17.58640817789106
3.463916043843767,45.819478463960166,17.57166557965374
3.4644160493964256,45.81137738755618,17.55689077701966
3.4649160549490787,45.803219515689214,17.54208433050006
3.465416060501738,45.79500439334581,17.527246901300103
3.4659160660543904,45.786731528243,17.512379247340306
3.46641607160705,45.778400391526944,17.497482218677888
3.466916077159702,45.770010418568205,17.482556752351357
3.4674160827123615,45.761561009849686,17.46760386667539
3.4679160882650137,45.75305153194167,17.452624655019847
3.468416093817673,45.74448131855766,17.437620279113773
3.4689160993703254,45.73584967168322,17.422591961925463
3.469416104922985,45.72715586276852,17.407540980176705
3.469916110475637,45.71839913397487,17.392468656555636
3.4704161160282956,45.70957869946502,17.377376351694124
3.4709161215809488,45.700693746726905,17.362265455975873
3.471416127133608,45.69174343792085,17.347137381240685
3.4719161326862604,45.68272691123957,17.331993552453824
3.47241613823892,45.67364328226964,17.316835399414245
3.472916143791572,45.66449164534232,17.301664348581482
3.4734161493442306,45.6552710748613,17.286481815101055
3.4739161548968838,45.64598062659584,17.271289195104245
3.474416160449543,45.63661933892978,17.256087858345225
3.4749161660021954,45.62718623405914,17.24087914122275
3.475416171554855,45.61768031913344,17.22566434021708
3.475916177107507,45.608100587338704,17.210444705757993
3.4764161826601665,45.59844601892085,17.195221436530062
3.476916188212819,45.58871558214962,17.17999567421583
3.477416193765478,45.57890823422308,17.164768498675528
3.4779161993181296,45.56902292211292,17.149540923563123
3.47841620487079,45.55905858334992,17.134313892381257
3.478916210423442,45.549014146749045,17.119088274979717
3.4794162159761006,45.53888853307263,17.10386486450676
3.479916221528754,45.52868065563009,17.088644374824497
3.480416227081413,45.51838942081211,17.073427438400003
3.4809162326340655,45.50801372855825,17.058214604680714
3.481416238186725,45.49755247275685,17.04300633896024
3.481916243739377,45.487004541576766,17.027803021738436
3.4824162492920356,45.47636881772976,17.01260494858228
3.482916254844689,45.46564417866245,16.997412330495862
3.483416260397348,45.454829496676325,16.982225294807876
3.4839162659499996,45.44392363897541,16.967043886580143
3.48441627150266,45.43292546764198,16.95186807053412
3.484916277055312,45.42183383954188,16.936697733484294
3.4854162826079715,45.41064760616172,16.921532687264687
3.485916288160624,45.39936561338027,16.906372672131255
3.486416293713283,45.38798670117696,16.891217360622306
3.4869162992659346,45.37650970328071,16.876066361854072
3.487416304818595,45.36493344676315,16.860919226225263
3.487916310371247,45.35325675158065,16.84577545050047
3.4884163159239057,45.34147843007004,16.830634483240132
3.488916321476559,45.329597286402894,16.815495730544484
3.4894163270292182,45.31761211600383,16.800358562075303
3.4899163325818705,45.30552170493876,16.785222317314933
3.49041633813453,45.29332482928054,16.770086312013746
3.490916343687182,45.28102025446077,16.754949844767467
3.4914163492398416,45.26860673461748,16.73981220365836
3.491916354792494,45.25608301194973,16.724672672888687
3.4924163603451532,45.24344781608965,16.709530539334637
3.4929163658978046,45.23069986350266,16.694385098949567
3.493416371450465,45.2178378569261,16.67923566294745
3.493916377003117,45.20486048485644,16.664081563699526
3.4944163825557766,45.19176642109435,16.648922160279824
3.494916388108429,45.178554324356696,16.633756843600082
3.4954163936610883,45.16522283796223,16.618585041087385
3.4959163992137405,45.15177058959578,16.60340622087108
3.4964164047664,45.13819619115382,16.58821989545943
3.496916410319052,45.12449823867336,16.573025624890988
3.4974164158717116,45.11067531234572,16.557823019349186
3.497916421424364,45.09672597661642,16.542611741230758
3.4984164269770233,45.08264878037154,16.527391506663733
3.4989164325296755,45.06844225721016,16.512162086476692
3.499416438082335,45.054104925801255,16.49692330662775
3.499916443634987,45.039635290322856,16.48167504810776
3.5004164491876466,45.02503184097983,16.46641724633858
3.500916454740299,45.0102930545959,16.45114989009525
3.5014164602929583,44.99541739527422,16.43587301998815
3.5019164658456106,44.98040331511969,16.420586726548223
3.50241647139827,44.96524925501633,16.405291147959844
3.5029164769509222,44.9499536454526,16.389986467485357
3.5034164825035816,44.9345149073885,16.37467291062211
3.503916488056234,44.91893145315838,16.359350742030514
3.5044164936088933,44.90320168740364,16.34402026227106
3.5049164991615456,44.88732400802916,16.32868180438996
3.505416504714205,44.87129680717701,16.313335730395366
3.5059165102668572,44.85511847221105,16.297982427665062
3.5064165158195166,44.8387873867061,16.282622305327493
3.506916521372169,44.82230193143537,16.267255790656392
3.5074165269248283,44.80566048535052,16.25188332551666
3.5079165324774806,44.78886142654815,16.236505362900047
3.50841653803014,44.77190313321661,16.221122363593395
3.5089165435827923,44.7547839845559,16.205734793023794
3.5094165491354516,44.737502361664376,16.190343118324435
3.509916554688104,44.72005664838652,16.174947805656856
3.5104165602407633,44.70244523211808,16.15954931781536
3.5109165657934156,44.68466650456609,16.144148112128903
3.511416571346075,44.6667188624626,16.128744638667484
3.5119165768987273,44.64860070823201,16.11333933875477
3.5124165824513867,44.63031045061197,16.097932643785413
3.512916588004039,44.61184650522797,16.08252497434715
3.5134165935566983,44.5932072951212,16.06711673965033
3.5139165991093506,44.574391251229,16.05170833726723
3.51441660466201,44.555396812818536,16.036300153179084
3.5149166102146623,44.53622242787476,16.02089256212207
3.5154166157673217,44.516866553445,16.00548592821687
3.515916621319974,44.49732765594348,15.990080605859106
3.5164166268726333,44.4776042114208,15.974676940838137
3.5169166324252856,44.45769470580457,15.959275271640877
3.517416637977945,44.437597635119445,15.94387593088723
3.5179166435305973,44.41731150569559,15.92847924683457
3.5184166490832567,44.39683483437662,15.913085544879578
3.518916654635909,44.376166148737646,15.897695148984113
3.5194166601885684,44.35530398732367,15.882308382956964
3.5199166657412206,44.33424689991647,15.86692557153694
3.52041667129388,44.312993447835126,15.85154704124018
3.5209166768465323,44.29154220427368,15.83617312095086
3.5214166823991917,44.26989175467633,15.820804142247908
3.521916687951844,44.24804069715,15.805440439470985
3.5224166935045034,44.22598764291169,15.790082349539889
3.5229166990571557,44.203731216767,15.774730211551258
3.523416704609815,44.18127005761512,15.75938436618388
3.5239167101624673,44.15860281897515,15.74404515494463
3.5244167157151267,44.13572816952984,15.728712919281207
3.524916721267779,44.112644793684325,15.713387999577122
3.5254167268204384,44.08935139213848,15.69807073403615
3.5259167323730907,44.06584668247258,15.68276145745881
3.52641673792575,44.0421293997456,15.667460499914782
3.5269167434784023,44.01819829710427,15.652168185321417
3.5274167490310617,43.99405214640064,15.636884829944918
3.527916754583714,43.96968973881432,15.621610740846918
3.5284167601363734,43.94510988547592,15.606346214301084
3.5289167656890257,43.920311418087024,15.591091534208374
3.529416771241685,43.89529318953219,15.575846970541916
3.5299167767943374,43.87005407447762,15.560612777856448
3.5304167823469967,43.84459296995191,15.54538919389222
3.530916787899649,43.81890879590543,15.530176438296609
3.5314167934523084,43.79300049574583,15.514974711479226
3.5319167990049607,43.76686703684796,15.499784193612044
3.53241680455762,43.740507411036816,15.484605043783333
3.5329168101102724,43.71392063504285,15.469437399310491
3.5334168156629318,43.68710575092956,15.454281375209987
3.533916821215584,43.6600618264952,15.439137063814456
3.5344168267682434,43.63278795565083,15.424004534519485
3.5349168323208957,43.60528325877779,15.408883833641042
3.535416837873555,43.57754688306623,15.393774984371106
3.5359168434262074,43.54957800283515,15.37867798682926
3.5364168489788668,43.52137581983209,15.363592818221292
3.536916854531519,43.4929395635091,15.348519433127862
3.5374168600841784,43.46426849127083,15.333457763950946
3.5379168656368307,43.43536188869112,15.318407721541774
3.53841687118949,43.40621906969665,15.303369196019773
3.5389168767421424,43.37683937671923,15.28834205777258
3.539416882294802,43.347222180820566,15.27332615861009
3.539916887847454,43.31736688179451,15.258321333039376
3.5404168934001135,43.28727290825129,15.24332739963053
3.5409168989527657,43.25693971768638,15.22834416245459
3.541416904505425,43.22636679653525,15.2133714125858
3.5419169100580774,43.19555366021379,15.198408929668432
3.542416915610737,43.16449985314346,15.183456483554508
3.542916921163389,43.133204948760365,15.16851383601866
3.5434169267160476,43.101668549507416,15.153580742553544
3.5439169322687007,43.06989028681008,15.138656954244397
3.54441693782136,43.03786982103552,15.123742219721436
3.5449169433740124,43.00560684143528,15.108836287190698
3.545416948926672,42.97310106607065,15.093938906548374
3.545916954479324,42.94035224172005,15.079049831581855
3.5464169600319826,42.90736014376933,15.064168822253636
3.5469169655846358,42.87412457608676,15.0492956470532
3.547416971137295,42.84064537088595,15.03443008539648
3.5479169766899474,42.806922388579686,15.01957193005218
3.548416982242607,42.77295551762721,15.004720989577734
3.548916987795259,42.73874467437711,14.989877090749587
3.5494169933479185,42.70428980290807,14.975040080973116
3.5499169989005708,42.669590874870096,14.960209830653753
3.55041700445323,42.634647889329855,14.945386235504856
3.5509170100058816,42.59946087262463,14.930569218761164
3.551417015558542,42.56402987823032,14.915758733261328
3.551917021111194,42.52835498664896,14.900954763361966
3.5524170266638526,42.49243630532087,14.886157326648814
3.552917032216506,42.45627396856588,14.871366475413396
3.553417037769165,42.4198681375582,14.8565822978659
3.5539170433218175,42.383219000338606,14.841804919056315
3.554417048874477,42.346326771868064,14.827034501478352
3.554917054427129,42.30919169412547,14.812271245334657
3.5554170599797885,42.27181403625259,14.797515388443683
3.555917065532441,42.23419409474853,14.782767205772103
3.5564170710851,42.19633219371514,14.768027008580276
3.5569170766377516,42.15822868515482,14.753295143173377
3.557417082190412,42.11988394932076,14.738571989253929
3.557917087743064,42.08129839512019,14.723857957874046
3.5584170932957235,42.04247246057049,14.709153488985791
3.558917098848376,42.003406613307845,14.69445904859154
3.559417104401035,41.96410135114707,14.679775125503866
3.5599171099536866,41.92455720268935,14.665102227734138
3.560417115506347,41.884774727973806,14.650440878538944
3.560917121058999,41.84475451916681,14.63579161216299
3.5614171266116577,41.80449720128196,14.621154969327122
3.561917132164311,41.76400343292187,14.60653149251972
3.56241713771697,41.72327390703255,14.591921721153524
3.5629171432696225,41.68230935166088,14.577326186652314
3.563417148822282,41.64111053070568,14.5627454075307
3.563917154374934,41.599678244652914,14.54817988453074
3.5644171599275936,41.558013331286375,14.53363009587494
3.564917165480246,41.51611666636538,14.51909649269055
3.5654171710329052,41.47398916426314,14.504579494650612
3.5659171765855566,41.43163177855996,14.490079485869074
3.566417182138217,41.38904550258746,14.475596811078006
3.566917187690869,41.34623136992127,14.461131772102732
3.5674171932435286,41.303190454821646,14.446684624639431
3.567917198796181,41.259923872622736,14.432255575331354
3.5684172043488402,41.21643278007143,14.417844779135224
3.5689172099014916,41.172718375617336,14.403452336970815
3.569417215454152,41.12878189965393,14.389078293650796
3.569917221006804,41.08462463471071,14.374722636093663
3.5704172265594636,41.04024790559532,14.36038529182683
3.570917232112116,40.9956530794846,14.346066127786912
3.5714172376647753,40.95084156596372,14.3317649494236
3.5719172432174275,40.90581481701264,14.317481500112152
3.572417248770087,40.860574326938966,14.303215460881988
3.572917254322739,40.815121632255575,14.288966450472216
3.5734172598753986,40.76945831150082,14.274734025728565
3.573917265428051,40.723585984999154,14.26051768235827
3.5744172709807103,40.677506314559466,14.246316856060858
3.5749172765333617,40.63122100310896,14.2321309240497
3.575417282086022,40.58473179426149,14.217959206972878
3.5759172876386742,40.538040471820274,14.203800971233946
3.5764172931913336,40.49114885921636,14.189655431704267
3.576917298743986,40.444058818885416,14.175521754809182
3.5774173042966453,40.39677225158668,14.161399061963124
3.5779173098492976,40.34929109566832,14.147286433324863
3.578417315401957,40.301617326283726,14.133182911842312
3.5789173209546092,40.25375295456336,14.119087507556417
3.5794173265072686,40.20570002674735,14.104999202129392
3.579917332059921,40.15746062328455,14.09091695355822
3.5804173376125803,40.10903685790479,14.076839701027891
3.5809173431652326,40.06043087667193,14.06276636985342
3.581417348717892,40.01164485702615,14.048695876453507
3.5819173542705443,39.96268100682431,14.034627133295018
3.5824173598232036,39.91354156338772,14.02055905374658
3.582917365375856,39.86422879256529,14.006490556784216
3.5834173709285153,39.81474498782043,13.992420571495812
3.5839173764811676,39.76509246934808,13.978348041337242
3.584417382033827,39.715273583228246,13.964271928099222
3.5849173875864793,39.66529070062065,13.950191215552408
3.5854173931391387,39.61514621700396,13.936104912746956
3.585917398691791,39.56484255146228,13.92201205694873
3.5864174042444503,39.514382146020765,13.907911716197844
3.5869174097971026,39.463767465031815,13.89380299148155
3.587417415349762,39.41300099461121,13.879685018523958
3.5879174209024143,39.36208524212161,13.8655569692107
3.5884174264550737,39.31102273569894,13.851418052678753
3.588917432007726,39.259816023816455,13.837267516107984
3.5894174375603853,39.20846767488099,13.823104645249131
3.5899174431130376,39.156980276857794,13.808928764716724
3.590417448665697,39.10535643692074,13.794739238065404
3.5909174542183493,39.05359878112676,13.780535467659732
3.5914174597710087,39.00170995411349,13.766316894343362
3.591917465323661,38.949692618819626,13.752082996912762
3.5924174708763204,38.89754945622627,13.73783329140538
3.5929174764289726,38.84528316511723,13.723567330218517
3.593417481981632,38.79289646185454,13.709284701082597
3.5939174875342843,38.740392080165535,13.694985025915798
3.5944174930869437,38.687772770937976,13.680667959583715
3.594917498639596,38.63504130202058,13.666333188581971
3.5954175041922554,38.58220045802729,13.65198042965484
3.5959175097449076,38.5292530401433,13.637609428362495
3.596417515297567,38.47620186593089,13.623219957612092
3.5969175208502193,38.42304976913184,13.608811816173445
3.5974175264028787,38.36979959946299,13.59438482720519
3.597917531955531,38.3164542224004,13.57993883682188
3.5984175375081904,38.26301651894728,13.56547371273534
3.5989175430608427,38.20948938538061,13.550989343007773
3.599417548613502,38.15587573296996,13.536485634958892
3.5999175541661543,38.1021784876626,13.521962514271053
3.6004175597188137,38.04840058972921,13.507419924329753
3.600917565271466,37.99454499336683,13.492857825825569
3.6014175708241254,37.940614666257765,13.478276196625757
3.6019175763767777,37.886612589085765,13.463675031908052
3.602417581929437,37.83254175501277,13.449054344535083
3.6029175874820893,37.77840516912152,13.43441416563418
3.6034175930347487,37.72420584783093,13.419754545335891
3.603917598587401,37.6699468182927,13.405075553614694
3.6044176041400604,37.61563111777826,13.390377281169677
3.6049176096927127,37.56126179306531,13.375659840283332
3.605417615245372,37.506841899832295,13.360923365601463
3.6059176207980244,37.45237450206827,13.346168014783558
3.6064176263506837,37.39786267150508,13.331393968977665
3.606917631903336,37.34330948707759,13.316601433080706
3.6074176374559954,37.288718034416384,13.30179063575372
3.6079176430086477,37.23409140537578,13.286961829174558
3.608417648561307,37.17943269759719,13.272115288527344
3.6089176541139594,37.124745014105855,13.257251311242996
3.6094176596666188,37.07003146293726,13.242370216017164
3.609917665219271,37.01529515678865,13.22747234163721
3.6104176707719304,36.96053921269072,13.21255804565324
3.6109176763245827,36.90576675169455,13.197627702927392
3.611417681877242,36.85098089856886,13.182681704096892
3.6119176874298944,36.79618478150244,13.167720453985991
3.6124176929825538,36.74138153180637,13.152744370005806
3.612917698535206,36.686574283609566,13.137753880586374
3.6134177040878654,36.63176617354104,13.1227494236892
3.6139177096405177,36.5769603403916,13.107731445449105
3.614417715193177,36.522159924749744,13.09270039898523
3.6149177207458294,36.46736806860788,13.077656743406736
3.615417726298489,36.41258791493844,13.062600943019817
3.615917731851141,36.35782260724094,13.047533466727243
3.6164177374037996,36.30307528906345,13.032454787601267
3.6169177429564527,36.24834910350164,13.01736538260657
3.617417748509112,36.19364719267933,13.002265732449132
3.6179177540617644,36.13897269721392,12.987156321528571
3.618417759614424,36.084328755670015,12.972037637972292
3.618917765167076,36.029718504004464,12.956910173730478
3.6194177707197346,35.97514507500606,12.941774424710715
3.6199177762723878,35.92061159773333,12.926630890930156
3.620417781825047,35.866121196953365,12.911480076665214
3.6209177873776994,35.81167699258451,12.896322490582108
3.621417792930359,35.75728209914479,12.881158645834075
3.621917798483011,35.70293962520855,12.865989060110962
3.6224178040356705,35.64865267287378,12.850814255625297
3.6229178095883228,35.594424337242174,12.835634759020792
3.623417815140982,35.54025770591397,12.820451101190711
3.6239178206936344,35.48615585849929,12.80526381699589
3.624417826246294,35.43212186614743,12.79007344487144
3.624917831798946,35.37815879109593,12.774880526313568
3.6254178373516046,35.32426968623995,12.759685605240604
3.625917842904258,35.27045759472263,12.74448922722796
3.626417848456917,35.21672554954532,12.729291938622566
3.6269178540095695,35.16307657319578,12.714094285552775
3.627417859562229,35.109513677290536,12.698896812861705
3.627917865114881,35.056039862225646,12.683700063001922
3.6284178706675396,35.00265811683079,12.668504574931475
3.628917876220193,34.94937141802144,12.65331088304633
3.629417881772852,34.896182730445574,12.63811951617545
3.6299178873255036,34.843095006122525,12.622930996656764
3.630417892878164,34.790111184072224,12.60774583950679
3.630917898430816,34.7372341899345,12.592564551688568
3.6314179039834755,34.68446693557883,12.577387631475377
3.631917909536128,34.631812318706324,12.562215567900084
3.632417915088787,34.579273222445885,12.547048840276744
3.6329179206414386,34.52685251494766,12.531887917775675
3.633417926194099,34.4745530489769,12.516733259030945
3.633917931746751,34.42237766151179,12.501585311755846
3.6344179372994097,34.37032917334943,12.486444512340311
3.634917942852063,34.31841038872393,12.471311285402804
3.635417948404722,34.266624094940425,12.45618604327123
3.6359179539573745,34.21497306202817,12.441069185372584
3.636417959510034,34.163460042414485,12.42596109751996
3.636917965062686,34.11208777062023,12.410862151092232
3.6374179706153456,34.06085896297712,12.395772702106427
3.637917976167998,34.0097763173667,12.380693090183795
3.6384179817206572,33.95884251298138,12.365623637408277
3.6389179872733086,33.90806021010801,12.350564647074847
3.639417992825969,33.857432049934495,12.335516402325212
3.639917998378621,33.80696065437952,12.320479164669862
3.6404180039312806,33.75664862594597,12.30545317239529
3.640918009483933,33.70649854759831,12.29043863885353
3.6414180150365922,33.656512982664935,12.275435750627992
3.6419180205892445,33.60669447476686,12.260444665568071
3.642418026141904,33.557045547773214,12.245465510687552
3.642918031694556,33.50756870578301,12.230498379933522
3.6434180372472156,33.45826643312971,12.215543331849318
3.643918042799868,33.409141194403105,12.200600387170084
3.6444180483525273,33.360195434481284,12.185669526402435
3.6449180539051795,33.311431578564594,12.170750687444908
3.645418059457839,33.26285203220381,12.155843763303936
3.645918065010491,33.21445918131556,12.140948599954656
3.6464180705631506,33.166255392179394,12.126064994386384
3.646918076115803,33.118243011411465,12.111192692868345
3.6474180816684623,33.07042436591031,12.096331389468418
3.6479180872211137,33.022801762770115,12.081480724856943
3.648418092773774,32.975377489157424,12.066640285426004
3.648918098326426,32.92815381214688,12.051809602754377
3.6494181038790856,32.88113297851223,12.036988153445977
3.649918109431738,32.83431721446944,12.022175359364454
3.6504181149843973,32.78770872537012,12.007370588277425
3.6509181205370496,32.741309695344185,11.992573154918505
3.651418126089709,32.69512228689089,11.977782322474384
3.6519181316423612,32.64914864041681,11.962997304506716
3.6524181371950206,32.603390873719846,11.948217267317403
3.652918142747673,32.55785108141859,11.933441332761262
3.6534181483003323,32.5125313343283,11.918668581499318
3.6539181538529846,32.46743367878589,11.903898056675176
3.654418159405644,32.4225601359283,11.88912876798588
3.6549181649582962,32.37791270092946,11.874359696110616
3.6554181705109556,32.33349334220149,11.859589797458142
3.655918176063608,32.28930400056574,11.844818009195407
3.6564181816162673,32.24534658839846,11.830043254522336
3.6569181871689196,32.20162298875596,11.81526444816015
3.657418192721579,32.15813505448376,11.800480502021545
3.6579181982742313,32.114884607314714,11.78569033102812
3.6584182038268906,32.07187343696208,11.770892859032555
3.658918209379543,32.0291033002143,11.756087024798449
3.6594182149322023,31.986575920038725,11.741271787987955
3.6599182204848546,31.94429298470058,11.726446135110123
3.660418226037514,31.902256146904065,11.71160908538468
3.6609182315901663,31.86046702296141,11.6967596964775
3.6614182371428257,31.81892719199569,11.681897070067194
3.661918242695478,31.7776381951822,11.66702035720904
3.6624182482481373,31.73660153503169,11.652128763470984
3.6629182538007896,31.69581867471844,11.637221553821846
3.663418259353449,31.65529103745582,11.622298057250262
3.6639182649061013,31.615020005923764,11.607357671083989
3.6644182704587607,31.575006921753992,11.592399864966652
3.664918276011413,31.53525308508009,11.577424184441398
3.6654182815640723,31.49575975415995,11.562430254087332
3.6659182871167246,31.456528145077627,11.547417780158256
3.666418292669384,31.41755943153047,11.532386552681048
3.6669182982220363,31.378854744705304,11.517336446985396
3.6674183037746957,31.34041517324505,11.502267424653825
3.667918309327348,31.3022417633046,11.48717953389894
3.6684183148800074,31.264335518692583,11.47207290938914
3.6689183204326596,31.22669740109457,11.456947771552365
3.669418325985319,31.189328330373165,11.441804425388582
3.6699183315379713,31.15222918494029,11.426643258822068
3.6704183370906307,31.115400802197307,11.411464740621994
3.670918342643283,31.078843979038663,11.396269417920692
3.6714183481959424,31.042559472414474,11.381057913359244
3.6719183537485947,31.006547999947763,11.365830921889057
3.672418359301254,30.97081024060237,11.350589207256576
3.6729183648539063,30.935346835397475,11.335333598196286
3.6734183704065657,30.90015838816504,11.320064984358185
3.673918375959218,30.865245466345577,11.304784311999114
3.6744183815118774,30.83060860181711,11.289492579472665
3.6749183870645297,30.79624829175154,11.274190832557409
3.675418392617189,30.762164999492164,11.258880159664642
3.6759183981698413,30.72835915544684,11.243561686964185
3.6764184037225007,30.694831157991956,11.228236573459412
3.676918409275153,30.66158137438392,11.212906006034316
3.6774184148278124,30.628610141675427,11.19757119448984
3.6779184203804647,30.595917767634443,11.182233366582494
3.678418425933124,30.563504531664545,11.166893763073915
3.6789184314857764,30.53137068572589,11.151553632794574
3.6794184370384357,30.499516455256988,11.136214227719066
3.679918442591088,30.467942040097817,11.120876798048217
3.6804184481437474,30.436647615414195,11.105542587296412
3.6809184536963997,30.40563333262248,11.090212827390047
3.681418459249059,30.374899320312124,11.074888733792989
3.6819184648017114,30.344445685162235,11.059571500684228
3.6824184703543708,30.314272512847328,11.044262296221248
3.682918475907023,30.28437986892657,11.028962257927349
3.6834184814596824,30.254767799711274,11.01367248823945
3.6839184870123347,30.22543633310626,10.998394050245524
3.684418492564994,30.196385479422176,10.983127963631604
3.6849184981176464,30.167615232156727,10.967875200851893
3.6854185036703058,30.139125568743257,10.95263668353148
3.685918509222958,30.110916451265275,10.937413279111452
3.6864185147756174,30.082987827134964,10.922205797749186
3.6869185203282697,30.055339629733,10.9070149894915
3.687418525880929,30.02797177900682,10.891841541740902
3.6879185314335814,30.000884182024024,10.87668607703668
3.688418536986241,29.97407673347817,10.861549151170692
3.688918542538893,29.94754931614425,10.846431251655744
3.6894185480915516,29.92130180128146,10.83133279656279
3.6899185536442047,29.89533404898075,10.816254133744636
3.690418559196864,29.86964590845384,10.80119554046928
3.6909185647495164,29.84423721825957,10.786157223491102
3.691418570302176,29.81910780646381,10.771139319586736
3.691918575854828,29.794257490730256,10.756141896574247
3.6924185814074866,29.769686078341515,10.741164954819396
3.6929185869601397,29.7453933661521,10.726208429217325
3.693418592512799,29.7213791404766,10.71127219162672
3.6939185980654514,29.697643176917133,10.696356053726362
3.694418603618111,29.67418524013439,10.681459770264482
3.694918609170763,29.651005083565693,10.66658304267476
3.6954186147234225,29.628102449093262,10.651725523037925
3.6959186202760748,29.60547706666525,10.63688681836888
3.696418625828734,29.58312865387374,10.622066495200286
3.6969186313813864,29.56105691549605,10.607264084417151
3.697418636934046,29.53926154300801,10.592479086280363
3.697918642486698,29.51774221407954,10.577710975565791
3.6984186480393566,29.496498592063112,10.562959206742846
3.6989186535920098,29.475530325485995,10.54822321911574
3.699418659144669,29.45483704755617,10.533502441855331
3.6999186646973214,29.434418375691187,10.518796298856486
3.700418670249981,29.414273911077032,10.504104213368676
3.700918675802633,29.394403238262363,10.4894256123619
3.7014186813552925,29.374805924791804,10.474759930600657
3.701918686907945,29.35548152088132,10.460106614403898
3.702418692460604,29.336429559138,10.445465125073156
3.7029186980132556,29.31764955432635,10.4308349419739
3.703418703565916,29.299141003182328,10.416215565259776
3.703918709118568,29.280903384276385,10.401606518230452
3.7044187146712275,29.26293615792673,10.387007349314077
3.70491872022388,29.24523876616395,10.372417633665066
3.705418725776539,29.227810632748145,10.357836974368098
3.7059187313291906,29.210651163239696,10.343265003240788
3.706418736881851,29.19375974512389,10.328701381231935
3.706918742434503,29.17713574798892,10.314145798418537
3.7074187479871616,29.16077852375581,10.2995979736111
3.707918753539815,29.14468740695844,10.285057653580168
3.708418759092474,29.128861715071263,10.270524611920225
3.7089187646451265,29.113300748881645,10.25599864757308
3.709418770197786,29.09800379290153,10.241479583047392
3.709918775750438,29.082970115810998,10.226967262387674
3.7104187813030975,29.068198970923845,10.212461548961985
3.71091878685575,29.05368959666538,10.19796232313942
3.711418792408409,29.039441217053525,10.183469479919085
3.7119187979610606,29.025453042177062,10.16898292655634
3.712418803513721,29.011724268665876,10.15450258022176
3.712918809066373,28.998254080149195,10.140028365722372
3.7134188146190326,28.98504164769828,10.125560213310834
3.713918820171685,28.972086130251,10.111098056600111
3.7144188257243442,28.95938667501777,10.096641830589192
3.7149188312769956,28.94694241786908,10.082191469797069
3.715418836829656,28.934752483705875,10.067746906497431
3.715918842382308,28.922815986813845,10.053308069046722
3.7164188479349676,28.911132031202776,10.038874880297
3.71691885348762,28.8996997109329,10.02444725608106
3.7174188590402792,28.888518110431107,10.010025103748774
3.7179188645929315,28.877586304801262,9.995608320725466
3.718418870145591,28.86690336013329,9.981196793058814
3.718918875698243,28.856468333816004,9.966790393919029
3.7194188812509026,28.84628027485816,9.952388982020864
3.719918886803555,28.836338224221397,9.937992399941024
3.7204188923562143,28.82664121516794,9.923600472310682
3.7209188979088657,28.81718827362513,9.909213003868745
3.721418903461526,28.807978418567863,9.894829777368171
3.721918909014178,28.79901066241939,9.880450551331704
3.7224189145668376,28.79028401147059,9.86607505765764
3.72291892011949,28.7817974663171,9.851702999078595
3.7234189256721493,28.77355002231376,9.83733404647883
3.7239189312248016,28.765540670044388,9.822967836083109
3.724418936777461,28.75776839580401,9.808603966539422
3.7249189423301132,28.750232182088617,9.79424199592964
3.7254189478827726,28.742931008086607,9.77988143875109
3.725918953435425,28.73586385016465,9.765521762921368
3.7264189589880843,28.72902968233932,9.7511623868685
3.7269189645407366,28.7224274767244,9.73680267677902
3.727418970093396,28.71605620394267,9.722441944085771
3.7279189756460482,28.70991483349009,9.708079443282074
3.7284189811987076,28.704002334040705,9.693714370146296
3.72891898675136,28.69831767368185,9.679345860453566
3.7294189923040193,28.6928598200707,9.664972989239049
3.7299189978566716,28.687627740504936,9.650594770665805
3.730419003409331,28.68262040190171,9.63621015853974
3.7309190089619833,28.67783677068033,9.621818047507062
3.7314190145146426,28.67327581254466,9.607417274962572
3.731919020067295,28.66893649216245,9.593006623691352
3.7324190256199543,28.664817772739116,9.578584825261714
3.7329190311726066,28.660918615484228,9.564150564183947
3.733419036725266,28.657237978969743,9.5497024828433
3.7339190422779183,28.65377481838039,9.53523918720471
3.7344190478305777,28.650528084659,9.52075925327128
3.73491905338323,28.64749672355171,9.506261234262254
3.7354190589358893,28.64467967455984,9.491743668462531
3.7359190644885416,28.642075869806437,9.477205087687736
3.736419070041201,28.63968423282634,9.462644026302442
3.7369190755938533,28.6375036772894,9.448059030722888
3.7374190811465127,28.635533105667378,9.433448669329463
3.737919086699165,28.633771407856088,9.418811542707388
3.7384190922518243,28.63221745976557,9.40414629412362
3.7389190978044766,28.63087012189284,9.38945162013637
3.739419103357136,28.629728237893413,9.374726281221342
3.7399191089097883,28.62879063316807,9.359969112295886
3.7404191144624477,28.628056113480696,9.345179033028458
3.7409191200151,28.627523463620257,9.330355057838688
3.7414191255677594,28.62719144611737,9.315496305513108
3.7419191311204116,28.62705880002376,9.300602008376444
3.742419136673071,28.627124239761777,9.285671520966917
3.7429191422257233,28.627386454050807,9.270704328166149
3.7434191477783827,28.627844104917315,9.255700052734554
3.743919153331035,28.628495826795685,9.240658462200573
3.7444191588836944,28.629340225727372,9.225579475048889
3.7449191644363466,28.630375878666637,9.210463166147846
3.745419169989006,28.63160133290119,9.195309771354744
3.7459191755416583,28.633015105595888,9.180119691240732
3.7464191810943177,28.634615683465864,9.16489349388688
3.74691918664697,28.636401522584087,9.14963191671653
3.7474191921996294,28.638371048325677,9.13433586734449
3.7479191977522817,28.64052265544972,9.119006423437725
3.748419203304941,28.642854708317525,9.103644831593869
3.7489192088575933,28.64536554124473,9.088252505254816
3.7494192144102527,28.648053458983945,9.072831021679036
3.749919219962905,28.650916737333823,9.057382118000731
3.7504192255155644,28.653953623870063,9.041907686407512
3.7509192310682167,28.65716233879318,9.026409768472618
3.751419236620876,28.660541075887732,9.01089054867974
3.7519192421735283,28.664088003587626,8.995352347177587
3.7524192477261877,28.667801266142423,8.979797611800308
3.75291925327884,28.671678984879897,8.964228909387572
3.7534192588314994,28.675719259560157,8.948648916436639
3.7539192643841517,28.679920169816903,8.93306040911824
3.754419269936811,28.68427977668086,8.917466252691554
3.7549192754894634,28.688796124179188,8.901869390361355
3.7554192810421227,28.69346724100329,8.886272831632624
3.755919286594775,28.69829114223618,8.870679640225774
3.7564192921474344,28.70326583112973,8.855092921621377
3.7569192977000867,28.70838930092244,8.839515810302998
3.757419303252746,28.71365953668822,8.82395145676574
3.7579193088053984,28.71907451720728,8.808403014355406
3.7584193143580578,28.724632216850598,8.792873626000272
3.75891931991071,28.73033060746944,8.777366410896548
3.7594193254633694,28.736167660282145,8.761884451205162
3.7599193310160217,28.74214134775044,8.746430778815693
3.760419336568681,28.748249645438108,8.731008362229971
3.7609193421213334,28.75449053384456,8.715620093620032
3.7614193476739928,28.76086200020496,8.700268776121703
3.761919353226645,28.767362040247043,8.684957111436063
3.7624193587793036,28.77398865989362,8.669687687819504
3.7629193643319567,28.780739876899,8.654462968548927
3.763419369884616,28.787613722407897,8.639285280946183
3.7639193754372684,28.794608242427618,8.62415680602993
3.764419380989928,28.80172149920761,8.609079568839093
3.76491938654258,28.80895157252337,8.59405542945126
3.7654193920952386,28.816296560862423,8.579086074713985
3.7659193976478917,28.8237545825094,8.564173010712693
3.766419403200551,28.831323776525565,8.549317556009129
3.7669194087532034,28.839002303618027,8.53452083568817
3.767419414305863,28.84678834689406,8.519783776246499
3.767919419858515,28.85468011249796,8.505107101343668
3.7684194254111745,28.86267583012999,8.490491328420916
3.7689194309638268,28.870773753448308,8.475936766182144
3.769419436516486,28.8789721603555,8.461443512926678
3.7699194420691384,28.88726935317096,8.447011455726425
3.770419447621798,28.89566365868981,8.432640270443358
3.77091945317445,28.904153428128524,8.418329422587647
3.7714194587271086,28.91273703695726,8.404078169017595
3.7719194642797618,28.921412884619382,8.389885560478433
3.772419469832421,28.930179394140502,8.375750444965036
3.7729194753850734,28.939035011630427,8.361671471883966
3.773419480937733,28.94797820568269,8.347647096982342
3.773919486490385,28.957007466676476,8.333675588009072
3.7744194920430436,28.9661213059857,8.319755031073413
3.774919497595697,28.97531825510073,8.305883337663943
3.775419503148356,28.98459686466768,8.292058252289962
3.7759195087010076,28.99395570345124,8.278277360703385
3.776419514253668,29.003393357228006,8.264538098651599
3.77691951980632,29.012908427617727,8.250837761105885
3.7774195253589795,29.02249953086104,8.23717351190399
3.777919530911632,29.032165296552293,8.223542393744339
3.778419536464291,29.04190436633609,8.20994133846878
3.7789195420169426,29.05171539257564,8.19636717757453
3.779419547569603,29.06159703700066,8.182816652899248
3.779919553122255,29.07154796934128,8.169286427431842
3.7804195586749136,29.081566865953363,8.155773096209316
3.780919564227567,29.091652408439373,8.142273197269077
3.781419569780226,29.10180328226777,8.12878322263532
3.7819195753328785,29.112018175393302,8.115299629321754
3.782419580885538,29.12229577688017,8.101818850335519
3.78291958643819,29.13263477553125,8.08833730565999
3.7834195919908495,29.14303385852751,8.074851413185542
3.783919597543502,29.15349171008328,8.061357599546085
3.784419603096161,29.16400701012396,8.047852310814477
3.7849196086488126,29.174578432992234,8.034332023010762
3.785419614201473,29.185204646188403,8.020793252382958
3.785919619754125,29.19588430914913,8.007232565428467
3.7864196253067837,29.20661607206748,7.993646588634618
3.786919630859437,29.217398574756345,7.980032017922412
3.7874196364120962,29.228230445556505,7.966385627785343
3.7879196419647485,29.23911030028986,7.952704280117018
3.788419647517408,29.25003674125849,7.93898493272448
3.78891965307006,29.261008356290077,7.9252246475219295
3.7894196586227196,29.27202371783082,7.9114205983960915
3.789919664175372,29.283081382087715,7.897570078730212
3.7904196697280312,29.294179888221606,7.883670508574653
3.7909196752806835,29.305317757592363,7.869719441454805
3.791419680833343,29.31649349305721,7.855714570808033
3.791919686385995,29.327705578323076,7.84165373604273
3.7924196919386546,29.338952477353928,7.827534928212174
3.792919697491307,29.35023263383376,7.813356295297495
3.7934197030439663,29.361544470685818,7.799116147095077
3.7939197085966176,29.37288638964842,7.784812959704993
3.794419714149278,29.3842567709073,7.770445379621094
3.79491971970193,29.395653972783705,7.756012227426794
3.7954197252545896,29.407076331477803,7.741512501100118
3.795919730807242,29.4185221608676,7.726945378925421
3.7964197363599013,29.429989752364527,7.712310222002401
3.7969197419125535,29.44147737482741,7.697606576339808
3.797419747465213,29.45298327453604,7.682834174523492
3.797919753017865,29.46450567522566,7.667992936948821
3.7984197585705246,29.476042778183967,7.65308297260492
3.798919764123177,29.487592762413243,7.638104579390216
3.7994197696758363,29.49915378486145,7.623058243930444
3.7999197752284886,29.51072398072686,7.6079446408650995
3.800419780781148,29.52230146384016,7.59276463157164
3.8009197863338002,29.53388432712729,7.577519262302701
3.8014197918864596,29.54547064315527,7.5622097617186625
3.801919797439112,29.557058464762765,7.546837537801537
3.8024198029917713,29.56864582577692,7.5314041741379185
3.8029198085444236,29.580230741818426,7.515911425554805
3.803419814097083,29.591811211197346,7.500361213088837
3.8039198196497352,29.60338521590257,7.484755618266718
3.8044198252023946,29.61495072268687,7.469096876680311
3.804919830755047,29.62650568424877,7.453387370846457
3.8054198363077063,29.63804804051125,7.437629622350272
3.8059198418603586,29.649575719996744,7.42182628327393
3.806419847413018,29.661086641297526,7.405980126916347
3.8069198529656703,29.672578714639744,7.390094037815317
3.8074198585183296,29.68404984353732,7.374171001098318
3.807919864070982,29.69549792652942,7.358214091207088
3.8084198696236413,29.70692085899225,7.342226460063273
3.8089198751762936,29.71831653501336,7.326211324760408
3.809419880728953,29.72968284931565,7.310171954875756
3.8099198862816053,29.74101769921769,7.2941116595012545
3.8104198918342647,29.752318986616395,7.278033774093473
3.810919897386917,29.7635846199784,7.2619416472451235
3.8114199029395763,29.77481251632507,7.245838627486961
3.8119199084922286,29.786000603195504,7.229728050237185
3.812419914044888,29.79714682057017,7.213613225024972
3.8129199195975403,29.808249122737475,7.197497423120126
3.8134199251501997,29.81930548008652,7.181383865692851
3.813919930702852,29.83031388081191,7.165275712607496
3.8144199362555113,29.84127233252069,7.149176051926332
3.8149199418081636,29.85217886373396,7.133087890177421
3.815419947360823,29.86303152527766,7.117014143429969
3.8159199529134753,29.873828391557275,7.100957629215117
3.8164199584661347,29.884567561712,7.084921059328082
3.816919964018787,29.895247160644125,7.068907033542473
3.8174199695714464,29.90586533992075,7.052918034260728
3.8179199751240986,29.91642027854614,7.036956422113917
3.818419980676758,29.92691018360503,7.0210244325091935
3.8189199862294103,29.9373332907793,7.005124173109522
3.8194199917820697,29.94768786474228,6.989257622214211
3.819919997334722,29.95797219943764,6.9734266279904205
3.8204200028873814,29.9681846182524,6.957632908486062
3.8209200084400337,29.978323474095912,6.941878052336875
3.821420013992693,29.988387149397525,6.926163520074567
3.8219200195453453,29.99837405603588,6.910490645940541
3.8224200250980047,30.00828263521248,6.8948606401117445
3.822920030650657,30.01811135728178,6.879274591248986
3.8234200362033164,30.027858721548725,6.863733469285847
3.8239200417559687,30.03752325604356,6.84823812838664
3.824420047308628,30.04710351728145,6.832789310016125
3.8249200528612803,30.056598090013427,6.817387646074337
3.8254200584139397,30.06600558697357,6.802033662058619
3.825920063966592,30.07532464862617,6.786727780225647
3.8264200695192514,30.084553942915484,6.771470322733364
3.8269200750719037,30.093692165019757,6.756261514751316
3.827420080624563,30.102738037110555,6.741101487530358
3.8279200861772154,30.111690308118582,6.725990281423066
3.8284200917298747,30.12054775350745,6.710927848844165
3.828920097282527,30.12930917505729,6.695914057156159
3.8294201028351864,30.137973400660485,6.680948691463698
3.8299201083878387,30.146539284131965,6.66603145729718
3.830420113940498,30.15500570503684,6.651161983165338
3.8309201194931504,30.163371568538228,6.636339822955392
3.8314201250458098,30.17163580526751,6.621564458162936
3.831920130598462,30.179797371219465,6.606835299934005
3.8324201361511214,30.1878552476739,6.592151690905837
3.8329201417037737,30.19580844114449,6.577512906841321
3.833420147256433,30.203655983353965,6.562918158062416
3.8339201528090854,30.21139693123346,6.5483665907001125
3.8344201583617448,30.21903036694305,6.533857287779938
3.834920163914397,30.22655539791114,6.519389270162975
3.8354201694670564,30.233971156889083,6.504961497367361
3.8359201750197087,30.2412768020166,6.4905728683033885
3.836420180572368,30.24847151689232,6.476222221965116
3.8369201861250204,30.25555451064306,6.461908338124914
3.83742019167768,30.262525017985585,6.44762993807862
3.837920197230332,30.26938229927417,6.433385685490634
3.8384202027829906,30.276125640527063,6.419174187390496
3.8389202083356437,30.28275435342532,6.404993995370376
3.839420213888303,30.289267775278933,6.3908436070207415
3.8399202194409554,30.29566526895792,6.376721467623781
3.840420224993615,30.301946222788025,6.362625972104922
3.840920230546267,30.308110050412445,6.348555467234149
3.8414202360989265,30.314156190621496,6.334508254062428
3.8419202416515787,30.32008410715263,6.320482590575381
3.842420247204238,30.32589328846309,6.306476694547968
3.8429202527568904,30.331583247477237,6.292488746584468
3.84342025830955,30.337153521310118,6.278516893332238
3.843920263862202,30.34260367096887,6.264559250858127
3.8444202694148606,30.34793328103317,6.2506139081782806
3.8449202749675138,30.35314195931544,6.236678930935852
3.845420280520173,30.35822933650069,6.222752365227592
3.8459202860728254,30.363195065765225,6.20883224158672
3.846420291625485,30.368038822372192,6.194916579134457
3.846920297178137,30.372760303242444,6.181003389914537
3.8474203027307965,30.377359226498307,6.167090683427119
3.8479203082834488,30.381835330978397,6.153176471376668
3.848420313836108,30.386188375721428,6.139258772649015
3.8489203193887596,30.39041813941792,6.125335618526378
3.84942032494142,30.394524419829867,6.111405058138956
3.849920330494072,30.398507033180795,6.097465164135855
3.8504203360467315,30.40236581352074,6.083514038540869
3.850920341599384,30.40610061207242,6.0695498187459975
3.851420347152043,30.40971129656615,6.055570683586041
3.8519203527046946,30.41319775057135,6.04157485943486
3.852420358257355,30.41655987283292,6.027560626261078
3.852920363810007,30.41979757662034,6.013526323583648
3.8534203693626656,30.422910789097305,5.999470356268205
3.853920374915319,30.425899450719264,5.9853912001075855
3.854420380467978,30.42876351466611,5.971287407132593
3.8549203860206305,30.43150294631644,5.957157610602906
3.85542039157329,30.43411772276939,5.943000529632371
3.855920397125942,30.43660783241896,5.928814973411079
3.8564204026786015,30.438973274584352,5.914599844996246
3.856920408231254,30.441214059199027,5.900354144651061
3.857420413783913,30.443330206560717,5.886076972712687
3.8579204193365646,30.445321747144664,5.871767531972154
3.858420424889225,30.44718872148195,5.857425129550165
3.858920430441877,30.44893118010432,5.843049178257132
3.8594204359945357,30.45054918355696,5.828639197425531
3.859920441547189,30.452042802480594,5.814194813202448
3.860420447099848,30.453412117765478,5.79971575828219
3.8609204526524996,30.454657220780263,5.785201871054085
3.86142045820516,30.455778213679288,5.770653094138822
3.861920463757812,30.456775209790635,5.756069472292012
3.8624204693104716,30.457648334087104,5.741451149659184
3.862920474863124,30.458397723740823,5.726798366373856
3.8634204804157832,30.45902352876114,5.712111454500132
3.8639204859684355,30.459525912712955,5.697390833339483
3.864420491521095,30.459905053509157,5.682637004147523
3.864920497073747,30.46016114426746,5.66785054433231
3.8654205026264066,30.46029439421955,5.653032101224483
3.865920508179059,30.46030502965841,5.638182385522953
3.8664205137317182,30.460193294909622,5.623302164522954
3.8669205192843696,30.459959453312656,5.608392255229916
3.86742052483703,30.459603788199555,5.593453517454321
3.867920530389682,30.459126603859424,5.57848684697214
3.8684205359423416,30.45852822647913,5.563493168823868
3.868920541494994,30.457809005051907,5.548473430813687
3.8694205470476533,30.4569693122462,5.533428597265015
3.8699205526003055,30.456009545228348,5.518359643081567
3.870420558152965,30.454930126432927,5.503267548158533
3.870920563705617,30.45373150427637,5.488153292177572
3.8714205692582766,30.45241415381103,5.473017849805672
3.871920574810929,30.45097857731905,5.457862186303174
3.8724205803635883,30.449425304847,5.442687253532256
3.8729205859162397,30.447754894683136,5.42749398635209
3.8734205914689,30.445967933778967,5.412283299387724
3.8739205970215522,30.444065038116115,5.397056084164007
3.8744206025742116,30.442046853019065,5.381813206600697
3.874920608126864,30.439914053414117,5.366555504865232
3.8754206136795233,30.43766734403548,5.35128378757625
3.8759206192321756,30.435307459580223,5.335998832344671
3.876420624784835,30.432835164814577,5.320701384632542
3.8769206303374872,30.43025125463449,5.305392156908113
3.8774206358901466,30.42755655408328,5.290071828076094
3.877920641442799,30.4247519183276,5.274741043171105
3.8784206469954583,30.421838232592712,5.259400413310232
3.8789206525481106,30.418816412055897,5.244050515909862
3.87942065810077,30.415687401697756,5.228691895171778
3.8799206636534223,30.412452176111223,5.213325062837299
3.8804206692060816,30.40911173927028,5.197950499196111
3.880920674758734,30.40566712426208,5.1825686543207325
3.8814206803113933,30.402119392987693,5.16717994948786
3.8819206858640456,30.398469635837493,5.151784778740307
3.882420691416705,30.394718971346837,5.136383510546693
3.8829206969693573,30.39086854583698,5.120976489521524
3.8834207025220167,30.38691953304476,5.105564038178841
3.883920708074669,30.382873133743807,5.090146458697632
3.8844207136273283,30.37873057535963,5.074724034682134
3.8849207191799806,30.37449311158045,5.059297032902009
3.88542072473264,30.37016202196484,5.043865705004208
3.8859207302852923,30.365738611546572,5.028430289194148
3.8864207358379517,30.361224210435893,5.0129910118910175
3.886920741390604,30.35662017341653,4.99754808936288
3.8874207469432633,30.35192787953765,4.982101729348386
3.8879207524959156,30.347148731699548,4.96665213267309
3.888420758048575,30.34228415623173,4.951199494870792
3.8889207636012273,30.33733560246148,4.9357440078258605
3.8894207691538867,30.332304542270396,4.9202858614543175
3.889920774706539,30.32719246963636,4.904825245443874
3.8904207802591984,30.322000900158574,4.88936235107181
3.8909207858118506,30.316731370563435,4.873897373116819
3.89142079136451,30.31138543819011,4.858430511874332
3.8919207969171623,30.30596468045609,4.842961975274875
3.8924208024698217,30.30047069430436,4.827491981091384
3.892920808022474,30.29490509563533,4.812020759214192
3.8934208135751334,30.289269518726748,4.796548553967824
3.8939208191277856,30.28356561564509,4.781075626444817
3.894420824680445,30.277795055652145,4.765602256827833
3.8949208302330973,30.27195952461108,4.750128746668622
3.8954208357857567,30.26606072439704,4.734655421085449
3.895920841338409,30.2601003723178,4.719182630837452
3.8964208468910684,30.254080200550465,4.703710754230627
3.8969208524437207,30.248001955600408,4.688240198809154
3.89742085799638,30.241867397788532,4.672771402785202
3.8979208635490323,30.23567830077341,4.657304836158374
3.8984208691016917,30.229436451114868,4.641841001474546
3.898920874654344,30.22314364788569,4.626380434173427
3.8994208802070034,30.21680170233769,4.61092370247826
3.8999208857596557,30.21041243762634,4.595471406794275
3.900420891312315,30.203977688596297,4.580024178600013
3.9009208968649673,30.197499301627246,4.564582678834711
3.9014209024176267,30.190979134538253,4.549147595797166
3.901920907970279,30.18441905654745,4.533719642579314
3.9024209135229384,30.17782094828377,4.518299554061542
3.9029209190755907,30.171186701846366,4.502888083502086
3.90342092462825,30.16451822090688,4.487485998759212
3.9039209301809024,30.157817420849167,4.472094078186984
3.9044209357335617,30.15108622894133,4.456713106245587
3.904920941286214,30.14432658453467,4.441343868867193
3.9054209468388734,30.137540439283708,4.425987148623278
3.9059209523915257,30.130729757380088,4.410643719749515
3.906420957944185,30.123896515791976,4.395314343093276
3.9069209634968374,30.117042704499795,4.379999761054336
3.9074209690494968,30.11017032672,4.36470069258408
3.907920974602149,30.10328139911025,4.349417828295259
3.9084209801548084,30.09637795195158,4.334151825716504
3.9089209857074607,30.08946202930469,4.318903304716002
3.90942099126012,30.082535689137565,4.303672843115976
3.9099209968127724,30.07560100342175,4.288460972520596
3.9104210023654318,30.06866005819435,4.273268174380661
3.910921007918084,30.06171495358258,4.2580948763210245
3.9114210134707426,30.054767803787428,4.2429414487585575
3.9119210190233957,30.04782073702243,4.227808201842748
3.912421024576055,30.040875895403023,4.212695382755356
3.9129210301287074,30.033935434782315,4.197603173402939
3.913421035681367,30.02700152453005,4.182531688527689
3.913921041234019,30.02007634725425,4.167480974243858
3.9144210467866785,30.013162098467287,4.152451006986155
3.9149210523393307,30.006260986200264,4.137441692843026
3.91542105789199,29.9993752305695,4.122452867247063
3.9159210634446424,29.992507063297037,4.107484295008987
3.916421068997302,29.985658727185093,4.092535670697743
3.916921074549954,29.978832475542397,4.077606619383602
3.9174210801026126,29.9720305715604,4.062696697761595
3.9179210856552658,29.965255287638342,4.047805395665165
3.918421091207925,29.95850890465814,4.032932137963172
3.9189210967605774,29.95179371121169,4.018076286822236
3.919421102313237,29.945112002784896,4.003237144303228
3.919921107865889,29.938466080903417,3.9884139552542015
3.9204211134185476,29.9318582522464,3.973605910452591
3.9209211189712008,29.92529082773394,3.958812149954582
3.92142112452386,29.91876612159214,3.9440317666221176
3.9219211300765124,29.912286450397666,3.929263809814472
3.922421135629172,29.905854132102107,3.914507289242664
3.922921141181824,29.899471485036067,3.89976117898874
3.9234211467344835,29.89314082689405,3.885024421682459
3.923921152287136,29.88686447370436,3.870295932804453
3.924421157839795,29.880644738792355,3.855574605050606
3.9249211633924466,29.874483931749136,3.840859312667988
3.925421168945107,29.8683843574169,3.8261489156726327
3.925921174497759,29.862348314899467,3.811442263887301
3.9264211800504176,29.85637809660024,3.7967382007798
3.926921185603071,29.850475987285883,3.782035567116651
3.92742119115573,29.844644263171148,3.767333204467605
3.9279211967083825,29.83888519101909,3.752629958604871
3.928421202261042,29.83320102725109,3.737924682842788
3.928921207813694,29.82759401706032,3.723216241364725
3.9294212133663535,29.82206639352396,3.708503512577636
3.929921218919006,29.81662037670955,3.693785392526905
3.930421224471665,29.811258172773485,3.679060798389969
3.9309212300243166,29.8059819730502,3.66432867205981
3.931421235576977,29.800793953130928,3.6495879838274448
3.931921241129629,29.795696271929675,3.634837736182419
3.9324212466822877,29.79069107073273,3.6200769677610936
3.932921252234941,29.78578047222669,3.6053047574813775
3.9334212577876,29.780966579499783,3.5905202289060014
3.9339212633402525,29.776251475011986,3.5757225548696
3.934421268892912,29.771637219530646,3.560910962396491
3.934921274445564,29.76712585103028,3.546084737920012
3.9354212799982227,29.762719383558387,3.531243232789848
3.935921285550876,29.758419806074407,3.516385869014272
3.9364212911035352,29.75422908127506,3.5015121451339724
3.9369212966561875,29.75014914442427,3.486621642087784
3.937421302208847,29.74618190220728,3.471714028918768
3.937921307761499,29.742329231626293,3.456789068185884
3.9384213133141586,29.73859297895145,3.4418466209748715
3.938921318866811,29.734974958737205,3.42688665142947
3.9394213244194702,29.73147695291232,3.411909230739724
3.9399213299721216,29.72810070995012,3.396914540534908
3.940421335524782,29.724847944124654,3.3819028756375644
3.940921341077434,29.72172033485755,3.366874646140218
3.9414213466300936,29.718719526160044,3.351830378770046
3.941921352182746,29.71584712617392,3.3367707175122234
3.9424213577354053,29.713104706814004,3.3216964234698594
3.9429213632880575,29.71049380351389,3.306608373947625
3.943421368840717,29.708015915074768,3.2915075607590154
3.943921374393369,29.705672503615787,3.276395087768464
3.9444213799460286,29.703464994622784,3.261272167693164
3.944921385498681,29.70139477709026,3.2461401182028737
3.9454213910513403,29.699463203750067,3.231000357367975
3.9459213966039917,29.697671591378334,3.2158543985216568
3.946421402156652,29.696021221170533,3.2007038446142246
3.946921407709304,29.694513339173845,3.185550382142651
3.9474214132619636,29.693149156767177,3.1703957747320715
3.947921418814616,29.691929851180824,3.1552418564295124
3.9484214243672753,29.69085656605041,3.1400905247529067
3.9489214299199276,29.689930412001036,3.1249437335266066
3.949421435472587,29.6891524672576,3.109803485534229
3.9499214410252392,29.68852377827675,3.0946718250259835
3.9504214465778986,29.688045360394877,3.079550830122031
3.950921452130551,29.687718198486717,3.0644426051564158
3.9514214576832103,29.68754324762935,3.049349273001297
3.9519214632358626,29.687521433767632,3.034272967403723
3.952421468788522,29.68765365437804,3.019215825357662
3.9529214743411742,29.68794077912935,3.0041799795260147
3.9534214798938336,29.68838365053857,2.9891675507233515
3.953921485446486,29.688983084621736,2.974180640465022
3.9544214909991453,29.689739871539427,2.9592213235825118
3.9549214965517976,29.69065477623792,2.944291640900019
3.955421502104457,29.691728539086725,2.92939359196626
3.9559215076571093,29.692961876512825,2.914529127839643
3.9564215132097686,29.69435548163157,2.8997001439280155
3.956921518762421,29.695910024874323,2.8849084728830974
3.9574215243150803,29.697626154613467,2.8701558775453577
3.9579215298677326,29.699504497786165,2.855444043928713
3.958421535420392,29.70154566051893,2.840774574230437
3.9589215409730443,29.70375022875526,2.826148979848369
3.9594215465257037,29.70611876888819,2.811568674392305
3.959921552078356,29.708651828398278,2.797034966685373
3.9604215576310153,29.71134993649641,2.7825490537616417
3.9609215631836676,29.714213604769405,2.7681120138758786
3.961421568736327,29.717243327824747,2.753724799553879
3.9619215742889793,29.72043958392872,2.7393882307312083
3.9624215798416387,29.72380283562909,2.725102988047354
3.962921585394291,29.727333530351792,2.7108696063815216
3.9634215909469503,29.7310321009595,2.69668846872338
3.9639215964996026,29.734898966260506,2.6825598004731432
3.964421602052262,29.73893453145557,2.6684836642660343
3.9649216076049143,29.74313918851124,2.6544599554145805
3.9654216131575737,29.747513316448973,2.6404883980524403
3.965921618710226,29.75205728154287,2.6265685420376883
3.9664216242628854,29.756771437423776,2.612699760634684
3.9669216298155376,29.76165612509176,2.5988812489597706
3.967421635368197,29.76671167284145,2.585112023157052
3.9679216409208493,29.77193839610529,2.571390920264747
3.9684216464735087,29.77733659722007,2.557716598732668
3.968921652026161,29.78290656512084,2.544087539557353
3.9694216575788204,29.788648574965315,2.5305020480132043
3.9699216631314727,29.794562887688716,2.516958255979887
3.970421668684132,29.800649749486503,2.5034541248866446
3.9709216742367843,29.80690939122022,2.4899874493134746
3.9714216797894437,29.813342027739758,2.476555861300227
3.971921685342096,29.819947857114688,2.463156835424286
3.9724216908947554,29.826727059766363,2.4497876947128248
3.9729216964474077,29.833679797492845,2.43644561745225
3.973421702000067,29.840806212380222,2.423127644947783
3.9739217075527193,29.848106425595653,2.409830690270468
3.9744217131053787,29.85558053605933,2.39655154801514
3.974921718658031,29.86322861899425,2.3832869050794443
3.9754217242106904,29.871050724354504,2.3700333524591315
3.9759217297633427,29.87904687513565,2.3567873980343563
3.976421735316002,29.88721706557325,2.343545480297877
3.9769217408686544,29.895561259238526,2.3303039829580428
3.9774217464213137,29.904079387041747,2.3170592503331875
3.977921751973966,29.912771345156283,2.3038076034362405
3.9784217575266254,29.92163699287913,2.2905453566268648
3.9789217630792777,29.93067615044636,2.2772688346855148
3.979421768631937,29.93988859682481,2.263974390142863
3.9799217741845894,29.949274067503865,2.250658420676217
3.9804217797372488,29.95883225231311,2.237317386370393
3.980921785289901,29.968562793292413,2.223947826633122
3.9814217908425604,29.97846528263912,2.2105463765707896
3.9819217963952127,29.988539260753125,2.1971097826591404
3.982421801947872,29.998784214396352,2.183634917578786
3.9829218075005244,30.009199574979203,2.170118794115467
3.9834218130531838,30.019784716984518,2.156558578040631
3.983921818605836,30.03053895653772,2.1429515999033697
3.9844218241584954,30.041461550129483,2.129295365683163
3.9849218297111477,30.05255169349481,2.1155875662698804
3.985421835263807,30.063808520651,2.1018260857527764
3.9859218408164594,30.07523110309509,2.088009008510824
3.986421846369119,30.086818449160177,2.074134625108769
3.986921851921771,30.09856950352854,2.0602014370139727
3.9874218574744305,30.110483146897963,2.0462081601619104
3.9879218630270827,30.12255819579631,2.0321537274071773
3.988421868579742,30.134793402538605,2.0180372899054646
3.9889218741323944,30.147187455320086,2.00385821747642
3.989421879685054,30.15973897843817,1.9896160980020736
3.989921885237706,30.172446532636314,1.975310735916139
3.9904218907903646,30.185308615562285,1.9609421498415716
3.9909218963430177,30.198323662332875,1.946510569439056
3.991421901895677,30.211490046196197,1.932016431535743
3.9919219074483294,30.224806079281223,1.9174603756146096
3.992421913000989,30.238270013423463,1.902843238753377
3.992921918553641,30.25188004105464,1.8881660501060933
3.9934219241063005,30.265634296145866,1.8734300250128229
3.9939219296589528,30.279530855196423,1.8586365587973148
3.994421935211612,30.293567738265416,1.843787220275118
3.9949219407642644,30.30774291004731,1.828883744963747
3.995421946316924,30.3220542809938,1.8139280279745835
3.995921951869576,30.33649970848428,1.7989221165683489
3.9964219574222355,30.3510769980462,1.7838682023631236
3.9969219629748878,30.365783904625506,1.7687686131932878
3.997421968527547,30.380618133907085,1.753625804618764
3.9979219740801986,30.395577343685787,1.7384423510802662
3.998421979632859,30.41065914528925,1.7232209366894151
3.998921985185511,30.425861105054835,1.7079643456355882
3.9994219907381696,30.44118074586294,1.6926754521898033
3.999921996290823,30.45661554872917,1.677357210286658
4.000422001843482,30.472162954457133,1.6620126426677757
4.0009220073961345,30.487820365353635,1.6466448295733187
4.001422012948794,30.50358514700683,1.6312568969762251
4.001922018501446,30.51945463012628,1.615852004365621
4.0024220240541055,30.535426112442067,1.600433332102483
4.002922029606758,30.551496860658148,1.5850040683855011
4.003422035159417,30.56766411245349,1.5695673958761347
4.0039220407120695,30.583925078523954,1.554126478040757
4.004422046264729,30.60027694465721,1.5386844452690127
4.004922051817381,30.616716873833237,1.5232443808286291
4.0054220573700405,30.633242008342872,1.5078093067157
4.005922062922693,30.649849471916852,1.4923821694618198
4.006422068475352,30.66653637185628,1.4769658259688183
4.0069220740280045,30.683299801154103,1.4615630294558173
4.007422079580664,30.70013684059463,1.4461764156215224
4.007922085133316,30.717044560816152,1.430808489141583
4.0084220906859755,30.73402002432013,1.4154616106342246
4.008922096238628,30.751060287408848,1.400137984238711
4.009422101791287,30.76816240203337,1.3848396459536332
4.0099221073439395,30.78532341753401,1.3695684528780134
4.010422112896599,30.802540382257405,1.3543260734836338
4.010922118449251,30.8198103450369,1.3391139790276156
4.011422124001911,30.83713035652483,1.3239334361967394
4.011922129554563,30.85449747036758,1.308785501060271
4.012422135107222,30.87190874421517,1.2936710143975745
4.0129221406598745,30.889361240558912,1.2785905984553096
4.013422146212534,30.9068520273926,1.263544655172268
4.013922151765186,30.92437817869544,1.2485333658882212
4.014422157317846,30.94193677473779,1.2335566925312662
4.014922162870498,30.959524902212287,1.218614380263773
4.015422168423157,30.977139654193454,1.2037059615647934
4.0159221739758095,30.994778129928683,1.1888307617284966
4.016422179528469,31.01243743446228,1.1739879057645055
4.016922185081121,31.03011467809432,1.1591763266909538
4.017422190633781,31.04780697567511,1.144394775212504
4.017922196186433,31.06551144573721,1.129641830771391
4.018422201739092,31.08322520946819,1.1149159139468736
4.0189222072917445,31.100945389529144,1.1002153001628017
4.019422212844404,31.11866910872676,1.085538134644878
4.019922218397056,31.136393488548197,1.0708824485520267
4.020422223949716,31.15411564757003,1.056246176193298
4.020922229502368,31.171832699753462,1.0416271732339055
4.021422235055027,31.189541752638437,1.0270232357890734
4.0219222406076796,31.20723990545,1.0124321202985411
4.022422246160339,31.224924247131906,0.9978515640633248
4.022922251712991,31.242591854322733,0.9832793063201848
4.023422257265651,31.260239789291063,0.9687131097229836
4.023922262818303,31.27786509784568,0.954150782100328
4.024422268370962,31.29546480723714,0.93959019835944
4.024922273923615,31.31303592406582,0.92502932241365
4.025422279476274,31.3305754322096,0.9104662290264968
4.025922285028926,31.348080290782548,0.8958991254810655
4.026422290581586,31.365547432134136,0.8813263729959431
4.026922296134238,31.38297375989818,0.8667465078131897
4.027422301686897,31.400356147100645,0.8521582618831474
4.02792230723955,31.417691434335197,0.8375605830733264
4.028422312792209,31.43497642801499,0.8229526548314254
4.028922318344861,31.45220789870853,0.8083339152377391
4.029422323897521,31.46938257956737,0.7937040753819247
4.029922329450173,31.486497164854818,0.7790631369894356
4.030422335002832,31.503548308586996,0.7644114092026939
4.030922340555485,31.520532623300085,0.749749524403768
4.031422346108144,31.537446678958705,0.7350784529556904
4.031922351660796,31.554287002020104,0.7203995167402013
4.032422357213456,31.571050074668637,0.7057144013729157
4.032922362766108,31.587732334234676,0.6910251669774823
4.033422368318767,31.60433017281273,0.6763342573965474
4.03392237387142,31.620839937093507,0.6616445077154367
4.034422379424079,31.637257928424265,0.6469591499788976
4.034922384976731,31.653580403110688,0.6322818169894617
4.035422390529391,31.669803572971528,0.6176165440905947
4.035922396082043,31.685923606155605,0.602967768852892
4.036422401634702,31.7019366282282,0.5883403285999407
4.036922407187355,31.717838723531493,0.5737394557307027
4.037422412740014,31.733625936820754,0.5591707708187528
4.037922418292666,31.749294275174638,0.544640273494565
4.038422423845326,31.76483971017529,0.5301543311399541
4.038922429397978,31.78025818035179,0.5157196654408835
4.039422434950637,31.79554559387901,0.5013433368550295
4.03992244050329,31.810697831523065,0.4870327270609493
4.040422446055949,31.82571074982292,0.472795519465393
4.040922451608601,31.840580184496915,0.4586396778545634
4.041422457161261,31.85530195406236,0.4445734232790812
4.041922462713913,31.86987186365606,0.4306052092652237
4.042422468266572,31.88428570904336,0.4167436954470815
4.042922473819225,31.89853928080305,0.4029977197178027
4.043422479371884,31.912628368674827,0.3893762690017297
4.043922484924536,31.926548766055102,0.3758884487584168
4.044422490477196,31.940296274625904,0.3625434513379559
4.044922496029848,31.953866709100463,0.3493505233163319
4.045422501582507,31.96725590206755,0.3363189319532864
4.04592250713516,31.98045970891405,0.3234579309349499
4.046422512687819,31.99347401280218,0.3107767255908698
4.046922518240471,32.006294729674664,0.2982844377987703
4.047422523793131,32.01891781325951,0.2859900708058944
4.047922529345783,32.03133926004525,0.2739024742020888
4.048422534898442,32.043555114197495,0.262030309279595
4.048922540451095,32.05556147238843,0.2503820150107572
4.049422546003754,32.06735448851215,0.2389657748627769
4.049922551556406,32.078930378260765,0.2277894846532433
4.050422557109066,32.09028542353897,0.216860721629132
4.050922562661718,32.10141597669681,0.2061867149344323
4.051422568214377,32.112318464562314,0.1957743176155304
4.05192257376703,32.122989392257125,0.1856299803034176
4.052422579319689,32.13342534678,0.175759726696242
4.052922584872341,32.14362300034497,0.1661691309510047
4.053422590425001,32.153579113462584,0.1568632970781323
4.053922595977653,32.16329053775463,0.1478468404201862
4.054422601530312,32.172754218493104,0.1391238712871541
4.054922607082965,32.18196719685618,0.1306979808101118
4.055422612635624,32.19092661189479,0.1225722290632234
4.055922618188276,32.19962970220614,0.1147491354847147
4.056422623740936,32.20807380731235,0.1072306716103526
4.056922629293588,32.21625636874495,0.1000182561120368
4.057422634846247,32.22417493083754,0.0931127521210442
4.0579226403989,32.231827141230525,0.0865144668034929
4.058422645951559,32.23921075109249,0.0802231531455675
4.058922651504211,32.24632361506515,0.0742380138927671
4.059422657056871,32.253163690939616,0.0685577075735182
4.059922662609523,32.25972903907434,0.0631803565226221
4.0604226681621824,32.26601782156567,0.0581035568088168
4.060922673714835,32.272028301183425,0.0533243899636488
4.061422679267494,32.27775884008385,0.0488394364049895
4.061922684820146,32.2832078983124,0.0446447904512297
4.062422690372806,32.288374032107974,0.040736076824885
4.062922695925458,32.29325589202033,0.0371084685474727
4.0634227014781175,32.29785222085207,0.033756706127491
4.06392270703077,32.30216185143679,0.0306751179416551
4.064422712583429,32.306183704265294,0.0278576417096303
4.064922718136081,32.3099167849715,0.0252978469621893
4.065422723688741,32.31336018169065,0.0229889583959561
4.065922729241393,32.31651306230388,0.0209238799967863
4.0664227347940525,32.319374671585166,0.019095219796867
4.066922740346705,32.32194432826825,0.0174953151199588
4.067422745899364,32.32422142205061,0.0161162581708254
4.067922751452016,32.32620541055093,0.0149499218331925
4.068422757004676,32.32789581623447,0.0139879855560138
4.068922762557328,32.329292223319285,0.0132219612199548
4.0694227681099875,32.33039427467569,0.0126432188824594
4.06992277366264,32.33120166873033,0.0122430123050492
4.070422779215299,32.331714156386454,0.0120125041700305
4.070922784767951,32.33193153797053,0.0119427909002922
4.071422790320611,32.33185366021568,0.0120249269988903
4.071922795873263,32.331480413291594,0.0122499488279288
4.0724228014259225,32.330811727890634,0.0126088977484357
4.072922806978575,32.329847572379194,0.0130928425478771
4.073422812531234,32.32858795002252,0.0136929010894277
4.0739228180838865,32.32703289628988,0.0144002611278892
4.074422823636546,32.325182476246056,0.0152062002451032
4.074922829189198,32.323036782034244,0.0161021048656664
4.0754228347418575,32.320595930454566,0.0170794883199505
4.07592284029451,32.31786006064138,0.0181300079312336
4.076422845847169,32.314829331841324,0.0192454811140123
4.0769228513998215,32.31150392129264,0.0204179004812488
4.077422856952481,32.30788402220572,0.0216394479651569
4.077922862505133,32.303969841843475,0.0229025079646021
4.0784228680577925,32.29976159969983,0.0241996795382988
4.078922873610445,32.29525952577327,0.0255237876708349
4.079422879163104,32.29046385893228,0.0268678936422475
4.0799228847157565,32.28537484536909,0.0282253045336062
4.080422890268416,32.27999273713848,0.0295895819003817
4.080922895821068,32.274317790778774,0.0309545496396594
4.0814229013737275,32.26835026601345,0.0323143010704995
4.08192290692638,32.262090424532374,0.0336632052379002
4.082422912479039,32.255538528853066,0.034995912443918
4.0829229180316915,32.24869484126242,0.0363073590056615
4.083422923584351,32.24155962283975,0.0375927712389625
4.083922929137003,32.23413313256174,0.0388476686671026
4.0844229346896626,32.22641562649005,0.0400678664543363
4.084922940242315,32.21840735704161,0.0412494770687033
4.085422945794974,32.21010857234155,0.04238891117879
4.0859229513476265,32.20151951565884,0.0434828777895575
4.086422956900286,32.192640424924406,0.0445283836249643
4.086922962452938,32.183471532331104,0.0455227317652884
4.087422968005598,32.17401306401481,0.0464635195519065
4.08792297355825,32.16426523981536,0.0473486357737442
4.088422979110909,32.154228273115955,0.0481762571521642
4.0889229846635615,32.143902370759285,0.04894484414271
4.089422990216221,32.13328773303843,0.0496531360734877
4.089922995768873,32.12238455376037,0.0503001456440586
4.090423001321533,32.11119302037908,0.0508851528119009
4.090923006874185,32.09971331419548,0.0514076980948914
4.091423012426844,32.08794561062059,0.0518675753211539
4.0919230179794965,32.07589007949912,0.0522648238556371
4.092423023532156,32.06354688549007,0.0525997203326369
4.092923029084808,32.05091618850149,0.0528727699230842
4.093423034637468,32.03799814417634,0.053084697163996
4.09392304019012,32.024792904426306,0.053236436380132
4.094423045742779,32.011300618009884,0.0533291217300586
4.0949230512954315,31.9975214311508,0.0533640769137377
4.095423056848091,31.983455488191566,0.0533428045849575
4.095923062400743,31.969102932276822,0.0532669755172321
4.096423067953403,31.954463906060305,0.0531384175746723
4.096923073506055,31.93953855242952,0.0529591045404345
4.097423079058714,31.92432701524272,0.0527311448483942
4.097923084611367,31.9088294400738,0.0524567702576632
4.098423090164026,31.89304597496172,0.0521383244991398
4.098923095716678,31.87697677116195,0.0517782519181935
4.099423101269338,31.860621983897705,0.0513790861339771
4.09992310682199,31.84398177310903,0.0509434387340093
4.100423112374649,31.827056304197143,0.0504739880277327
4.100923117927302,31.809845748760345,0.0499734678914194
4.101423123479961,31.792350285316257,0.0494446567504667
4.101923129032613,31.77457010000452,0.048890366749049
4.102423134585273,31.756505387264497,0.0483134331536234
4.102923140137925,31.73815635048443,0.0477167040229176
4.103423145690584,31.71952320262021,0.0471030301612529
4.103923151243237,31.700606166783334,0.0464752553611447
4.104423156795896,31.68140547679801,0.0458362069389579
4.104923162348548,31.66192137772702,0.0451886865682524
4.105423167901208,31.6421541263658,0.0445354614189739
4.10592317345386,31.622103991704144,0.043879255608374
4.106423179006519,31.60177125535563,0.0432227419670994
4.106923184559172,31.581156211955395,0.0425685341161283
4.107423190111831,31.560259169528045,0.0419191788435
4.107923195664483,31.539080449827814,0.0412771487659711
4.108423201217143,31.51762038865325,0.0406448352588029
4.108923206769795,31.49587933613826,0.0400245416412587
4.109423212322454,31.473857657020996,0.0394184766088585
4.109923217875107,31.451555730890064,0.0388287479170514
4.110423223427766,31.42897395240648,0.0382573563330481
4.110923228980418,31.406112731497423,0.0377061898883823
4.111423234533078,31.382972493517578,0.0371770184700892
4.11192324008573,31.359553679373192,0.0366714887904322
4.112423245638389,31.33585674560443,0.0361911197745712
4.112923251191042,31.311882164421533,0.0357372984030917
4.113423256743701,31.287630423690736,0.0353112760454905
4.113923262296353,31.26310202686642,0.0349141653139497
4.114423267849013,31.23829749286688,0.0345469374606466
4.114923273401665,31.213217355891583,0.0342104203377289
4.115423278954324,31.187862165178103,0.0339052969362114
4.115923284506977,31.162232484696663,0.0336321045216436
4.116423290059636,31.13632889278057,0.0333912343824067
4.116923295612288,31.11015198169122,0.0331829322024077
4.117423301164948,31.08370235711761,0.0330072990597614
4.1179233067176,31.056980637611467,0.0328642930441844
4.118423312270259,31.02998745396037,0.0327537314739743
4.118923317822912,31.00272344850258,0.0326752936846901
4.119423323375571,30.975189274387844,0.0326285243542088
4.119923328928223,30.947385594789125,0.0326128373261269
4.120423334480883,30.919313082069912,0.0326275198937651
4.120923340033535,30.890972416911595,0.0326717375089629
4.121423345586194,30.86236428740498,0.0327445388832075
4.121923351138847,30.833489388109815,0.0328448614507976
4.122423356691506,30.80434841908592,0.0329715371645136
4.122923362244158,30.77494208489931,0.0331232985967631
4.123423367796818,30.74527109360696,0.0332987853181805
4.12392337334947,30.715336155723826,0.0334965505225852
4.124423378902129,30.68513798317649,0.033715067864648
4.124923384454782,30.654677288247584,0.0339527384757047
4.125423390007441,30.623954782514808,0.0342078981274198
4.125923395560093,30.59297117578773,0.0344788245168956
4.126423401112753,30.56172717504524,0.0347637446505757
4.126923406665405,30.53022348337607,0.0350608423065637
4.127423412218064,30.498460798924413,0.035368265558958
4.127923417770717,30.466439813842054,0.0356841343529765
4.128423423323376,30.43416121324832,0.036006548119559
4.128923428876028,30.4016256741996,0.0363335934141844
4.129423434428688,30.36883386467133,0.0366633515583885
4.12992343998134,30.335786442555257,0.0369939062577771
4.130423445533999,30.30248405467529,0.0373233511710111
4.130923451086652,30.268927335824195,0.037649797410836
4.131423456639311,30.235116907822505,0.0379713809645068
4.131923462191963,30.20105337860059,0.0382862700264468
4.132423467744623,30.166737341304717,0.0385926722348131
4.132923473297275,30.132169373428876,0.0388888417970747
4.133423478849934,30.097350035975158,0.0391730864817532
4.133923484402587,30.06227987264625,0.0394437744459708
4.134423489955246,30.02695940907443,0.0396993408622563
4.134923495507898,29.99138915209211,0.0399382943031412
4.135423501060558,29.955569589049404,0.0401592228375307
4.13592350661321,29.919501187184807,0.0403607997885444
4.1364235121658695,29.88318439305551,0.0405417890991657
4.136923517718522,29.846619632033786,0.0407010502514708
4.137423523271181,29.80980730787568,0.0408375426883651
4.137923528823833,29.7727478023677,0.040950329689906
4.138423534376493,29.73544147505678,0.0410385816605867
4.138923539929145,29.697888663067825,0.0411015787902613
4.1394235454818045,29.660089681011875,0.0411387130639866
4.139923551034457,29.62204482098609,0.0411494896091539
4.140423556587116,29.583754352664734,0.0411335273849431
4.140923562139768,29.545218523478955,0.0410905592310371
4.141423567692428,29.50643755888214,0.0410204313000122
4.14192357324508,29.467411662697558,0.0409231018993523
4.1424235787977395,29.4281410175449,0.0407986397678996
4.142923584350392,29.388625785342832,0.0406472218101328
4.143423589903051,29.34886610788437,0.0404691303110951
4.143923595455703,29.308862107482074,0.0402647496558188
4.144423601008363,29.268613887679763,0.040034562578171
4.144923606561015,29.22812153402719,0.0397791459659515
4.1454236121136745,29.187385114913283,0.0394991662568884
4.145923617666327,29.14640468245193,0.0391953744723139
4.146423623218986,29.105180273412547,0.0388686009499679
4.1469236287716384,29.063711910186797,0.0385197498443687
4.147423634324298,29.021999601782547,0.038149793465493
4.14792363987695,28.98004334483688,0.0377597665206508
4.1484236454296095,28.93784312464089,0.0373507603163716
4.148923650982262,28.895398916170148,0.0369239169683908
4.149423656534921,28.85271068511644,0.036480423654666
4.1499236620875735,28.80977838891762,0.0360215069331673
4.150423667640233,28.76660197778483,0.0355484271308625
4.150923673192885,28.72318139572723,0.0350624727990407
4.1514236787455445,28.67951658157554,0.0345649552241411
4.151923684298197,28.635607470005084,0.0340572029852523
4.152423689850856,28.591453992558804,0.0335405565534756
4.1529236954035085,28.54705607866956,0.0330163629368769
4.153423700956168,28.50241365667994,0.0324859703830213
4.15392370650882,28.457526654857787,0.0319507231531304
4.1544237120614795,28.412395002404985,0.0314119563842325
4.154923717614132,28.367018630457917,0.0308709910522395
4.155423723166791,28.321397473077653,0.0303291290487095
4.1559237287194435,28.27553146822786,0.0297876483868151
4.156423734272103,28.22942055873778,0.0292477985559571
4.156923739824755,28.18306469324717,0.0287107960480739
4.1574237453774145,28.136463827130157,0.0281778200803444
4.157923750930067,28.089617923394226,0.0276500085411726
4.158423756482726,28.04252695355074,0.0271284541893521
4.1589237620353785,27.995190898452712,0.0266142011377326
4.159423767588038,27.94760974909622,0.0261082416506042
4.15992377314069,27.89978350738253,0.0256115132759191
4.16042377869335,27.85171218683925,0.0251248963251669
4.160923784246002,27.803395813300043,0.0246492117030072
4.161423789798661,27.754834425542715,0.0241852190861209
4.1619237953513135,27.70602807588629,0.0237336154456784
4.162423800903973,27.65697683074808,0.0232950339027695
4.162923806456625,27.60768077116272,0.0228700428994272
4.163423812009285,27.558139993266156,0.0224591456601217
4.163923817561937,27.508354608747798,0.0220627799151031
4.164423823114596,27.45832474527393,0.0216813178594463
4.1649238286672485,27.40805054688509,0.0213150663243482
4.165423834219908,27.35753217436924,0.0209642671433982
4.16592383977256,27.3067698056123,0.0206290977016578
4.16642384532522,27.25576363592624,0.0203096716620052
4.166923850877872,27.204513878354703,0.0200060398695143
4.167423856430531,27.153020763955045,0.0197181914405462
4.1679238619831835,27.101284542055296,0.0194460550475525
4.168423867535843,27.049305480484232,0.0191895004130344
4.168923873088495,26.99708386577292,0.0189483400244228
4.169423878641155,26.94462000332652,0.0187223310789761
4.169923884193807,26.891914217565176,0.0185111776660278
4.170423889746466,26.838966852032947,0.0183145331947969
4.1709238952991186,26.78577826947369,0.0181320030744416
4.171423900851778,26.73234885187329,0.0179631476506472
4.17192390640443,26.678679000468087,0.0178074853987482
4.17242391195709,26.624769135719944,0.0176644963676153
4.172923917509742,26.5706196972592,0.0175336258644733
4.173423923062401,26.51623114379702,0.017414288365984
4.173923928615054,26.46160395300934,0.0173058716372054
4.174423934167713,26.406738621395192,0.0172077410340989
4.174923939720365,26.35163566411317,0.0171192439585468
4.175423945273025,26.29629561480022,0.017039714430183
4.175923950825677,26.240719025377626,0.0169684777343377
4.176423956378336,26.184906465849487,0.0169048551026946
4.176923961930989,26.128858524098945,0.0168481683818697
4.177423967483648,26.07257580568744,0.0167977446464533
4.1779239730363,26.01605893366196,0.0167529207156462
4.17842397858896,25.959308548374555,0.0167130475364274
4.178923984141612,25.902325307317845,0.0166774944035807
4.179423989694271,25.84510988497894,0.0166456529947254
4.179923995246924,25.78766297271347,0.0166169412065073
4.180424000799583,25.729985278641447,0.0165908067766338
4.180924006352235,25.67207752756743,0.0165667306711156
4.181424011904895,25.61394046092837,0.0165442302080407
4.181924017457547,25.55557483677282,0.0165228618875517
4.182424023010206,25.496981429774927,0.0165022238991525
4.182924028562859,25.438161031286544,0.0164819582783195
4.183424034115518,25.379114449431,0.0164617526834263
4.18392403966817,25.319842509242328,0.0164413417604123
4.18442404522083,25.26034605285332,0.0164205080683359
4.184924050773482,25.200625939734184,0.0163990825493272
4.185424056326141,25.140683046981977,0.0163769445417472
4.185924061878794,25.080518269659425,0.0163540213468991
4.186424067431453,25.02013252118087,0.0163302873670545
4.186924072984105,24.95952673374267,0.0163057628355431
4.187424078536765,24.89870185879489,0.016280512164883
4.187924084089417,24.837658867550484,0.0162546419425382
4.188424089642076,24.776398751527445,0.0162282986103718
4.188924095194729,24.71492252311892,0.0162016658690618
4.189424100747388,24.653231216185524,0.0161749618522435
4.18992410630004,24.59132588666444,0.0161484361151167
4.1904241118527,24.52920761319044,0.0161223664761109
4.190924117405352,24.466877497724624,0.0160970557450923
4.191424122958011,24.404336666187632,0.0160728283647131
4.191924128510664,24.34158626909397,0.0160500269906833
4.192424134063323,24.278627482184227,0.0160290090377657
4.192924139615975,24.21546150705176,0.0160101432185797
4.193424145168635,24.15208957176026,0.0159938061029549
4.193924150721287,24.088512931449483,0.0159803787217356
4.194424156273946,24.02473286892607,0.0159702432371773
4.194924161826599,23.960750695237817,0.0159637796946867
4.195424167379258,23.896567750229828,0.0159613628675288
4.19592417293191,23.83218540308199,0.0159633591986505
4.19642417848457,23.767605052827484,0.0159701238420666
4.196924184037222,23.702828128852463,0.0159819978017594
4.197424189589881,23.63785609137756,0.0159993051630067
4.197924195142534,23.57269043192192,0.0160223504098553
4.198424200695193,23.507332673750103,0.0160514158257569
4.198924206247845,23.441784372301576,0.0160867589794406
4.199424211800505,23.376047115601757,0.0161286103034115
4.199924217353157,23.310122524653973,0.0161771707716695
4.200424222905816,23.2440122538109,0.0162326096865115
4.200924228458469,23.17771799112364,0.0162950625898758
4.201424234011128,23.111241458665383,0.0163646293235899
4.20192423956378,23.044584412825795,0.016441372270691
4.20242424511644,22.977748644571594,0.0165253148126396
4.202924250669092,22.91073597966916,0.0166164400383195
4.203424256221751,22.843548278864752,0.016714689738734
4.203924261774404,22.776187438018702,0.0168199637182056
4.204424267327063,22.7086553881905,0.0169321194460962
4.204924272879715,22.640954095672846,0.0170509720654763
4.205424278432375,22.57308556197362,0.0171762947661022
4.205924283985027,22.505051823746086,0.0173078195199991
4.206424289537686,22.436854952668742,0.0174452381675109
4.206924295090339,22.368497055277423,0.0175882038329007
4.207424300642998,22.299980272752823,0.0177363326429258
4.20792430619565,22.231306780667516,0.0178892057165285
4.20842431174831,22.162478788696472,0.0180463713913923
4.208924317300962,22.0934985402956,0.0182073476519519
4.2094243228536214,22.024368312352465,0.0183716247242387
4.209924328406274,21.95509041481356,0.0185386678019767
4.210424333958933,21.88566719029228,0.018707919870792
4.210924339511585,21.816101013660965,0.0188788046028207
4.211424345064245,21.746394291629656,0.01905072929992
4.211924350616897,21.67654946231413,0.0192230878655266
4.2124243561695565,21.60656899479629,0.0193952637795291
4.212924361722209,21.53645538868124,0.0195666330412791
4.213424367274868,21.46621117365573,0.0197365670427416
4.21392437282752,21.39583890905252,0.0199044353351212
4.21442437838018,21.325341183423685,0.0200696082645777
4.214924383932832,21.254720614124263,0.0202314594651511
4.2154243894854915,21.183979846906468,0.020389368208157
4.215924395038144,21.11312155552413,0.0205427216105817
4.216424400590803,21.04214844134756,0.0206909167015396
4.216924406143455,20.97106323298924,0.0208333623428416
4.217424411696115,20.899868685941517,0.0209694809959444
4.217924417248767,20.82856758222702,0.0210987103276636
4.2184244228014265,20.75716273006271,0.0212205046501026
4.218924428354079,20.685656963537262,0.0213343361947977
4.219424433906738,20.614053142301596,0.0214396962251726
4.21992443945939,20.54235415127137,0.0215360959961401
4.22042444501205,20.470562900339576,0.0216230675765132
4.220924450564702,20.39868232409619,0.02170016455986
4.2214244561173615,20.32671538155148,0.0217669626909469
4.221924461670014,20.25466505586045,0.0218230604295115
4.222424467222673,20.182534354046958,0.0218680794632746
4.2229244727753255,20.110326306726996,0.0219016651746812
4.223424478327985,20.038043967830745,0.0219234870649529
4.223924483880637,19.965690414323085,0.0219332391386046
4.2244244894332965,19.893268745921947,0.0219306402536574
4.224924494985949,19.820782084813395,0.0219154344468393
4.225424500538608,19.748233575362462,0.0218873912424157
4.2259245060912605,19.67562638381848,0.0218463059550799
4.22642451164392,19.60296369801411,0.021791999993411
4.226924517196572,19.53024872705755,0.0217243211696143
4.2274245227492315,19.45748470101748,0.0216431440179007
4.227924528301884,19.38467487060081,0.0215483701226162
4.228424533854543,19.311822506823315,0.021439928455436
4.2289245394071955,19.238930900673253,0.0213177757204903
4.229424544959855,19.166003362768443,0.0211818967052579
4.229924550512507,19.093043223006827,0.0210323046358382
4.230424556065159,19.02005383021067,0.0208690415367698
4.230924561617819,18.947038551764216,0.0206921785967324
4.231424567170471,18.874000773245083,0.0205018165378874
4.2319245727231305,18.800943898050715,0.0202980859792489
4.232424578275783,18.72787134702204,0.0200811477758406
4.232924583828442,18.654786558067062,0.0198511933124336
4.2334245893810944,18.58169298578676,0.0196084447327109
4.233924594933754,18.50859410110449,0.0193531550937109
4.234424600486406,18.43549339089938,0.0190856084431914
4.2349246060390655,18.36239435764311,0.018806119823381
4.235424611591718,18.289300519040363,0.0185150352002665
4.235924617144377,18.21621540767372,0.0182127313120474
4.2364246226970295,18.14314257065468,0.0178996154228059
4.236924628249689,18.0700855692827,0.0175761249667232
4.237424633802341,17.99704797871406,0.017242727067753
4.2379246393550005,17.92403338764206,0.0168999179234674
4.238424644907653,17.851045397989434,0.0165482220449462
4.238924650460312,17.77808762461384,0.0161881913467709
4.2394246560129645,17.705163695027387,0.0158204040790224
4.239924661565624,17.632277249131896,0.0154454635872411
4.240424667118276,17.559431938972637,0.0150639968790073
4.2409246726709355,17.486631428513768,0.0146766529699107
4.241424678223588,17.41387939343841,0.0142841009860319
4.241924683776247,17.34117952097529,0.0138870280067067
4.2424246893288995,17.268535509751896,0.0134861366478844
4.242924694881559,17.195951069673132,0.013082142395234
4.243424700434211,17.123429921823124,0.0126757707051865
4.2439247059868705,17.050975798387743,0.0122677538941218
4.244424711539523,16.97859244259463,0.0118588278423317
4.244924717092182,16.906283608666588,0.0114497285452728
4.2454247226448345,16.834053061783603,0.011041188552241
4.245924728197494,16.761904578047467,0.0106339333400455
4.246424733750146,16.689841944442815,0.0102286776730693
4.246924739302806,16.617868958788026,0.0098261220026643
4.247424744855458,16.545989429669604,0.0094269489577811
4.247924750408117,16.474207176354117,0.0090318199752914
4.2484247559607695,16.402526028672337,0.0086413721136295
4.248924761513429,16.330949826870647,0.0082562150894318
4.249424767066081,16.259482421425904,0.0078769285689475
4.249924772618741,16.188127672820904,0.0075040597373856
4.250424778171393,16.11688945127882,0.0071381211583911
4.250924783724052,16.04577163645618,0.0067795889291062
4.2514247892767045,15.974778117094012,0.0064289011321534
4.251924794829364,15.903912790626974,0.0060864565869565
4.252424800382016,15.833179562749832,0.0057526139054289
4.252924805934676,15.762582346940151,0.0054276908613815
4.253424811487328,15.69212506393573,0.0051119640851595
4.253924817039987,15.621811641165642,0.0048056690937983
4.2544248225926395,15.55164601213364,0.0045090006656778
4.254924828145299,15.481632115753149,0.0042221135670956
4.255424833697951,15.411773895633116,0.0039451236358161
4.255924839250611,15.342075299314256,0.0036781092264277
4.256424844803263,15.272540277455455,0.0034211130185326
4.256924850355922,15.20317278297072,0.003174144185408
4.257424855908575,15.133976770117512,0.0029371809160352
4.257924861461234,15.064956193537608,0.0027101732813434
4.258424867013886,14.996115007252282,0.0024930464305725
4.258924872566546,14.927457163614005,0.0022857040991652
4.259424878119198,14.858986612218924,0.0020880323948517
4.259924883671857,14.790707298785662,0.0018999038157403
4.26042488922451,14.722623164007937,0.0017211814405868
4.260924894777169,14.654738142388894,0.0015517232264983
4.261424900329821,14.587056161064895,0.001391386351969
4.261924905882481,14.519581138625467,0.0012400315501963
4.262424911435133,14.452316983935097,0.0010975273872873
4.262924916987792,14.38526759496166,0.0009637544463885
4.263424922540445,14.318436857616206,0.0008386093803949
4.263924928093104,14.251828644608617,0.000722008795293
4.264424933645756,14.185446814324068,0.0006138929265375
4.264924939198416,14.11929520972453,0.0005142290727064
4.265424944751068,14.053377657279212,0.000423014756393
4.265924950303727,13.987697965926984,0.000340280587352
4.26642495585638,13.922259926073307,0.0002660928087721
4.266924961409039,13.857067308622948,0.0002005555161872
4.267424966961691,13.792123864048891,0.0001438125466961
4.267924972514351,13.727433321496894,9.604904445836836e-05
4.268424978067003,13.662999387924478,5.749271156219038e-05
4.268924983619662,13.598825747273224,2.841475605919186e-05
4.269424989172315,13.534916059672986,9.130548306757191e-06
4.269924994724974,13.471273960676427,0.0
